system:index,B2,B3,B4,B8,NDWI,SWIR1,SWIR2,latitude,longitude,.geo
0,1228,915,754,594,0.21272365748882294,557,408,-7.305338538319927,72.38061037758625,"{""type"":""Point"",""coordinates"":[72.38063659631389,-7.305317212050705]}"
2,1568,1194,861,667,0.2831810712814331,677,501,-7.2919221263388785,72.41144013520086,"{""type"":""Point"",""coordinates"":[72.41147124948338,-7.291902466439484]}"
4,1156,821,655,514,0.2299625426530838,574,452,-7.343240414821492,72.40794109230703,"{""type"":""Point"",""coordinates"":[72.40797580467537,-7.343273840832117]}"
5,1252,928,768,604,0.2114882469177246,555,397,-7.348677716464451,72.38157058870307,"{""type"":""Point"",""coordinates"":[72.38161495809294,-7.3487031082696435]}"
6,1351,1031,782,714,0.18166188895702362,575,450,-7.3257179335254845,72.40844078974133,"{""type"":""Point"",""coordinates"":[72.40846753001422,-7.32570669644179]}"
7,3495,3770,2409,966,0.5920608043670654,810,609,-7.341153144773998,72.43297929947413,"{""type"":""Point"",""coordinates"":[72.43300482635445,-7.34116368042838]}"
8,3298,3381,1946,722,0.6480624079704285,639,478,-7.331758322986356,72.4334498853561,"{""type"":""Point"",""coordinates"":[72.43343087324742,-7.331789085606661]}"
9,1374,1041,853,654,0.22831858694553375,638,473,-7.323073248733598,72.41185759983932,"{""type"":""Point"",""coordinates"":[72.41185167434642,-7.323052743930957]}"
10,1194,862,783,522,0.24566474556922913,620,477,-7.3064099244244085,72.38224644101064,"{""type"":""Point"",""coordinates"":[72.3822645797805,-7.306376494361725]}"
11,1258,971,805,622,0.2190834879875183,629,490,-7.327643640711658,72.39262718721723,"{""type"":""Point"",""coordinates"":[72.3925933401136,-7.327684789944135]}"
12,1212,967,878,607,0.228716641664505,592,488,-7.313275990404105,72.36981653971453,"{""type"":""Point"",""coordinates"":[72.3697953732999,-7.3133068419558755]}"
13,1373,1043,858,690,0.20369301736354828,661,513,-7.343735352975115,72.42594420224552,"{""type"":""Point"",""coordinates"":[72.42593244029098,-7.343757085620849]}"
14,1351,1014,829,676,0.20000000298023224,669,491,-7.27876621559299,72.41966063745211,"{""type"":""Point"",""coordinates"":[72.41965064787304,-7.278762792735771]}"
16,1305,962,770,613,0.22158730030059814,611,447,-7.339045165547679,72.40148723197885,"{""type"":""Point"",""coordinates"":[72.40151675209597,-7.339056746404696]}"
17,3100,3270,2258,1679,0.32147908210754395,1300,853,-7.348908804182904,72.43430515636658,"{""type"":""Point"",""coordinates"":[72.43433573967907,-7.348903987986047]}"
18,1311,989,798,664,0.19661222398281097,617,460,-7.283067318977889,72.43597167253292,"{""type"":""Point"",""coordinates"":[72.43599390664346,-7.283061890623814]}"
19,1499,1084,806,640,0.25754061341285706,647,498,-7.293467397216758,72.42203317991277,"{""type"":""Point"",""coordinates"":[72.4220764105749,-7.293463767283009]}"
20,1772,1529,1478,1159,0.137648805975914,1136,872,-7.330581863503459,72.37419778356036,"{""type"":""Point"",""coordinates"":[72.37418952399784,-7.3306257380349304]}"
21,1496,1202,861,638,0.3065217435359955,585,447,-7.335514312142045,72.42642390471735,"{""type"":""Point"",""coordinates"":[72.42639856028775,-7.335487639704795]}"
22,1236,952,796,634,0.20050440728664398,562,405,-7.323868827564453,72.39024697951066,"{""type"":""Point"",""coordinates"":[72.39028164553345,-7.323828848092079]}"
23,1252,982,824,626,0.22139303386211395,646,482,-7.331081824433736,72.3917487454276,"{""type"":""Point"",""coordinates"":[72.39177571477907,-7.331058499293591]}"
24,3049,3384,2267,857,0.5958500504493713,614,375,-7.346745194175441,72.43383628311327,"{""type"":""Point"",""coordinates"":[72.4338246323409,-7.346774125179832]}"
25,1234,952,811,609,0.219730943441391,591,437,-7.307469752910195,72.38541998046493,"{""type"":""Point"",""coordinates"":[72.38541734040828,-7.307475166008451]}"
26,1482,1137,892,729,0.21864952147006989,702,531,-7.303999168392871,72.43830200805088,"{""type"":""Point"",""coordinates"":[72.4383433338656,-7.304038722869171]}"
27,1367,1034,835,683,0.20442631840705872,674,506,-7.277419709622115,72.40662766787575,"{""type"":""Point"",""coordinates"":[72.40661531128436,-7.277450938346338]}"
28,1293,985,815,667,0.19249394536018372,596,425,-7.335215748312093,72.39440310022198,"{""type"":""Point"",""coordinates"":[72.39438638792768,-7.335256043478247]}"
29,1242,895,741,609,0.19015957415103912,593,462,-7.331841186393743,72.3988094800293,"{""type"":""Point"",""coordinates"":[72.39876465281726,-7.331812639109561]}"
30,1263,905,701,592,0.20908483633934535,559,410,-7.298890416981077,72.37341685522361,"{""type"":""Point"",""coordinates"":[72.37341588433925,-7.298880214905205]}"
31,1165,861,717,524,0.24332129955291748,587,440,-7.328751885514162,72.40131856082265,"{""type"":""Point"",""coordinates"":[72.40133413201629,-7.328749516734646]}"
34,1273,982,817,655,0.19975565373897552,627,464,-7.306936107101189,72.38433062639359,"{""type"":""Point"",""coordinates"":[72.38431142613102,-7.306894410172699]}"
36,2732,2412,1020,683,0.5586429834365845,703,523,-7.326929129393773,72.43911081834645,"{""type"":""Point"",""coordinates"":[72.43915321499973,-7.326896621040715]}"
37,1619,1262,902,721,0.2728189527988434,696,528,-7.2934535214892104,72.3999658917156,"{""type"":""Point"",""coordinates"":[72.40000739156552,-7.293430455749643]}"
40,1643,1216,899,757,0.23264065384864807,725,543,-7.2893471817180595,72.40563255146323,"{""type"":""Point"",""coordinates"":[72.40559447276803,-7.289329283144756]}"
41,1244,951,811,611,0.21766965091228485,549,407,-7.345885149377295,72.40452414597762,"{""type"":""Point"",""coordinates"":[72.4045224297112,-7.345908746244835]}"
42,1316,978,761,604,0.23640960454940796,577,429,-7.296008382732512,72.43227203096693,"{""type"":""Point"",""coordinates"":[72.43230030086958,-7.295970358177805]}"
43,1347,1025,820,683,0.20023418962955475,655,492,-7.283145239472815,72.43760009327583,"{""type"":""Point"",""coordinates"":[72.43761286723661,-7.28315645073755]}"
44,1299,996,849,648,0.21167883276939392,653,497,-7.344828447652924,72.38904897551251,"{""type"":""Point"",""coordinates"":[72.38904894977483,-7.344789376328807]}"
45,1316,1026,845,651,0.22361359000205994,663,485,-7.28928803155712,72.43728521901356,"{""type"":""Point"",""coordinates"":[72.43727816836655,-7.289263955593564]}"
46,1766,1367,853,667,0.34414947032928467,656,507,-7.331196676442241,72.42422015932416,"{""type"":""Point"",""coordinates"":[72.42422092471458,-7.331157412460121]}"
47,1254,976,878,660,0.19315403699874878,593,440,-7.335158934843733,72.38997064638919,"{""type"":""Point"",""coordinates"":[72.3899547670727,-7.335200694073641]}"
48,1183,901,735,557,0.2359396368265152,537,386,-7.33429437707826,72.37286900027354,"{""type"":""Point"",""coordinates"":[72.37283217067373,-7.334332214043654]}"
49,1358,1044,834,671,0.2174927145242691,615,459,-7.293418682589001,72.42845390459667,"{""type"":""Point"",""coordinates"":[72.42847112667052,-7.2934460981268705]}"
50,1378,1061,873,699,0.20568181574344635,684,523,-7.279517661494048,72.40383996701567,"{""type"":""Point"",""coordinates"":[72.40380231361928,-7.279496888803794]}"
51,2731,2833,1970,1210,0.4014345705509186,846,526,-7.3143486336197645,72.4310554959222,"{""type"":""Point"",""coordinates"":[72.4310148295993,-7.314370811653159]}"
52,3299,3585,2449,949,0.58138507604599,886,656,-7.285813424788194,72.38317690169343,"{""type"":""Point"",""coordinates"":[72.3831447366959,-7.285821187709846]}"
53,1322,984,792,628,0.22084367275238037,629,475,-7.282929991982939,72.43027321350294,"{""type"":""Point"",""coordinates"":[72.43028768695359,-7.28292812562504]}"
55,1158,899,738,539,0.25034770369529724,583,449,-7.330302695576078,72.39925004110493,"{""type"":""Point"",""coordinates"":[72.39928290695708,-7.330267634833056]}"
58,1223,999,840,610,0.2417650669813156,575,430,-7.348193005974036,72.40978787471279,"{""type"":""Point"",""coordinates"":[72.40975561420505,-7.348157221500323]}"
60,1332,1005,810,657,0.20938627421855927,693,524,-7.2836180221477465,72.43480021515033,"{""type"":""Point"",""coordinates"":[72.43478583046947,-7.283645756758588]}"
61,1284,1042,897,702,0.19495412707328796,615,467,-7.327922046671085,72.3916343678901,"{""type"":""Point"",""coordinates"":[72.391655242797,-7.327896618614551]}"
62,1208,928,787,578,0.2324037253856659,612,476,-7.3195624010797165,72.38650610401167,"{""type"":""Point"",""coordinates"":[72.38648655841047,-7.319595213362762]}"
63,2582,2385,1111,775,0.5094936490058899,747,571,-7.348152463975476,72.43873129443608,"{""type"":""Point"",""coordinates"":[72.43868851367844,-7.348190374071245]}"
64,1289,948,731,607,0.21929261088371277,583,452,-7.335723880345197,72.42262675219959,"{""type"":""Point"",""coordinates"":[72.42263343332841,-7.335763951337402]}"
65,1224,932,786,607,0.2111760883690708,597,445,-7.304732875485849,72.3770784862602,"{""type"":""Point"",""coordinates"":[72.37708320055148,-7.304750620851315]}"
66,1337,1014,800,721,0.16887608170509338,633,464,-7.343032326356421,72.42340626791066,"{""type"":""Point"",""coordinates"":[72.42340206368385,-7.343075896994942]}"
67,1534,1175,820,598,0.32543709874153137,608,467,-7.31400942687873,72.44000657935746,"{""type"":""Point"",""coordinates"":[72.44001636261662,-7.313969067266346]}"
68,1482,1099,855,802,0.15623356401920319,654,447,-7.343102511314122,72.39039265837746,"{""type"":""Point"",""coordinates"":[72.39035071974305,-7.343059868563608]}"
69,1269,971,794,614,0.22523659467697144,623,460,-7.342134492195413,72.3989781276938,"{""type"":""Point"",""coordinates"":[72.39898969532328,-7.342170430979719]}"
70,1222,988,963,593,0.2498418688774109,685,533,-7.348050230344051,72.40481199694665,"{""type"":""Point"",""coordinates"":[72.40484026607604,-7.3480925663637455]}"
71,1554,1185,870,701,0.25662779808044434,665,496,-7.289927124370855,72.40057233734126,"{""type"":""Point"",""coordinates"":[72.40055611966189,-7.28990385738101]}"
72,2356,2364,1663,955,0.4245254695415497,829,601,-7.294273016115356,72.39906767749603,"{""type"":""Point"",""coordinates"":[72.39909743036533,-7.294314824898849]}"
73,1398,1048,850,685,0.20946335792541504,671,502,-7.289671532707548,72.42245651510015,"{""type"":""Point"",""coordinates"":[72.42241269271821,-7.2896986372706225]}"
74,1382,1013,824,662,0.20955224335193634,645,481,-7.297699902178828,72.43545026725872,"{""type"":""Point"",""coordinates"":[72.43548912551468,-7.2977283718838395]}"
75,1268,969,810,657,0.19188192486763,610,446,-7.341707186132151,72.37183946064823,"{""type"":""Point"",""coordinates"":[72.37186354403681,-7.3416878758064525]}"
76,1402,1135,779,584,0.32053518295288086,578,435,-7.310729134082933,72.39629790201566,"{""type"":""Point"",""coordinates"":[72.39632453083884,-7.310770733449905]}"
78,3604,4106,3179,1376,0.49799343943595886,1091,723,-7.306765063214874,72.407030623071,"{""type"":""Point"",""coordinates"":[72.40705950545755,-7.306805006586283]}"
79,1177,846,655,512,0.24594992399215698,590,441,-7.332985612298429,72.40270744214529,"{""type"":""Point"",""coordinates"":[72.40272460592705,-7.333000533759873]}"
80,1391,1067,834,668,0.22997118532657623,677,513,-7.280740495049275,72.39733768611919,"{""type"":""Point"",""coordinates"":[72.39730824630759,-7.280781821038398]}"
81,3443,3337,1453,703,0.6519802212715149,681,505,-7.33273358316542,72.43580893666288,"{""type"":""Point"",""coordinates"":[72.43577300860032,-7.332711803084993]}"
83,3545,3507,1701,730,0.6554165482521057,705,519,-7.33301207754117,72.43481617860039,"{""type"":""Point"",""coordinates"":[72.4348017222612,-7.333003002634395]}"
84,1340,1015,819,651,0.21848739683628082,646,492,-7.294538205326382,72.43560700011821,"{""type"":""Point"",""coordinates"":[72.43559019420859,-7.294545480257808]}"
85,3562,3464,1599,706,0.6613909006118774,647,476,-7.327215925310248,72.43703281663608,"{""type"":""Point"",""coordinates"":[72.43700353119601,-7.32724572286552]}"
86,3617,3866,2351,911,0.6185890436172485,842,634,-7.341768591131006,72.43515475178266,"{""type"":""Point"",""coordinates"":[72.43517634705024,-7.341757850693014]}"
87,1241,905,738,588,0.21232417225837708,580,456,-7.338957259603101,72.41306401513201,"{""type"":""Point"",""coordinates"":[72.41309476426811,-7.338927011682828]}"
89,1426,1062,816,649,0.24137930572032928,650,485,-7.283291270783048,72.39437243485459,"{""type"":""Point"",""coordinates"":[72.39432947084211,-7.283285055679533]}"
90,1801,1774,1464,1049,0.2568189799785614,769,547,-7.317499506700553,72.40855920042013,"{""type"":""Point"",""coordinates"":[72.40857986611395,-7.317541098318046]}"
91,1264,978,810,618,0.2255639135837555,618,469,-7.3459615199174255,72.37051475017464,"{""type"":""Point"",""coordinates"":[72.37050887745316,-7.345976741007553]}"
92,3420,3809,2665,1098,0.5524760546158549,856,612,-7.281074171521482,72.37690099655237,"{""type"":""Point"",""coordinates"":[72.3769031645478,-7.281111980992677]}"
94,1319,988,831,639,0.21450522541999817,646,474,-7.28651021056675,72.43446051824168,"{""type"":""Point"",""coordinates"":[72.43444204512814,-7.286506602369845]}"
95,2610,2635,1574,760,0.5522827506065369,680,508,-7.305121089169498,72.42139833037407,"{""type"":""Point"",""coordinates"":[72.4213684800517,-7.305159162438634]}"
96,1214,898,683,566,0.22677595913410187,585,433,-7.3391295966098165,72.41415070977904,"{""type"":""Point"",""coordinates"":[72.41411279440196,-7.339174267046311]}"
97,1591,1283,817,641,0.33367982506752014,625,468,-7.303185827666829,72.43838622476915,"{""type"":""Point"",""coordinates"":[72.43839957512054,-7.303167104346565]}"
98,1367,1030,786,646,0.22911694645881653,607,450,-7.298364421015955,72.38336166676629,"{""type"":""Point"",""coordinates"":[72.38336134941783,-7.298399696298055]}"
99,1278,990,809,501,0.3279677927494049,581,402,-7.301816853586449,72.42842747395133,"{""type"":""Point"",""coordinates"":[72.42843644113923,-7.301849948957244]}"
100,1309,1007,811,638,0.22431610524654388,662,503,-7.287524756563032,72.43166473553667,"{""type"":""Point"",""coordinates"":[72.43166293728773,-7.28753523764252]}"
101,1267,919,734,621,0.19350649416446686,618,442,-7.332121661098014,72.39754533331514,"{""type"":""Point"",""coordinates"":[72.39751166621149,-7.332135023030385]}"
102,1409,1085,860,695,0.21910113096237183,707,537,-7.283805706731013,72.42195977215707,"{""type"":""Point"",""coordinates"":[72.42199939513999,-7.2838469603196625]}"
103,1145,872,745,493,0.277655690908432,460,314,-7.348536053091893,72.40029313881863,"{""type"":""Point"",""coordinates"":[72.40029999533643,-7.348579217410705]}"
104,1277,1013,863,598,0.2576039731502533,634,493,-7.343997946494303,72.42703159223926,"{""type"":""Point"",""coordinates"":[72.42701291318816,-7.3440299746313205]}"
105,1376,1034,798,719,0.17969195544719696,666,479,-7.347715281543203,72.38943268030319,"{""type"":""Point"",""coordinates"":[72.38947131659434,-7.347729785503512]}"
107,1364,1051,851,665,0.22494173049926758,678,505,-7.305601004055318,72.44138919265664,"{""type"":""Point"",""coordinates"":[72.44142494061337,-7.305602894540363]}"
108,1386,1071,834,648,0.24607330560684204,645,479,-7.283751666680254,72.4171662258441,"{""type"":""Point"",""coordinates"":[72.41719746767069,-7.283795045877486]}"
109,1297,964,792,621,0.2164037823677063,590,434,-7.3431356714248315,72.37402110202,"{""type"":""Point"",""coordinates"":[72.3739862425785,-7.343130374953187]}"
110,1776,1349,935,751,0.284761905670166,721,543,-7.3093003650302535,72.42993162653553,"{""type"":""Point"",""coordinates"":[72.42992473937385,-7.309342716003706]}"
111,1884,1967,1531,998,0.3268128037452698,767,555,-7.308100931639316,72.39754423602886,"{""type"":""Point"",""coordinates"":[72.39756158405619,-7.308081800919398]}"
112,1389,1044,813,639,0.24064171314239502,644,485,-7.285477557384201,72.41582275563958,"{""type"":""Point"",""coordinates"":[72.41581286766981,-7.2854875950311255]}"
113,1283,936,751,633,0.1931166347992352,579,416,-7.2995360445677555,72.37161281766187,"{""type"":""Point"",""coordinates"":[72.3716179337331,-7.299562302146859]}"
114,1212,857,667,575,0.19692736864089966,502,395,-7.311390674410108,72.3803845907319,"{""type"":""Point"",""coordinates"":[72.38036065599302,-7.3114316197178075]}"
115,1465,1135,907,757,0.19978858530521393,720,541,-7.2806943163088285,72.39145885417693,"{""type"":""Point"",""coordinates"":[72.39143049408437,-7.280665054196813]}"
116,1167,926,819,544,0.259863942861557,633,463,-7.325793825626607,72.41034073244717,"{""type"":""Point"",""coordinates"":[72.41034613309145,-7.325802254580275]}"
117,1279,906,752,606,0.1984127014875412,605,448,-7.348022043545756,72.40852026253623,"{""type"":""Point"",""coordinates"":[72.40856073605197,-7.347980067933307]}"
118,1354,990,740,606,0.24060150980949402,547,404,-7.315410322321387,72.39823266535186,"{""type"":""Point"",""coordinates"":[72.39826215678771,-7.315393470228455]}"
119,2899,2863,1523,730,0.5936543345451355,717,543,-7.315670641263263,72.43531636517042,"{""type"":""Point"",""coordinates"":[72.43532572362781,-7.315707654315701]}"
120,1201,927,707,562,0.24513095617294312,594,438,-7.330960776843621,72.39581800868923,"{""type"":""Point"",""coordinates"":[72.39584524089386,-7.330927988185697]}"
121,1070,774,629,419,0.2975691556930542,402,289,-7.334026871894359,72.37241472945108,"{""type"":""Point"",""coordinates"":[72.372410790458,-7.333983404610493]}"
123,1157,845,712,535,0.2246376872062683,579,448,-7.320805475864896,72.38931934594189,"{""type"":""Point"",""coordinates"":[72.38933303406873,-7.320798358423314]}"
124,1185,902,784,567,0.22804628312587738,589,456,-7.334560280425213,72.38553407496926,"{""type"":""Point"",""coordinates"":[72.38557403380517,-7.334604450007631]}"
125,3549,3514,1735,751,0.6478312015533447,699,515,-7.33292316620592,72.43463460617738,"{""type"":""Point"",""coordinates"":[72.43459710186903,-7.332881726958036]}"
126,1563,1160,856,679,0.26155519485473633,685,513,-7.3047732086548764,72.43152497777857,"{""type"":""Point"",""coordinates"":[72.43155146815079,-7.304732794442635]}"
127,1264,955,799,605,0.22435897588729858,598,437,-7.3191591912760625,72.38008132189414,"{""type"":""Point"",""coordinates"":[72.38009336261375,-7.319195239163118]}"
128,1634,1271,929,722,0.27546411752700806,737,557,-7.292065660333006,72.40438695934886,"{""type"":""Point"",""coordinates"":[72.40440929837071,-7.292052600699789]}"
129,1270,1027,835,621,0.2463592290878296,590,443,-7.3334967952717856,72.4186300738696,"{""type"":""Point"",""coordinates"":[72.4185846085718,-7.33345286334794]}"
130,1103,848,743,496,0.261904776096344,595,451,-7.317063890539898,72.37047811845414,"{""type"":""Point"",""coordinates"":[72.3704869128215,-7.317064127137804]}"
131,1353,1021,843,675,0.20400942862033844,655,506,-7.291830735506304,72.43540546088758,"{""type"":""Point"",""coordinates"":[72.43538927570071,-7.291817204974968]}"
132,3312,3791,2982,1178,0.5258603096008301,790,457,-7.343417440297622,72.43209221275569,"{""type"":""Point"",""coordinates"":[72.43206945369661,-7.343454514682906]}"
133,1428,1138,859,692,0.24371585249900818,617,453,-7.31780668082405,72.40376796814542,"{""type"":""Point"",""coordinates"":[72.40376582737527,-7.317797064395298]}"
134,3326,3206,1502,728,0.6298932433128357,695,528,-7.301746720204897,72.41386609597934,"{""type"":""Point"",""coordinates"":[72.41386649634181,-7.301767234665106]}"
135,1639,1324,838,695,0.3115403652191162,639,470,-7.321605160005349,72.41492154843675,"{""type"":""Point"",""coordinates"":[72.41491705733043,-7.321570218235537]}"
136,1382,1054,866,683,0.21358664333820343,678,507,-7.278991520517066,72.40175594251679,"{""type"":""Point"",""coordinates"":[72.40179899713327,-7.27896163614438]}"
137,1385,1088,912,691,0.2231590747833252,716,536,-7.281752152187586,72.41886935689632,"{""type"":""Point"",""coordinates"":[72.41884451101774,-7.28177686358246]}"
138,1326,1008,826,667,0.20358209311962128,659,482,-7.337833767788315,72.37054393133154,"{""type"":""Point"",""coordinates"":[72.3705798793796,-7.337834403053016]}"
139,1269,966,769,644,0.20000000298023224,624,431,-7.321268554537362,72.38778524805092,"{""type"":""Point"",""coordinates"":[72.38779243350484,-7.321245682945268]}"
140,2429,2502,1786,927,0.4593175947666168,891,669,-7.2824845076557665,72.38152399830958,"{""type"":""Point"",""coordinates"":[72.38148041008402,-7.282507316379067]}"
141,1173,840,654,544,0.21387283504009247,539,406,-7.339738721248648,72.38141250799819,"{""type"":""Point"",""coordinates"":[72.38142306512422,-7.339708764054284]}"
142,1293,983,831,642,0.2098461538553238,633,472,-7.280415080871058,72.4403827311336,"{""type"":""Point"",""coordinates"":[72.44035468924298,-7.280383810014598]}"
145,1692,1270,896,684,0.2998976409435272,664,505,-7.305458923147258,72.42447588327003,"{""type"":""Point"",""coordinates"":[72.42451724052654,-7.305448387612961]}"
146,1340,925,724,661,0.16645649075508118,617,480,-7.347207993031089,72.40869495233919,"{""type"":""Point"",""coordinates"":[72.40867258214752,-7.347245678938198]}"
148,1235,909,730,612,0.19526627659797668,589,462,-7.322089421989123,72.3867060837533,"{""type"":""Point"",""coordinates"":[72.38670877116517,-7.322107729683328]}"
149,1802,1344,849,700,0.31506848335266113,680,498,-7.319240966344788,72.44077022704089,"{""type"":""Point"",""coordinates"":[72.44073392049657,-7.319285718133191]}"
150,1667,1213,849,697,0.2701570689678192,657,488,-7.307499276372573,72.42928478996339,"{""type"":""Point"",""coordinates"":[72.42925871185837,-7.30750294445765]}"
151,1307,1041,862,717,0.18430034816265106,631,478,-7.333181542838648,72.37674999156947,"{""type"":""Point"",""coordinates"":[72.37675851141266,-7.333189351266753]}"
152,1558,1193,863,702,0.2591029107570648,674,499,-7.290024911013838,72.39957824039261,"{""type"":""Point"",""coordinates"":[72.39960093339764,-7.289987100471772]}"
153,4143,4487,3083,1072,0.6143191456794739,906,658,-7.305193750694913,72.41181212336204,"{""type"":""Point"",""coordinates"":[72.41185712444573,-7.305227004062949]}"
154,1249,980,810,675,0.18429003655910492,610,449,-7.324164263532641,72.38699310284018,"{""type"":""Point"",""coordinates"":[72.38695923818314,-7.324148463172498]}"
155,2259,2214,1573,887,0.4279264807701111,863,645,-7.298229246525723,72.41329675260523,"{""type"":""Point"",""coordinates"":[72.41333759104157,-7.298218373434738]}"
156,1764,1478,1213,1059,0.16515569388866425,1103,888,-7.348498191224055,72.42896553504701,"{""type"":""Point"",""coordinates"":[72.42897461527176,-7.3484872304744675]}"
157,1343,1035,911,707,0.1882893294095993,789,584,-7.333720623703072,72.37711586041716,"{""type"":""Point"",""coordinates"":[72.37713673956428,-7.333688956883024]}"
158,1192,868,753,534,0.2382310926914215,591,462,-7.331850801917168,72.42133089090129,"{""type"":""Point"",""coordinates"":[72.42133237827069,-7.331857259175498]}"
159,1187,938,804,573,0.2415618795499669,613,456,-7.30502815663956,72.37382469040722,"{""type"":""Point"",""coordinates"":[72.37386281110409,-7.30500683130847]}"
160,1283,966,803,603,0.23135755956172943,601,451,-7.307925901808045,72.37276110241935,"{""type"":""Point"",""coordinates"":[72.37276914807316,-7.3079042316102765]}"
161,1295,974,724,643,0.2047000676393509,524,379,-7.33495570764234,72.40489317991202,"{""type"":""Point"",""coordinates"":[72.40485004888602,-7.334922517600892]}"
162,1808,1545,1144,1052,0.18983443081378937,809,548,-7.347591778578033,72.42941082029449,"{""type"":""Point"",""coordinates"":[72.42942756907485,-7.347566732873051]}"
163,1432,1035,814,678,0.20840629935264587,670,501,-7.304458917115222,72.4372202569655,"{""type"":""Point"",""coordinates"":[72.43719783795052,-7.3044555926334445]}"
164,2377,2340,1224,722,0.5284128189086914,715,532,-7.341838791473356,72.43777824674574,"{""type"":""Point"",""coordinates"":[72.43782035546528,-7.3418324786395255]}"
165,1666,1222,901,688,0.2795811593532562,675,520,-7.295384178005707,72.419334591907,"{""type"":""Point"",""coordinates"":[72.41934933574002,-7.295393139398007]}"
167,1290,1008,851,697,0.18240469208211144,647,468,-7.2938173527926855,72.37554944330944,"{""type"":""Point"",""coordinates"":[72.3755226552435,-7.2938087372543405]}"
169,1424,1092,913,787,0.16232039034366608,627,438,-7.336659157805441,72.39459494882468,"{""type"":""Point"",""coordinates"":[72.39456724810697,-7.336687716569704]}"
170,1414,1062,882,707,0.20067834854125977,691,520,-7.28113921309732,72.41633249572004,"{""type"":""Point"",""coordinates"":[72.41637241026736,-7.28112849061252]}"
171,1516,1129,847,701,0.23387977480888367,696,520,-7.288224388606945,72.39884113492204,"{""type"":""Point"",""coordinates"":[72.39881280908203,-7.288254127725115]}"
172,1300,1008,829,661,0.20790892839431763,618,467,-7.343162485726387,72.40631240339957,"{""type"":""Point"",""coordinates"":[72.40626988765439,-7.34312001812538]}"
173,1185,915,889,527,0.26907074451446533,692,542,-7.3324150390346645,72.37059357089997,"{""type"":""Point"",""coordinates"":[72.3705766733524,-7.332449730040307]}"
174,1591,1186,887,689,0.26506665349006653,692,524,-7.312418648354253,72.43547235511262,"{""type"":""Point"",""coordinates"":[72.43546547547871,-7.3124011849302875]}"
175,1319,991,805,650,0.20780012011528015,656,495,-7.284502047243506,72.42540163892242,"{""type"":""Point"",""coordinates"":[72.42541017876566,-7.284488230455718]}"
176,1714,1324,981,743,0.28108370304107666,765,576,-7.295951979898711,72.41590221828737,"{""type"":""Point"",""coordinates"":[72.4159235964598,-7.295932081799127]}"
177,1289,986,871,679,0.18438439071178436,584,441,-7.3241311296016995,72.37939521833329,"{""type"":""Point"",""coordinates"":[72.37937289130916,-7.324175594429479]}"
178,1281,949,710,675,0.16871921718120575,571,431,-7.311745596166124,72.3932304791824,"{""type"":""Point"",""coordinates"":[72.39327072494936,-7.311719889164522]}"
179,1565,1171,803,632,0.29894620180130005,626,473,-7.29601077076257,72.4200628655332,"{""type"":""Point"",""coordinates"":[72.42003306783694,-7.295981246792022]}"
180,1308,991,811,677,0.1882493942975998,640,464,-7.312250174048124,72.37415027760298,"{""type"":""Point"",""coordinates"":[72.37415603150627,-7.312269123410979]}"
181,1183,890,747,540,0.24475523829460144,592,442,-7.313102300326258,72.38094015504508,"{""type"":""Point"",""coordinates"":[72.38092864798573,-7.31312864016644]}"
182,2405,2195,1156,677,0.5285515189170837,663,492,-7.3212564814625045,72.43698711412692,"{""type"":""Point"",""coordinates"":[72.43700036568443,-7.3212480541753875]}"
183,1865,1419,1127,1144,0.10729613900184631,932,802,-7.347036408237056,72.4193667274794,"{""type"":""Point"",""coordinates"":[72.41934357872648,-7.347039072626962]}"
184,3090,2969,1349,719,0.6100867390632629,691,517,-7.302739301256791,72.4139640745608,"{""type"":""Point"",""coordinates"":[72.41396725694717,-7.302758230749318]}"
185,1346,1003,825,669,0.19976076483726501,695,505,-7.347198364891161,72.42181009806386,"{""type"":""Point"",""coordinates"":[72.42180087316413,-7.347160385032964]}"
186,1263,1021,890,673,0.20543093979358673,597,463,-7.316051609181112,72.38503246179246,"{""type"":""Point"",""coordinates"":[72.38502532026173,-7.316008898341621]}"
187,2626,2735,1890,871,0.516916250693289,846,639,-7.2802445810064205,72.37915577398951,"{""type"":""Point"",""coordinates"":[72.3791705945647,-7.280249504365828]}"
188,1584,1200,831,672,0.28205129504203796,667,506,-7.3143044850356835,72.43684340698303,"{""type"":""Point"",""coordinates"":[72.43688399348731,-7.314284841900243]}"
189,1342,967,764,667,0.18359853327274323,613,451,-7.3457460349091015,72.42279391290631,"{""type"":""Point"",""coordinates"":[72.42275634269542,-7.345716099147199]}"
190,1430,1058,853,738,0.1781737208366394,658,479,-7.28575828232608,72.43834350781815,"{""type"":""Point"",""coordinates"":[72.43838242474776,-7.285769383873302]}"
192,1778,1452,947,736,0.3272394835948944,692,511,-7.281473618408365,72.38386784123524,"{""type"":""Point"",""coordinates"":[72.38389953354748,-7.281483628166508]}"
193,1218,970,840,608,0.22940431535243988,592,437,-7.345815448885836,72.40181009655078,"{""type"":""Point"",""coordinates"":[72.40183561248993,-7.3457911270312115]}"
194,1280,978,802,643,0.20666255056858063,577,440,-7.315595015255604,72.3976913943503,"{""type"":""Point"",""coordinates"":[72.397653918334,-7.31559483243145]}"
195,1259,916,756,631,0.18422754108905792,581,431,-7.332902851439499,72.40171188424235,"{""type"":""Point"",""coordinates"":[72.40173969888671,-7.332866530746475]}"
196,1508,1096,777,673,0.23911814391613007,580,409,-7.344805074862811,72.42776136669092,"{""type"":""Point"",""coordinates"":[72.42776128844974,-7.344848593829636]}"
197,1944,1516,1260,1124,0.14848485589027405,1128,812,-7.298586823837527,72.42568968205612,"{""type"":""Point"",""coordinates"":[72.4256934459274,-7.298566482354027]}"
198,3997,4410,3332,1090,0.6036363840103149,868,647,-7.305671236730709,72.4083789593542,"{""type"":""Point"",""coordinates"":[72.40836366620825,-7.305655732043717]}"
199,1278,1006,811,641,0.22161506116390228,585,403,-7.325410860393311,72.40129319560951,"{""type"":""Point"",""coordinates"":[72.40130829198218,-7.325422983622222]}"
200,1097,802,747,464,0.2669826149940491,556,436,-7.338448613674896,72.38483989048605,"{""type"":""Point"",""coordinates"":[72.38483074777758,-7.338407630962984]}"
201,1250,924,702,638,0.18309858441352844,568,404,-7.336266417796672,72.38681328574992,"{""type"":""Point"",""coordinates"":[72.3868081130938,-7.336235989883664]}"
202,1241,955,806,595,0.23225806653499603,592,449,-7.342295056510437,72.37772330534246,"{""type"":""Point"",""coordinates"":[72.37776305441159,-7.342334456479216]}"
203,2794,2679,2296,1504,0.2808988690376282,814,496,-7.334243961882915,72.42722819312188,"{""type"":""Point"",""coordinates"":[72.42720525349918,-7.334259120300433]}"
204,3907,4477,3321,1187,0.5808615684509277,913,665,-7.306475704413091,72.40947036707944,"{""type"":""Point"",""coordinates"":[72.40950839183091,-7.306444839108472]}"
205,2053,1871,1540,1095,0.2616318166255951,764,523,-7.3070316653280925,72.39563683884023,"{""type"":""Point"",""coordinates"":[72.39564469905505,-7.307058129115621]}"
206,1546,1189,831,661,0.28540539741516113,644,483,-7.3082967875127345,72.43128056957578,"{""type"":""Point"",""coordinates"":[72.43129092203533,-7.30829092653471]}"
207,1397,1059,867,718,0.191896453499794,655,493,-7.290549125604747,72.42580937194147,"{""type"":""Point"",""coordinates"":[72.42578148456651,-7.290513139778281]}"
208,1280,955,848,648,0.19151590764522552,653,479,-7.278427914974411,72.44045800466033,"{""type"":""Point"",""coordinates"":[72.44042468530203,-7.278383546192905]}"
209,1064,741,561,427,0.2688356041908264,567,531,-7.341942559463163,72.41236320864377,"{""type"":""Point"",""coordinates"":[72.4123294334909,-7.341975734059036]}"
210,1641,1239,928,697,0.27995866537094116,734,544,-7.29388404944018,72.41471081438266,"{""type"":""Point"",""coordinates"":[72.41472831239601,-7.293871891217384]}"
211,1429,1062,824,668,0.2277456670999527,634,467,-7.297195286336184,72.43056276108737,"{""type"":""Point"",""coordinates"":[72.43052758061307,-7.2972406822484555]}"
212,1252,962,810,624,0.21311475336551666,613,443,-7.32089185709631,72.40180158022326,"{""type"":""Point"",""coordinates"":[72.4018076895096,-7.320916681523482]}"
213,1409,1059,810,620,0.2614651620388031,654,482,-7.285173958317437,72.39619539554292,"{""type"":""Point"",""coordinates"":[72.39616905996637,-7.285144084039992]}"
214,1393,1082,832,640,0.2566782832145691,603,453,-7.32763441291755,72.41768086249316,"{""type"":""Point"",""coordinates"":[72.41766883280604,-7.327630206090662]}"
216,1298,951,762,651,0.18726591765880585,598,449,-7.326148837724068,72.41115744775968,"{""type"":""Point"",""coordinates"":[72.41118014506597,-7.326169786723765]}"
217,1172,847,721,545,0.21695402264595032,576,430,-7.314902185262075,72.38176773022761,"{""type"":""Point"",""coordinates"":[72.3818005684743,-7.314932050818517]}"
219,1919,2042,1634,1050,0.3208279311656952,862,625,-7.322388283003346,72.41881663121414,"{""type"":""Point"",""coordinates"":[72.41877202900729,-7.3223896226948435]}"
220,1707,1307,937,696,0.30504244565963745,705,527,-7.296664083300411,72.41726421596952,"{""type"":""Point"",""coordinates"":[72.41726173878068,-7.296682310796753]}"
221,1295,962,775,590,0.23969072103500366,590,444,-7.291783061656619,72.42979800618274,"{""type"":""Point"",""coordinates"":[72.42978283311662,-7.291797128336095]}"
222,1207,851,710,557,0.2088068127632141,586,433,-7.330196875002239,72.37736063029526,"{""type"":""Point"",""coordinates"":[72.37733239137887,-7.330170735078982]}"
223,1322,975,765,610,0.2302839159965515,608,462,-7.2993831143274335,72.43971371130827,"{""type"":""Point"",""coordinates"":[72.4397365231811,-7.299339884179891]}"
224,1875,1516,1294,1207,0.11347778141498566,1119,878,-7.34390016797458,72.41617701859147,"{""type"":""Point"",""coordinates"":[72.41614656183107,-7.343905699523158]}"
225,1618,1224,877,701,0.271688312292099,683,503,-7.307406227871132,72.42964584123867,"{""type"":""Point"",""coordinates"":[72.42968436289976,-7.307432219918021]}"
227,1535,1167,905,705,0.24679486453533173,720,535,-7.282232792146683,72.39101823309845,"{""type"":""Point"",""coordinates"":[72.39105747399272,-7.2822089883609635]}"
228,1291,975,794,618,0.22410546243190765,615,462,-7.318726073589326,72.40160426115516,"{""type"":""Point"",""coordinates"":[72.40159275331082,-7.318715746589157]}"
229,1252,908,622,442,0.34518519043922424,323,224,-7.296985517442226,72.42251212953347,"{""type"":""Point"",""coordinates"":[72.42252924739438,-7.297022587330628]}"
230,1428,1042,824,647,0.23386619985103607,636,472,-7.305263982046774,72.43822124606041,"{""type"":""Point"",""coordinates"":[72.438244370315,-7.30524811475873]}"
231,1633,1217,781,646,0.30649489164352417,632,467,-7.325921531138891,72.41730601500727,"{""type"":""Point"",""coordinates"":[72.41730323656601,-7.325877426289565]}"
233,1238,896,719,588,0.2075471729040146,580,426,-7.32695354183153,72.37634123464531,"{""type"":""Point"",""coordinates"":[72.37633358119508,-7.326974190924683]}"
234,1281,957,759,660,0.18367347121238708,561,419,-7.338920774018395,72.41785748515996,"{""type"":""Point"",""coordinates"":[72.41787421781129,-7.338960675187942]}"
235,1217,978,909,632,0.21490682661533356,631,478,-7.313771671958432,72.38799996994655,"{""type"":""Point"",""coordinates"":[72.38798521189617,-7.313758516887333]}"
236,1157,866,723,510,0.25872093439102173,599,433,-7.321259888155691,72.40089991454731,"{""type"":""Point"",""coordinates"":[72.40093572395519,-7.321215067445718]}"
237,1979,1819,1153,862,0.35695635956732563,820,608,-7.277366452363067,72.3775967473719,"{""type"":""Point"",""coordinates"":[72.37761930023343,-7.277402311744942]}"
238,1473,1161,821,682,0.2599023331524688,635,471,-7.2862584378468185,72.3719655753962,"{""type"":""Point"",""coordinates"":[72.3719923642922,-7.286233546375814]}"
239,1405,1064,862,704,0.20361991226673126,683,504,-7.281779487974228,72.41525210978986,"{""type"":""Point"",""coordinates"":[72.41524447350079,-7.281824385278306]}"
240,1422,1050,904,725,0.18309858441352844,899,668,-7.349097544737979,72.37379475730836,"{""type"":""Point"",""coordinates"":[72.37382470517036,-7.34911224658321]}"
241,1034,696,491,366,0.31073445081710815,300,204,-7.348309340329201,72.37053246212176,"{""type"":""Point"",""coordinates"":[72.37048868376343,-7.348270990128051]}"
242,1239,926,758,632,0.18870346248149872,636,472,-7.322472452749774,72.37178504957102,"{""type"":""Point"",""coordinates"":[72.37178077835605,-7.322466152304078]}"
243,1402,1020,850,772,0.1383928507566452,676,498,-7.336054004517763,72.41485081815422,"{""type"":""Point"",""coordinates"":[72.41486258939298,-7.336071401876129]}"
244,1278,1058,891,708,0.19818799546998866,619,445,-7.296312599709158,72.37999986171664,"{""type"":""Point"",""coordinates"":[72.37999930700781,-7.296276954931323]}"
245,4104,4345,2754,963,0.6371514797210693,899,673,-7.304734734891672,72.41280349417073,"{""type"":""Point"",""coordinates"":[72.41284239897557,-7.304742304828302]}"
246,1634,1198,836,669,0.28334227204322815,650,493,-7.294761007470031,72.41815415188177,"{""type"":""Point"",""coordinates"":[72.41816504170401,-7.294783967547493]}"
247,1323,990,810,698,0.17298577725887299,560,403,-7.299820068412763,72.38192552684168,"{""type"":""Point"",""coordinates"":[72.3818930036593,-7.299849919202391]}"
248,1391,1035,811,628,0.24473842978477478,626,476,-7.303743453726637,72.43631039520237,"{""type"":""Point"",""coordinates"":[72.43634627229142,-7.303781975171122]}"
249,1257,1076,967,675,0.22901199758052826,681,491,-7.327598538832164,72.39859638715232,"{""type"":""Point"",""coordinates"":[72.39862834840773,-7.327610336169611]}"
250,1497,1267,1200,876,0.18245449662208557,874,728,-7.346236846816771,72.41764207181673,"{""type"":""Point"",""coordinates"":[72.41764436164058,-7.346210054810916]}"
251,1295,995,853,676,0.19090365050867744,651,483,-7.294344950437014,72.3774526949471,"{""type"":""Point"",""coordinates"":[72.3774557227211,-7.294333638895813]}"
252,1218,932,773,616,0.20413435995578766,566,417,-7.307460918530709,72.38659569095582,"{""type"":""Point"",""coordinates"":[72.38658495604459,-7.307451325197546]}"
253,1191,927,820,610,0.20624592900276184,596,440,-7.330600162842104,72.40766391588757,"{""type"":""Point"",""coordinates"":[72.40770042213909,-7.3305785115199935]}"
254,1390,1086,871,695,0.2195395827293396,683,509,-7.278984057141236,72.39072248653761,"{""type"":""Point"",""coordinates"":[72.39069477087304,-7.279000264163614]}"
255,1224,910,717,622,0.18798956274986267,644,497,-7.338464299410694,72.38275963888819,"{""type"":""Point"",""coordinates"":[72.38273191589971,-7.3384394120397465]}"
256,1263,937,709,620,0.20359666645526886,550,435,-7.325266348826113,72.37252966121511,"{""type"":""Point"",""coordinates"":[72.37252884902935,-7.325236369708513]}"
257,1387,1051,868,683,0.21222606301307678,672,513,-7.2772690559844,72.40264732025038,"{""type"":""Point"",""coordinates"":[72.40261960076246,-7.277309414970022]}"
258,4188,4492,2955,1043,0.6231255531311035,926,697,-7.304291464393284,72.41171483174695,"{""type"":""Point"",""coordinates"":[72.4116946070621,-7.304308299830814]}"
259,1212,889,745,595,0.19811320304870605,593,436,-7.343311109759665,72.3986252717761,"{""type"":""Point"",""coordinates"":[72.3985855641732,-7.343341214996581]}"
260,1209,877,741,576,0.20715761184692383,609,469,-7.3292258026681685,72.41027641261046,"{""type"":""Point"",""coordinates"":[72.41024339106836,-7.329195429509497]}"
261,3640,3889,2553,1054,0.5735383629798889,800,585,-7.321850723010893,72.43011800532264,"{""type"":""Point"",""coordinates"":[72.43012734354873,-7.321881484365363]}"
262,1189,943,803,583,0.23591087811271297,590,445,-7.304271209492412,72.37843168455281,"{""type"":""Point"",""coordinates"":[72.37840311525109,-7.3042856343797995]}"
263,1379,1116,1013,766,0.18597236275672913,765,546,-7.348644680514462,72.3739722444726,"{""type"":""Point"",""coordinates"":[72.37398366868577,-7.348608310515818]}"
264,3590,3496,1590,780,0.6351730823516846,728,531,-7.33075747395347,72.43443710243506,"{""type"":""Point"",""coordinates"":[72.43439746081431,-7.33075494117551]}"
265,1181,930,810,597,0.21807464957237244,612,468,-7.311979290242547,72.38617753791925,"{""type"":""Point"",""coordinates"":[72.38620294470738,-7.312013740957192]}"
266,1344,1004,809,670,0.19952210783958435,668,502,-7.287034790734355,72.43672541029315,"{""type"":""Point"",""coordinates"":[72.43672705421888,-7.287035328426813]}"
267,1331,992,767,622,0.22924411296844482,588,435,-7.299112920529846,72.43962120695367,"{""type"":""Point"",""coordinates"":[72.43958865208482,-7.299113435292016]}"
268,1241,919,755,583,0.22370173037052155,604,455,-7.338057730376677,72.4126049106531,"{""type"":""Point"",""coordinates"":[72.41256416066726,-7.338076262361931]}"
270,3000,3247,2232,898,0.5667068958282471,849,627,-7.283753442726605,72.38090043763934,"{""type"":""Point"",""coordinates"":[72.38091782931308,-7.283746530437481]}"
271,1417,1060,941,801,0.1391724944114685,808,625,-7.335538191825825,72.37559190903751,"{""type"":""Point"",""coordinates"":[72.37560535191878,-7.335557814973003]}"
273,1286,966,811,658,0.18965516984462738,628,450,-7.326427879724289,72.38619617802046,"{""type"":""Point"",""coordinates"":[72.38619494245295,-7.326438702652077]}"
274,1270,945,755,633,0.19771863520145416,582,428,-7.302705595006462,72.38248989385967,"{""type"":""Point"",""coordinates"":[72.3824743008794,-7.302731290471912]}"
275,1720,1405,949,767,0.2937384843826294,738,556,-7.278154161929387,72.38094889144008,"{""type"":""Point"",""coordinates"":[72.38097033423632,-7.278119600096608]}"
276,1191,953,868,585,0.23927177488803864,668,488,-7.33453133994436,72.41321114692352,"{""type"":""Point"",""coordinates"":[72.41321627444101,-7.334530003949332]}"
277,1399,1033,857,714,0.18259873986244202,621,446,-7.341195850664692,72.40367438378317,"{""type"":""Point"",""coordinates"":[72.40370648314496,-7.341151735849821]}"
279,1332,1007,827,651,0.21471652388572693,648,495,-7.296660490853945,72.4415016348969,"{""type"":""Point"",""coordinates"":[72.4414928842784,-7.29666309715571]}"
280,1666,1294,884,681,0.3103797435760498,649,494,-7.291220564429537,72.39669318761999,"{""type"":""Point"",""coordinates"":[72.39671655333849,-7.291224004421032]}"
282,3385,3304,1748,743,0.6328144073486328,700,520,-7.335254911622253,72.43673274607976,"{""type"":""Point"",""coordinates"":[72.43673598491529,-7.335222831708041]}"
283,1310,983,814,657,0.19878048780487806,612,447,-7.291151561233612,72.36974114653826,"{""type"":""Point"",""coordinates"":[72.36975920854753,-7.291142444026624]}"
284,3164,3183,1922,853,0.5773042440414429,827,614,-7.330225382955467,72.43316679660744,"{""type"":""Point"",""coordinates"":[72.43320713968984,-7.330235280186518]}"
285,1577,1193,869,715,0.25052410364151,704,517,-7.2863722962454,72.39294861148191,"{""type"":""Point"",""coordinates"":[72.3929038683872,-7.286390290873048]}"
286,1232,906,791,597,0.20558881759643555,627,483,-7.332010071262956,72.3884091642589,"{""type"":""Point"",""coordinates"":[72.38840706697523,-7.332017516386096]}"
287,1270,1022,819,640,0.22984355688095093,580,427,-7.3353142515750624,72.39331845547434,"{""type"":""Point"",""coordinates"":[72.39329350285142,-7.3353170426260315]}"
288,1366,1037,835,656,0.22504429519176483,664,493,-7.2819311857948374,72.40711393530044,"{""type"":""Point"",""coordinates"":[72.40713404881036,-7.2819163797360655]}"
289,1404,1042,837,645,0.23532898724079132,645,487,-7.303535968373711,72.43983592292489,"{""type"":""Point"",""coordinates"":[72.43987015259198,-7.303532417743306]}"
290,1290,988,766,652,0.2048780471086502,591,448,-7.339086269121032,72.39606056589204,"{""type"":""Point"",""coordinates"":[72.39608634855234,-7.339101423790594]}"
291,1266,945,770,603,0.22093023359775543,590,440,-7.319073586406749,72.40341580150749,"{""type"":""Point"",""coordinates"":[72.4033875720126,-7.319086547524491]}"
292,1621,1183,856,685,0.2665952742099762,672,511,-7.293249235408464,72.41506775369191,"{""type"":""Point"",""coordinates"":[72.41510839934493,-7.293241145066838]}"
293,1137,883,768,542,0.2392982393503189,643,485,-7.302151582324378,72.38411370943079,"{""type"":""Point"",""coordinates"":[72.38415095120736,-7.302131845887103]}"
294,1206,931,800,624,0.1974276453256607,620,453,-7.32796858069542,72.37345449875356,"{""type"":""Point"",""coordinates"":[72.37347257332797,-7.3279929001604405]}"
295,3203,3282,3064,1782,0.29620853066444397,676,387,-7.300937618256608,72.38944070897423,"{""type"":""Point"",""coordinates"":[72.38947556961645,-7.300956964692752]}"
296,1293,1001,864,666,0.20095980167388916,662,456,-7.319504758162772,72.38216421357225,"{""type"":""Point"",""coordinates"":[72.38214017892058,-7.319513940115289]}"
297,1388,1051,840,664,0.22565597295761108,666,493,-7.306785876799843,72.43995124047393,"{""type"":""Point"",""coordinates"":[72.43993604523,-7.3067789237844725]}"
299,1367,1077,876,686,0.22178106009960175,651,493,-7.2798400309704725,72.40899730610604,"{""type"":""Point"",""coordinates"":[72.40899382324801,-7.27987355078549]}"
301,1373,1025,857,672,0.20801414549350739,677,511,-7.286452199096633,72.43020958880551,"{""type"":""Point"",""coordinates"":[72.43020793626657,-7.286477315781501]}"
303,1275,944,776,617,0.2094811052083969,593,444,-7.27751569456754,72.42977985375302,"{""type"":""Point"",""coordinates"":[72.42976342941267,-7.277558554877762]}"
304,1302,987,773,682,0.18274416029453278,586,420,-7.332222903912195,72.39609892680357,"{""type"":""Point"",""coordinates"":[72.39607703178064,-7.332188169359]}"
305,3250,3249,1618,702,0.644646942615509,681,509,-7.332183511308161,72.43689005240027,"{""type"":""Point"",""coordinates"":[72.43690605732958,-7.332199127500174]}"
306,1242,938,838,601,0.21897335350513458,628,476,-7.307193340598096,72.37411228458981,"{""type"":""Point"",""coordinates"":[72.37415628649721,-7.307164917897012]}"
309,2212,1823,955,741,0.4219968914985657,705,523,-7.29395509367048,72.40530564894217,"{""type"":""Point"",""coordinates"":[72.40526965864555,-7.29394978517264]}"
310,1503,1166,908,723,0.23451562225818634,690,515,-7.296426588888111,72.42476884536323,"{""type"":""Point"",""coordinates"":[72.4247428958207,-7.296444140752434]}"
312,1310,1033,894,712,0.1839541494846344,641,463,-7.341911370279936,72.38070532263342,"{""type"":""Point"",""coordinates"":[72.38067208717696,-7.34194764255357]}"
313,1223,925,825,601,0.21231979131698608,599,435,-7.339765550526067,72.38982465212874,"{""type"":""Point"",""coordinates"":[72.38981131318884,-7.339770972938418]}"
315,1526,1157,891,690,0.2528424561023712,704,537,-7.284395221467212,72.39166757644999,"{""type"":""Point"",""coordinates"":[72.39165299707051,-7.284402341798242]}"
316,1184,880,730,568,0.2154696136713028,563,427,-7.3095797872746395,72.39303322426213,"{""type"":""Point"",""coordinates"":[72.3929997448579,-7.3096067908581785]}"
319,1246,922,773,605,0.20759660005569458,593,445,-7.332029994432108,72.39772553429808,"{""type"":""Point"",""coordinates"":[72.39773765729612,-7.331987279596353]}"
320,1202,887,763,573,0.2150684893131256,628,476,-7.320139363767312,72.40577546647754,"{""type"":""Point"",""coordinates"":[72.40578466728452,-7.3201222679227165]}"
322,1334,959,695,686,0.16595745086669922,574,391,-7.305115850702183,72.38621623967241,"{""type"":""Point"",""coordinates"":[72.38625865320368,-7.30508396921429]}"
323,1194,938,753,593,0.22534291446208954,561,425,-7.331880103244874,72.40559336545404,"{""type"":""Point"",""coordinates"":[72.40555208318746,-7.331857668145115]}"
324,1365,1012,791,635,0.22890102863311768,606,458,-7.29554796493908,72.4334442087317,"{""type"":""Point"",""coordinates"":[72.43346107357823,-7.295516652927737]}"
325,1399,1057,887,673,0.22196531295776367,675,504,-7.292668148691989,72.43215611888304,"{""type"":""Point"",""coordinates"":[72.43216449190764,-7.292652077267506]}"
326,1744,1346,864,669,0.3359801471233368,663,504,-7.298454255303698,72.41935792646393,"{""type"":""Point"",""coordinates"":[72.419328112634,-7.298479218987787]}"
327,1377,1044,826,637,0.24211779236793518,668,511,-7.283848115087342,72.41635302586522,"{""type"":""Point"",""coordinates"":[72.41635343706712,-7.28383220630048]}"
328,1499,1165,869,718,0.23738715052604675,655,499,-7.2851698807376515,72.39673799839049,"{""type"":""Point"",""coordinates"":[72.3967581364492,-7.28517405343136]}"
329,1258,1013,899,688,0.19106407463550568,638,469,-7.318316583863819,72.37202514514263,"{""type"":""Point"",""coordinates"":[72.37206134137485,-7.318338956730315]}"
330,1850,1441,964,744,0.31899312138557434,744,567,-7.304750293015644,72.42266167491006,"{""type"":""Point"",""coordinates"":[72.42264363983482,-7.304736205519362]}"
331,1142,851,733,517,0.24415205419063568,617,476,-7.341115706116004,72.37843801148557,"{""type"":""Point"",""coordinates"":[72.37843465860725,-7.341094907872103]}"
332,1519,1182,862,732,0.23510971665382385,615,464,-7.313157641733576,72.39758249738834,"{""type"":""Point"",""coordinates"":[72.39760029067396,-7.313136184423785]}"
333,1455,1098,905,681,0.23440134525299072,680,517,-7.30573545352607,72.43560211180277,"{""type"":""Point"",""coordinates"":[72.43561005813133,-7.305778911896896]}"
334,1772,1341,896,680,0.3270657956600189,698,517,-7.296947981985039,72.41554802222905,"{""type"":""Point"",""coordinates"":[72.41557741484935,-7.296936515423074]}"
335,1297,911,611,426,0.36275243759155273,357,267,-7.313470424394551,72.43964068548306,"{""type"":""Point"",""coordinates"":[72.4396031272531,-7.3134527352034615]}"
336,1465,1096,819,659,0.2490028440952301,663,505,-7.289163307155495,72.41802121235733,"{""type"":""Point"",""coordinates"":[72.41804877178319,-7.289167875601336]}"
337,1731,1275,876,716,0.2807634472846985,744,574,-7.297630620166658,72.42079869388641,"{""type"":""Point"",""coordinates"":[72.42079005533706,-7.297649418824319]}"
338,2193,2293,1950,1404,0.2404652420881796,1656,839,-7.288463930766978,72.3789460798261,"{""type"":""Point"",""coordinates"":[72.3789175870706,-7.288421460093267]}"
339,1644,1289,936,744,0.26807674765586853,709,533,-7.2821668975296525,72.38776193454379,"{""type"":""Point"",""coordinates"":[72.38774186055774,-7.282207288541146]}"
341,1518,1240,905,808,0.2109375,689,532,-7.348314832518075,72.42932592245353,"{""type"":""Point"",""coordinates"":[72.42929937662613,-7.348291829782003]}"
342,1237,901,686,571,0.2241847813129425,589,451,-7.321398010827835,72.3945697319991,"{""type"":""Point"",""coordinates"":[72.39455761816099,-7.321438294736031]}"
343,1158,908,784,534,0.2593619972260749,596,459,-7.295632830850732,72.37429685879043,"{""type"":""Point"",""coordinates"":[72.37427144541087,-7.29567617191119]}"
345,1347,999,785,613,0.23945409059524536,605,447,-7.281343353115146,72.40123105835713,"{""type"":""Point"",""coordinates"":[72.401272658684,-7.281340225525981]}"
347,1202,894,724,555,0.23395444452762604,586,443,-7.3100449020690546,72.39122785132336,"{""type"":""Point"",""coordinates"":[72.39121942779406,-7.310023708438992]}"
348,1321,1002,872,657,0.20795659720897675,697,528,-7.279556311214474,72.4226510011289,"{""type"":""Point"",""coordinates"":[72.42262537253524,-7.2795434613321985]}"
349,2624,2323,1829,1214,0.31354254484176636,782,520,-7.317592544009303,72.40819812973778,"{""type"":""Point"",""coordinates"":[72.40820625207026,-7.317600332981831]}"
350,1615,1218,855,668,0.29162248969078064,662,483,-7.290973904485727,72.40546397583903,"{""type"":""Point"",""coordinates"":[72.40547829261963,-7.290996878263]}"
351,1408,1051,853,722,0.1855611950159073,672,498,-7.278076634522597,72.41531450158169,"{""type"":""Point"",""coordinates"":[72.41532586018347,-7.278057993907394]}"
352,1492,1108,847,683,0.23729759454727173,660,479,-7.289250866416341,72.41838362794982,"{""type"":""Point"",""coordinates"":[72.41840757042515,-7.289256551446778]}"
353,1315,1052,843,626,0.25387364625930786,594,439,-7.342298912309395,72.4248478190868,"{""type"":""Point"",""coordinates"":[72.42489175886887,-7.342303386989219]}"
354,1201,933,780,572,0.23986710608005524,586,443,-7.348248046546619,72.37867283338629,"{""type"":""Point"",""coordinates"":[72.3786976145971,-7.348215217255397]}"
355,1329,978,747,694,0.169856458902359,552,399,-7.322950915207354,72.40416879937519,"{""type"":""Point"",""coordinates"":[72.40420755378956,-7.322984917712925]}"
356,1340,992,810,656,0.20388349890708923,635,481,-7.279408544000747,72.41830897237475,"{""type"":""Point"",""coordinates"":[72.418321834279,-7.279371534459056]}"
357,1307,972,798,687,0.1717902421951294,534,407,-7.327818775465828,72.39335209662482,"{""type"":""Point"",""coordinates"":[72.39332661532119,-7.32778624629595]}"
358,2198,2289,1821,1101,0.35044246912002563,779,553,-7.326062902523759,72.42246246188395,"{""type"":""Point"",""coordinates"":[72.42245304359582,-7.326021848785984]}"
359,1192,857,707,547,0.22079771757125854,603,466,-7.3089056652774,72.37457737531267,"{""type"":""Point"",""coordinates"":[72.37456730838313,-7.308881995554053]}"
360,1943,1951,1562,1060,0.29591497778892517,744,506,-7.34614221112327,72.43003283137446,"{""type"":""Point"",""coordinates"":[72.43001815722944,-7.346101475482477]}"
361,1303,990,802,649,0.20805369317531586,649,487,-7.346475997223043,72.42180456563584,"{""type"":""Point"",""coordinates"":[72.42178296495001,-7.346502838487894]}"
363,1448,1190,908,730,0.2395833283662796,596,433,-7.298357638150315,72.38426604321708,"{""type"":""Point"",""coordinates"":[72.38424028070196,-7.298313037438544]}"
364,1322,1094,978,721,0.20550964772701263,941,775,-7.3459270741421445,72.38706736291182,"{""type"":""Point"",""coordinates"":[72.38707549916892,-7.3459381094049725]}"
365,2928,3028,2082,941,0.5258251428604126,806,596,-7.295877262551555,72.40188345775312,"{""type"":""Point"",""coordinates"":[72.40186365282173,-7.295896875054409]}"
367,1262,920,750,632,0.1855670064687729,522,341,-7.340803762048931,72.40774162045317,"{""type"":""Point"",""coordinates"":[72.40772528643987,-7.340831170484434]}"
369,1297,956,732,656,0.18610422313213348,579,419,-7.318227641552831,72.3838730733198,"{""type"":""Point"",""coordinates"":[72.38385409805318,-7.318260186542705]}"
370,1356,960,830,649,0.19328776001930237,653,494,-7.286288350259852,72.43988495205652,"{""type"":""Point"",""coordinates"":[72.43990788727262,-7.28627937982388]}"
372,1514,1208,837,669,0.28716036677360535,621,454,-7.31475911154727,72.40076018388476,"{""type"":""Point"",""coordinates"":[72.4007363112834,-7.314742524685498]}"
373,1219,901,747,569,0.22585034013605443,525,398,-7.300352132324497,72.37116671483702,"{""type"":""Point"",""coordinates"":[72.3712013022244,-7.300313317589197]}"
374,3346,3289,1823,849,0.5896568298339844,864,658,-7.319117031028875,72.43335302624304,"{""type"":""Point"",""coordinates"":[72.43334864280651,-7.319121176858369]}"
375,2326,2045,1004,753,0.46175840497016907,781,578,-7.343363395409503,72.43914667415586,"{""type"":""Point"",""coordinates"":[72.43912460072377,-7.343379454364842]}"
376,1213,931,784,594,0.2209836095571518,632,490,-7.320987626387268,72.40107874100245,"{""type"":""Point"",""coordinates"":[72.40106297517337,-7.3209930661095575]}"
377,1330,1072,922,717,0.19843487441539764,585,440,-7.320147475427234,72.39275133969741,"{""type"":""Point"",""coordinates"":[72.39279223266968,-7.320122581503139]}"
378,1167,876,763,544,0.23380281031131744,597,437,-7.308840416164704,72.37123038829327,"{""type"":""Point"",""coordinates"":[72.37127115623198,-7.308832263092928]}"
379,1143,836,699,512,0.24035608768463135,536,426,-7.314847775034806,72.38900299564922,"{""type"":""Point"",""coordinates"":[72.3889579061645,-7.3148594862919705]}"
380,1628,1220,933,714,0.2616339325904846,745,549,-7.29165738286001,72.41062417889967,"{""type"":""Point"",""coordinates"":[72.410627738271,-7.291651927056981]}"
381,1135,904,820,562,0.23328785811732605,643,474,-7.299904007011476,72.37071113426965,"{""type"":""Point"",""coordinates"":[72.37073176196202,-7.299909237781655]}"
382,1245,932,822,593,0.22229507565498352,629,460,-7.3485271279125,72.37758950290183,"{""type"":""Point"",""coordinates"":[72.37759833018293,-7.34849214705083]}"
383,1832,1529,970,769,0.3307223618030548,755,562,-7.2842593683387316,72.385697549965,"{""type"":""Point"",""coordinates"":[72.38565535377167,-7.284255829097142]}"
384,1282,948,789,636,0.19696970283985138,590,418,-7.307951130833824,72.38144404045889,"{""type"":""Point"",""coordinates"":[72.38148479323003,-7.30790682720919]}"
385,1407,1037,855,672,0.21357518434524536,664,487,-7.2957713361818275,72.43968609315272,"{""type"":""Point"",""coordinates"":[72.43965041061841,-7.295783619476536]}"
386,1184,930,689,552,0.25506073236465454,559,429,-7.332799533920248,72.40342961150701,"{""type"":""Point"",""coordinates"":[72.40339625488055,-7.332764767943093]}"
387,2053,1893,1623,1165,0.23806409537792206,758,523,-7.2968191519150105,72.38470668081226,"{""type"":""Point"",""coordinates"":[72.38470930603977,-7.296825766229617]}"
388,1316,979,821,661,0.19390243291854858,619,470,-7.323164918117733,72.41167740713773,"{""type"":""Point"",""coordinates"":[72.41168544254785,-7.323203924695632]}"
389,1264,859,641,591,0.18482758104801178,581,427,-7.328316136016151,72.39923496359191,"{""type"":""Point"",""coordinates"":[72.39921427792875,-7.328352949554333]}"
390,2959,2949,1726,806,0.5707057118415833,754,563,-7.320911882904758,72.43481385153335,"{""type"":""Point"",""coordinates"":[72.43477357256789,-7.320907483636492]}"
391,1491,1111,865,671,0.2469135820865631,703,511,-7.301794842984249,72.43132136133406,"{""type"":""Point"",""coordinates"":[72.43127854412411,-7.3018129809619365]}"
392,1180,892,742,514,0.268847793340683,543,420,-7.348172802431438,72.40056172776275,"{""type"":""Point"",""coordinates"":[72.40055002423739,-7.348203110178258]}"
393,1224,902,752,583,0.21481481194496155,593,441,-7.329114446644174,72.40114041933114,"{""type"":""Point"",""coordinates"":[72.40117168562652,-7.329123832274864]}"
394,3445,3717,2690,1194,0.5137446522712708,900,651,-7.326550907421946,72.42952086849165,"{""type"":""Point"",""coordinates"":[72.4295602350728,-7.326595471589432]}"
395,1357,1087,920,697,0.21860986948013306,686,503,-7.345530895340474,72.4273146923902,"{""type"":""Point"",""coordinates"":[72.42735241892348,-7.345542135271567]}"
396,1170,847,742,544,0.21782890007189074,580,416,-7.293027626254966,72.37246847377943,"{""type"":""Point"",""coordinates"":[72.37250437014809,-7.293019990869889]}"
398,1368,1040,787,636,0.241050124168396,616,458,-7.285112952777354,72.41627217736446,"{""type"":""Point"",""coordinates"":[72.41631034995682,-7.285141240577361]}"
399,1204,960,850,628,0.20906801521778107,600,432,-7.331489417865567,72.38560129955712,"{""type"":""Point"",""coordinates"":[72.38563327000493,-7.331466740235063]}"
400,1303,989,788,626,0.224767804145813,638,479,-7.2846678666601345,72.43923953674845,"{""type"":""Point"",""coordinates"":[72.43923816272898,-7.284678269352306]}"
401,1561,1165,891,697,0.25134265422821045,679,511,-7.30800523288232,72.43399154922825,"{""type"":""Point"",""coordinates"":[72.434003165056,-7.307967295072333]}"
402,1344,1025,831,638,0.23271197080612183,643,477,-7.27921885130502,72.40754562401209,"{""type"":""Point"",""coordinates"":[72.40758912570055,-7.279214203932276]}"
403,1363,1064,865,689,0.213918998837471,681,509,-7.290741005016339,72.43621107374378,"{""type"":""Point"",""coordinates"":[72.43620738725019,-7.290763908854322]}"
404,1245,1060,921,633,0.2522149980068207,633,481,-7.337140047499429,72.39070925577325,"{""type"":""Point"",""coordinates"":[72.39067894166932,-7.337132050418879]}"
406,1147,888,846,548,0.23676879703998566,669,505,-7.309708884025486,72.38787886654555,"{""type"":""Point"",""coordinates"":[72.38785803865329,-7.309718630505602]}"
408,1359,1022,803,630,0.23728813230991364,649,487,-7.302726078105855,72.43946797088746,"{""type"":""Point"",""coordinates"":[72.4394462257571,-7.302713966395973]}"
409,1474,1088,829,663,0.24271844327449799,647,486,-7.302133304992162,72.43430843247182,"{""type"":""Point"",""coordinates"":[72.43427751746874,-7.3021554679821765]}"
410,1878,1546,936,741,0.3519895076751709,679,505,-7.280764073475167,72.38214416994094,"{""type"":""Point"",""coordinates"":[72.38213010045081,-7.280800601048721]}"
411,1580,1373,937,758,0.28859689831733704,688,510,-7.321152303125356,72.41509898828019,"{""type"":""Point"",""coordinates"":[72.41508248849553,-7.3211587363810775]}"
413,1211,871,732,556,0.2207428170988087,598,444,-7.29896989518501,72.3748645513282,"{""type"":""Point"",""coordinates"":[72.37483184183074,-7.29894563243862]}"
415,1521,1392,1010,766,0.2900834083557129,690,484,-7.318043345811941,72.40829199931936,"{""type"":""Point"",""coordinates"":[72.40824703343206,-7.318055494872263]}"
416,1216,927,739,571,0.23765020072460175,559,425,-7.345266100887642,72.37892164249706,"{""type"":""Point"",""coordinates"":[72.37895135534234,-7.345302441723856]}"
417,1146,835,734,496,0.25469571352005005,557,411,-7.305489811971007,72.37247147908828,"{""type"":""Point"",""coordinates"":[72.37249985496373,-7.305463640437861]}"
418,1486,1121,937,854,0.13518987596035004,632,436,-7.343684958682492,72.3730302663828,"{""type"":""Point"",""coordinates"":[72.37306811585948,-7.343722979507517]}"
419,3192,3177,1921,969,0.5325614809989929,924,710,-7.3179431963517345,72.43334404089399,"{""type"":""Point"",""coordinates"":[72.4333466344528,-7.317974438560091]}"
420,1382,1029,823,639,0.23381294310092926,681,515,-7.3050661420080765,72.44048070764696,"{""type"":""Point"",""coordinates"":[72.4405084635534,-7.305071222475175]}"
421,1337,1058,881,683,0.21539345383644104,673,504,-7.287393218295658,72.43708988743455,"{""type"":""Point"",""coordinates"":[72.43708790024667,-7.287424478391232]}"
422,1108,825,715,494,0.2509476840496063,599,454,-7.340171394700004,72.37191833232676,"{""type"":""Point"",""coordinates"":[72.37192310046842,-7.3401372695073555]}"
423,1189,856,671,533,0.23254139721393585,514,394,-7.32330588623989,72.39304658137091,"{""type"":""Point"",""coordinates"":[72.39306821539373,-7.323318331150127]}"
426,3607,3911,2431,915,0.620803952217102,830,626,-7.328882703544378,72.43161894743938,"{""type"":""Point"",""coordinates"":[72.43157807974909,-7.328907785212537]}"
427,1387,1052,877,697,0.2029731273651123,668,494,-7.298658000585734,72.44006991612898,"{""type"":""Point"",""coordinates"":[72.44009927564123,-7.298618839356194]}"
428,2478,2450,1670,659,0.5760694742202759,497,371,-7.3014252082066005,72.40861808452809,"{""type"":""Point"",""coordinates"":[72.4085823965846,-7.301389761985168]}"
429,1349,1024,810,723,0.17229536175727844,589,434,-7.335665009296255,72.38273847365434,"{""type"":""Point"",""coordinates"":[72.3827185107673,-7.335651814006889]}"
430,1298,975,830,680,0.17824773490428925,625,458,-7.335197958443415,72.4205424540573,"{""type"":""Point"",""coordinates"":[72.4205477729212,-7.3351919080376735]}"
432,1304,977,817,657,0.19583843648433685,671,490,-7.346870647869112,72.36970752343294,"{""type"":""Point"",""coordinates"":[72.36972436718231,-7.346890534827185]}"
433,2875,3046,2149,950,0.5245245245245245,874,647,-7.278729059832728,72.37652167782055,"{""type"":""Point"",""coordinates"":[72.37653215900971,-7.278770326063445]}"
434,1230,969,789,657,0.19188192486763,575,424,-7.346155462914734,72.38073742343883,"{""type"":""Point"",""coordinates"":[72.38074620649995,-7.346191190649273]}"
435,3954,4145,2376,885,0.6481113433837891,830,614,-7.336443970848755,72.43475207308192,"{""type"":""Point"",""coordinates"":[72.43474749804021,-7.336444548843653]}"
436,1283,921,730,635,0.18380463123321533,579,425,-7.335554843463658,72.4092392506072,"{""type"":""Point"",""coordinates"":[72.40925107083527,-7.335511948850013]}"
437,1086,822,679,512,0.23238380253314972,440,278,-7.34737276248962,72.41077656705956,"{""type"":""Point"",""coordinates"":[72.41080617983651,-7.347357670802824]}"
438,1330,984,821,667,0.19200484454631805,668,492,-7.2784268958319,72.41676412621057,"{""type"":""Point"",""coordinates"":[72.416753710086,-7.278435597572718]}"
439,1202,948,788,598,0.22639068564036222,584,442,-7.300138388715726,72.37559687112075,"{""type"":""Point"",""coordinates"":[72.37556153102013,-7.3001685504749405]}"
440,1443,1046,823,660,0.2262602597475052,688,520,-7.303286465309152,72.43703041254446,"{""type"":""Point"",""coordinates"":[72.43704480377009,-7.303309388861925]}"
441,1232,896,732,596,0.20107238605898123,573,434,-7.301488157177224,72.37624011281126,"{""type"":""Point"",""coordinates"":[72.37624972059079,-7.301489368297635]}"
442,2695,2358,2224,2163,0.043132051825523376,2048,1657,-7.344999570877135,72.41410508694995,"{""type"":""Point"",""coordinates"":[72.41407076269336,-7.34501025867475]}"
443,1122,827,637,468,0.27722007036209106,439,355,-7.348988469007324,72.41205521070438,"{""type"":""Point"",""coordinates"":[72.41209266969751,-7.348996265589873]}"
444,1265,934,689,615,0.20593932271003723,576,443,-7.334516596725553,72.39132252267389,"{""type"":""Point"",""coordinates"":[72.39130852234314,-7.334546920535645]}"
445,1364,1012,805,628,0.2341463416814804,612,446,-7.27985991593808,72.39434660043791,"{""type"":""Point"",""coordinates"":[72.39438980198997,-7.279823566111179]}"
446,1659,1258,909,742,0.257999986410141,700,521,-7.292884477087301,72.40357919356907,"{""type"":""Point"",""coordinates"":[72.40360650709663,-7.292882990886814]}"
447,1606,1198,912,745,0.2331446260213852,912,708,-7.292556939412082,72.41108318961237,"{""type"":""Point"",""coordinates"":[72.41110385973597,-7.292590474143205]}"
448,1292,944,775,663,0.17485998570919037,655,490,-7.330753385955139,72.38740471572251,"{""type"":""Point"",""coordinates"":[72.38737912209604,-7.3307521021883755]}"
449,3192,3264,1923,762,0.621460497379303,734,556,-7.329057767279241,72.43234384523059,"{""type"":""Point"",""coordinates"":[72.43233412261188,-7.329032045014003]}"
450,1968,1585,1437,1309,0.09536973387002945,1320,1003,-7.329865572053876,72.37337833616031,"{""type"":""Point"",""coordinates"":[72.3734087449597,-7.329858244203194]}"
451,1239,955,813,625,0.20886075496673584,639,477,-7.313237360662976,72.38700103724364,"{""type"":""Point"",""coordinates"":[72.38701530349877,-7.3132151218675325]}"
452,1255,907,759,576,0.22319622337818146,565,423,-7.339779606162125,72.42365270577359,"{""type"":""Point"",""coordinates"":[72.42362348177525,-7.339747388710404]}"
453,1324,1004,833,681,0.19169139862060547,668,484,-7.345936982657249,72.42143864204148,"{""type"":""Point"",""coordinates"":[72.4214310292027,-7.345912254585448]}"
454,1361,1077,842,676,0.22875070571899414,666,493,-7.290765076159632,72.43304597793905,"{""type"":""Point"",""coordinates"":[72.43301638079407,-7.29079832820604]}"
455,1012,726,544,382,0.31046929955482483,308,221,-7.3479083490432835,72.41159470892285,"{""type"":""Point"",""coordinates"":[72.41160816078681,-7.347907018910555]}"
456,1339,1010,818,662,0.20813396573066711,684,516,-7.288249179300282,72.43139894558342,"{""type"":""Point"",""coordinates"":[72.43138466991009,-7.2882112809032]}"
457,2789,2832,1917,890,0.521762490272522,883,669,-7.299412685224604,72.41203956936786,"{""type"":""Point"",""coordinates"":[72.41199950275188,-7.299395429967238]}"
458,1127,831,664,490,0.2581377625465393,446,326,-7.34359704863826,72.38469795935568,"{""type"":""Point"",""coordinates"":[72.38470411911733,-7.343601474849392]}"
459,1514,1290,1294,953,0.15024520456790924,1169,862,-7.346769170011985,72.39512396607068,"{""type"":""Point"",""coordinates"":[72.39514416760024,-7.346732545143341]}"
460,1154,811,669,517,0.22138553857803345,568,425,-7.345372879393977,72.40063086835012,"{""type"":""Point"",""coordinates"":[72.4006714156614,-7.345381546114979]}"
461,2402,2479,2064,1339,0.2985856533050537,820,559,-7.316517192585469,72.40710462936772,"{""type"":""Point"",""coordinates"":[72.40709359106623,-7.316508703219696]}"
462,1495,1171,819,659,0.27978143095970154,608,454,-7.310014245385515,72.39529761089265,"{""type"":""Point"",""coordinates"":[72.39530986456252,-7.310057450405257]}"
463,1276,924,731,607,0.20705421268939972,600,442,-7.323749188909658,72.3941353011215,"{""type"":""Point"",""coordinates"":[72.39415667206649,-7.323767757526327]}"
464,1302,1031,869,706,0.1871042026482441,636,460,-7.2929312450672334,72.37328173547053,"{""type"":""Point"",""coordinates"":[72.37328257609808,-7.292919540272499]}"
466,1263,882,668,605,0.18628109991550446,542,408,-7.306851240262063,72.3836064314755,"{""type"":""Point"",""coordinates"":[72.38361226135986,-7.306863955121836]}"
468,2457,2561,1771,933,0.4659416141957642,873,645,-7.2777337294901825,72.376785544695,"{""type"":""Point"",""coordinates"":[72.37680505368542,-7.277760859950108]}"
469,1306,981,783,638,0.21185916662216187,613,455,-7.340954141915541,72.42357125035139,"{""type"":""Point"",""coordinates"":[72.42359066479756,-7.340974758403734]}"
470,3115,3379,2381,1177,0.4833186864852905,892,582,-7.307962125685083,72.41590303406007,"{""type"":""Point"",""coordinates"":[72.41593964033834,-7.307973609245799]}"
471,1508,1170,906,739,0.2257726490497589,720,551,-7.283398539265701,72.39211227101106,"{""type"":""Point"",""coordinates"":[72.3920677240623,-7.2834008145813405]}"
472,1334,989,745,614,0.2339363694190979,594,444,-7.303470754396329,72.3888267045942,"{""type"":""Point"",""coordinates"":[72.38885219305277,-7.303473484061385]}"
473,1318,1002,846,627,0.2302025854587555,689,513,-7.280972287065255,72.4264600403707,"{""type"":""Point"",""coordinates"":[72.42642576515205,-7.281015564045957]}"
474,1187,800,673,463,0.26682502031326294,491,377,-7.338726923713364,72.4077257954798,"{""type"":""Point"",""coordinates"":[72.40774642438927,-7.3387146321581485]}"
475,1499,1243,1087,898,0.16113965213298798,928,676,-7.338607076279842,72.41161417010177,"{""type"":""Point"",""coordinates"":[72.4116337790837,-7.338563081088684]}"
476,1410,1158,937,743,0.21830615401268005,634,462,-7.345621190781224,72.42731538493533,"{""type"":""Point"",""coordinates"":[72.42732446733868,-7.345648549068571]}"
477,1405,1089,897,706,0.21337047219276428,731,536,-7.278254206842808,72.39171181785733,"{""type"":""Point"",""coordinates"":[72.391698745006,-7.278280441570101]}"
478,2543,2185,937,677,0.526904284954071,658,492,-7.3279209833814285,72.43929932014042,"{""type"":""Point"",""coordinates"":[72.43931900100567,-7.327950585610303]}"
479,1401,1046,834,739,0.17198879551820728,567,408,-7.296320049290062,72.37900504768494,"{""type"":""Point"",""coordinates"":[72.37897447521965,-7.296326698380936]}"
480,1299,942,711,632,0.19695045053958893,545,442,-7.336971745023891,72.38907987981219,"{""type"":""Point"",""coordinates"":[72.38906693895679,-7.336929119657598]}"
481,1486,1093,857,708,0.21377012133598328,652,442,-7.309225206320583,72.43978904203233,"{""type"":""Point"",""coordinates"":[72.4397735038348,-7.309220207747901]}"
482,1241,897,710,589,0.20726783573627472,555,400,-7.316329688393127,72.396068944009,"{""type"":""Point"",""coordinates"":[72.39607686013751,-7.31633122189011]}"
483,1246,928,794,607,0.20912052690982819,619,467,-7.31305472097523,72.38727099539724,"{""type"":""Point"",""coordinates"":[72.38729279286107,-7.3130886724777735]}"
484,1088,804,700,459,0.27315914489311166,554,431,-7.296291968427546,72.37068406756444,"{""type"":""Point"",""coordinates"":[72.3707161093433,-7.296285412478306]}"
485,1362,1046,904,718,0.18594104051589966,659,479,-7.300522794844729,72.38455366567952,"{""type"":""Point"",""coordinates"":[72.38454640039686,-7.3005601698101]}"
486,1537,1178,901,765,0.21255789697170258,722,539,-7.2876825984192175,72.39883704681048,"{""type"":""Point"",""coordinates"":[72.39883104099724,-7.287723326926757]}"
487,1272,1077,901,685,0.22247445583343506,636,465,-7.339625775109596,72.40827533739493,"{""type"":""Point"",""coordinates"":[72.40825542151147,-7.339634622906292]}"
488,1691,1225,890,722,0.25834617018699646,713,534,-7.307140159301231,72.42901072742033,"{""type"":""Point"",""coordinates"":[72.42896635658047,-7.307107783366773]}"
489,1705,1247,840,684,0.29155877232551575,665,504,-7.310891913058754,72.4343753850594,"{""type"":""Point"",""coordinates"":[72.43438521088235,-7.310889084533236]}"
490,1195,852,678,537,0.22678185999393463,590,468,-7.313963851637892,72.37443449924776,"{""type"":""Point"",""coordinates"":[72.37440254721787,-7.31399661378431]}"
491,1744,1299,644,458,0.4786567986011505,363,264,-7.323942495731089,72.43999232456385,"{""type"":""Point"",""coordinates"":[72.44000484500965,-7.323944822775202]}"
492,1291,1031,788,678,0.20655353367328644,635,474,-7.344664555615507,72.42251428383472,"{""type"":""Point"",""coordinates"":[72.42253119192223,-7.344637409251888]}"
493,1823,1781,1336,967,0.29621542940320233,814,570,-7.28480687595495,72.372859123466,"{""type"":""Point"",""coordinates"":[72.37284218437713,-7.28482128798749]}"
494,1407,1068,895,710,0.20134982466697693,714,545,-7.277711702876862,72.40382633765257,"{""type"":""Point"",""coordinates"":[72.4038185264799,-7.277719652133289]}"
498,1280,950,743,659,0.18085767328739166,567,427,-7.341246583033695,72.39698147424245,"{""type"":""Point"",""coordinates"":[72.39693633273254,-7.341205019014591]}"
499,1701,1348,903,713,0.30810287594795227,699,519,-7.2848677449254255,72.38886751027195,"{""type"":""Point"",""coordinates"":[72.38889630808332,-7.28486447851653]}"
500,1068,726,578,393,0.297587126493454,551,418,-7.331414211325318,72.40748921656132,"{""type"":""Point"",""coordinates"":[72.40745874228362,-7.331458142661893]}"
501,1497,1121,810,640,0.2731402516365051,602,451,-7.2888540713730325,72.41114557624084,"{""type"":""Point"",""coordinates"":[72.41115982164965,-7.288832602916661]}"
502,1692,1413,1021,776,0.29100045561790466,688,483,-7.3325359382278466,72.42622021204727,"{""type"":""Point"",""coordinates"":[72.42621464236461,-7.332570596915856]}"
503,1393,1081,861,681,0.22701475024223328,658,496,-7.292394513346381,72.43251578093135,"{""type"":""Point"",""coordinates"":[72.4325053043351,-7.292431452075815]}"
504,1236,958,767,630,0.20654912292957306,587,414,-7.328300570426709,72.37734633081455,"{""type"":""Point"",""coordinates"":[72.37732899572723,-7.328269139032811]}"
505,1926,1664,1161,940,0.2780337929725647,777,544,-7.328938592263722,72.42429333825149,"{""type"":""Point"",""coordinates"":[72.42431982492411,-7.328930364967471]}"
506,1276,950,769,626,0.20558375120162964,621,474,-7.2800480821242015,72.42925650274735,"{""type"":""Point"",""coordinates"":[72.42926298271625,-7.280012919711588]}"
507,1344,1009,835,631,0.23048780858516693,682,512,-7.281069434010859,72.42555642471675,"{""type"":""Point"",""coordinates"":[72.42552311290704,-7.281061504829253]}"
508,3073,3326,2337,897,0.5751835107803345,850,645,-7.2833841253108265,72.38198294661663,"{""type"":""Point"",""coordinates"":[72.38202001373804,-7.283369409438038]}"
509,1857,1465,935,724,0.3385107219219208,693,529,-7.300440090037501,72.41946346536821,"{""type"":""Point"",""coordinates"":[72.41945728824584,-7.300447536441686]}"
510,1347,1072,873,735,0.18649695813655853,675,491,-7.340317215686668,72.41235080476821,"{""type"":""Point"",""coordinates"":[72.41239293567759,-7.340333308704319]}"
512,1537,1291,1239,907,0.17470428347587585,1143,906,-7.346258213439718,72.41483830057193,"{""type"":""Point"",""coordinates"":[72.4148315632231,-7.346250393299751]}"
513,1227,954,868,607,0.2222934067249298,732,560,-7.349033483480799,72.3942366544509,"{""type"":""Point"",""coordinates"":[72.39420675822488,-7.349072862313779]}"
516,1224,894,749,535,0.2512246370315552,579,413,-7.316408746231053,72.37354841089537,"{""type"":""Point"",""coordinates"":[72.37353364006614,-7.3164373419377915]}"
517,1457,942,645,612,0.21235521137714386,543,421,-7.324416033362623,72.41340539305148,"{""type"":""Point"",""coordinates"":[72.41338428219296,-7.324371913800456]}"
518,1413,1055,801,675,0.21965317919075145,620,445,-7.293881266968023,72.379077177528,"{""type"":""Point"",""coordinates"":[72.37905879608375,-7.293853286633957]}"
519,1650,1262,848,698,0.2877551019191742,627,460,-7.3109987530077625,72.4322056236777,"{""type"":""Point"",""coordinates"":[72.43216931756193,-7.310954409686652]}"
520,1304,988,824,613,0.23422861099243164,638,478,-7.28823475113333,72.4332979970535,"{""type"":""Point"",""coordinates"":[72.43329014292738,-7.288219008610183]}"
522,1445,1248,911,734,0.2593340060544904,702,514,-7.286336589272058,72.3735941040402,"{""type"":""Point"",""coordinates"":[72.37357902501648,-7.2863242139078075]}"
524,2008,1661,921,689,0.41361701488494873,670,517,-7.344701155696464,72.44132769528235,"{""type"":""Point"",""coordinates"":[72.4413130761578,-7.344726156093791]}"
525,1654,1220,866,684,0.28151261806488037,657,490,-7.310459738604811,72.43183974037917,"{""type"":""Point"",""coordinates"":[72.43180298336759,-7.310444520778992]}"
526,2629,2586,1535,518,0.6662371158599854,460,338,-7.304272978326239,72.41415660610272,"{""type"":""Point"",""coordinates"":[72.4141417353189,-7.304248026527234]}"
527,1575,1264,1167,913,0.16123105585575104,973,785,-7.344424714676101,72.41844225370853,"{""type"":""Point"",""coordinates"":[72.41840977395681,-7.344463573052077]}"
529,1264,948,784,623,0.20687460899353027,580,439,-7.318747745336276,72.37474182116404,"{""type"":""Point"",""coordinates"":[72.37477565626456,-7.3187886836377825]}"
530,1250,909,734,604,0.20158624649047852,598,445,-7.322003991860713,72.37404273946147,"{""type"":""Point"",""coordinates"":[72.37403494221668,-7.321989186110458]}"
531,2136,1866,1058,810,0.39461883902549744,775,561,-7.28865692352357,72.38934821459956,"{""type"":""Point"",""coordinates"":[72.38932590385096,-7.288696696371605]}"
532,1321,998,811,694,0.17966903746128082,609,432,-7.328056869091172,72.39769538979577,"{""type"":""Point"",""coordinates"":[72.39773323612033,-7.328028781707953]}"
535,1708,1401,1018,792,0.2777017652988434,795,590,-7.279497845257106,72.38240599014567,"{""type"":""Point"",""coordinates"":[72.38238482004675,-7.279523176176627]}"
536,1351,1028,809,729,0.1701764315366745,611,438,-7.318360095274074,72.402234601697,"{""type"":""Point"",""coordinates"":[72.40222182009704,-7.318332118518598]}"
537,1266,1043,856,693,0.2016129046678543,663,508,-7.33910665173194,72.40528656713238,"{""type"":""Point"",""coordinates"":[72.40528796657603,-7.33912474086475]}"
538,1285,962,788,684,0.16889429092407227,561,416,-7.327035687629023,72.37742724395804,"{""type"":""Point"",""coordinates"":[72.3773829495218,-7.3270262750628845]}"
539,1234,967,844,618,0.22018927335739136,662,488,-7.342224104927555,72.39906925924797,"{""type"":""Point"",""coordinates"":[72.39911283488644,-7.342244687039831]}"
540,1264,978,838,620,0.2240300327539444,691,556,-7.34519374557094,72.38850903490082,"{""type"":""Point"",""coordinates"":[72.3884879850708,-7.345184977383406]}"
541,1208,948,833,613,0.21460601687431335,616,481,-7.329117351058027,72.37680979189705,"{""type"":""Point"",""coordinates"":[72.3767656758551,-7.329135643597079]}"
542,3401,3777,2679,976,0.5893120169639587,856,632,-7.283931337229398,72.381263532414,"{""type"":""Point"",""coordinates"":[72.38129033835276,-7.283973703766475]}"
543,1264,1051,942,706,0.19635742902755737,703,526,-7.3378508197971595,72.39225229386412,"{""type"":""Point"",""coordinates"":[72.39227039087095,-7.337856312826507]}"
544,1326,984,797,613,0.23231057822704315,621,473,-7.289039157858274,72.43438936439863,"{""type"":""Point"",""coordinates"":[72.43440934183023,-7.28903748496009]}"
545,3472,3787,2671,1133,0.5394309163093567,825,572,-7.310589279937367,72.42668558984356,"{""type"":""Point"",""coordinates"":[72.42666526521529,-7.310628931362105]}"
546,2015,2019,1449,1054,0.3140253823625122,868,624,-7.284441623500038,72.37339903524597,"{""type"":""Point"",""coordinates"":[72.37342929521225,-7.284400256579374]}"
547,1024,829,497,785,0.027261462062597275,321,141,-7.307489381143082,72.4187031267517,"{""type"":""Point"",""coordinates"":[72.41873147235322,-7.3075087403469325]}"
548,1507,1202,761,651,0.29735565185546875,625,473,-7.311531588505061,72.39766063512334,"{""type"":""Point"",""coordinates"":[72.39764977415315,-7.31156328436703]}"
549,1236,870,673,575,0.20415225625038147,522,411,-7.32730590859974,72.37751973026592,"{""type"":""Point"",""coordinates"":[72.3775446455991,-7.327349273745531]}"
550,2886,3186,2588,1167,0.4638180434703827,935,645,-7.29544757527603,72.39898610853534,"{""type"":""Point"",""coordinates"":[72.39901003814279,-7.295485558744858]}"
551,3375,3293,1552,686,0.6551897525787354,642,479,-7.327607520245432,72.43305628586555,"{""type"":""Point"",""coordinates"":[72.43304931404575,-7.327572826077613]}"
552,1254,963,827,638,0.20299813151359558,614,466,-7.330630703505966,72.4155330157792,"{""type"":""Point"",""coordinates"":[72.4155596005587,-7.330630087370865]}"
553,1634,1255,904,737,0.26004016399383545,726,533,-7.292332462405816,72.40493161476972,"{""type"":""Point"",""coordinates"":[72.40494679303355,-7.292370207447745]}"
554,1185,861,676,514,0.2523636221885681,559,431,-7.318683592493485,72.39527275179533,"{""type"":""Point"",""coordinates"":[72.39530674527832,-7.318677570937464]}"
555,1329,952,716,598,0.22838710248470306,612,460,-7.297919024775035,72.38254433198315,"{""type"":""Point"",""coordinates"":[72.38252413633766,-7.297890626383026]}"
556,1217,960,743,563,0.2606697380542755,619,473,-7.330721000123664,72.41553370453117,"{""type"":""Point"",""coordinates"":[72.41556998000266,-7.33068343148846]}"
557,1277,949,754,580,0.2413341999053955,611,453,-7.293511907371303,72.43994013303983,"{""type"":""Point"",""coordinates"":[72.43993405488148,-7.293512626641498]}"
558,1346,1010,805,624,0.23623010516166687,589,430,-7.305979405463061,72.39146848950102,"{""type"":""Point"",""coordinates"":[72.39149663001136,-7.30599109694443]}"
559,1280,921,776,617,0.19765929877758026,610,455,-7.347105064590778,72.38653357843549,"{""type"":""Point"",""coordinates"":[72.38653574953776,-7.347148244420727]}"
560,1312,958,786,643,0.19675202667713165,565,418,-7.329700908631178,72.41905331975546,"{""type"":""Point"",""coordinates"":[72.41905472703027,-7.329714648641511]}"
561,1279,948,772,597,0.22718445956707,629,471,-7.281295068944366,72.43152686268748,"{""type"":""Point"",""coordinates"":[72.4315341817148,-7.281314034543603]}"
562,1195,896,723,530,0.256661981344223,559,425,-7.347787681288881,72.3798452430548,"{""type"":""Point"",""coordinates"":[72.37983412080686,-7.347747404728272]}"
563,1590,1142,762,623,0.29405099153518677,586,435,-7.3304880940303505,72.42240582762759,"{""type"":""Point"",""coordinates"":[72.42241251768682,-7.330482781750918]}"
564,2321,1891,850,634,0.49782177805900574,600,448,-7.331073667796271,72.44031841833441,"{""type"":""Point"",""coordinates"":[72.44028334685869,-7.331082538464509]}"
566,2651,2546,1267,773,0.5341970324516296,746,541,-7.345094939042411,72.4370797113523,"{""type"":""Point"",""coordinates"":[72.43708763467677,-7.345125787767056]}"
567,1281,943,807,615,0.21052631735801697,623,467,-7.282311952467519,72.44030677193197,"{""type"":""Point"",""coordinates"":[72.44028546296002,-7.2823415439163055]}"
568,1308,1069,904,704,0.2058657705783844,658,482,-7.337930181312924,72.36973058963565,"{""type"":""Point"",""coordinates"":[72.36974465529089,-7.337949179112982]}"
569,1355,1082,871,768,0.16972972452640533,601,419,-7.3034123836734866,72.38457541967628,"{""type"":""Point"",""coordinates"":[72.38457059484894,-7.303444510983948]}"
571,1635,1253,911,724,0.2675771415233612,718,542,-7.285484917359407,72.39086182279955,"{""type"":""Point"",""coordinates"":[72.39082288267717,-7.2855045818121]}"
572,933,619,455,267,0.3972911834716797,281,224,-7.341327675763324,72.41009729176237,"{""type"":""Point"",""coordinates"":[72.4100935528488,-7.341311843554819]}"
573,1356,1036,919,744,0.16404494643211365,625,468,-7.338347871582652,72.41007457048465,"{""type"":""Point"",""coordinates"":[72.41011303801419,-7.338315893951204]}"
574,1390,1036,846,667,0.21667645871639252,678,517,-7.282427982546091,72.42502413322238,"{""type"":""Point"",""coordinates"":[72.42506728660565,-7.282465255188318]}"
575,1285,985,846,660,0.1975683867931366,698,548,-7.335468964572218,72.37278740132501,"{""type"":""Point"",""coordinates"":[72.37283068377006,-7.335430506632976]}"
578,1587,1237,767,646,0.31386086344718933,604,455,-7.321692023035887,72.4153744331158,"{""type"":""Point"",""coordinates"":[72.41534045602971,-7.321718561574848]}"
579,1293,946,721,636,0.19595448672771454,567,418,-7.320250049157407,72.39112407978605,"{""type"":""Point"",""coordinates"":[72.39113794890635,-7.320279917355744]}"
580,1242,969,828,627,0.2142857164144516,635,460,-7.330919466720725,72.4131836078838,"{""type"":""Point"",""coordinates"":[72.4131507203099,-7.330939169055538]}"
581,1281,949,802,635,0.19823232293128967,640,483,-7.345959479821534,72.3707860955876,"{""type"":""Point"",""coordinates"":[72.37080063624028,-7.3459452476920735]}"
582,1321,962,759,681,0.17102859914302826,611,463,-7.317423506108828,72.39472054054221,"{""type"":""Point"",""coordinates"":[72.39473241457331,-7.317418534906408]}"
583,1464,1068,725,637,0.25278592109680176,594,423,-7.318424394165041,72.40567199844509,"{""type"":""Point"",""coordinates"":[72.40570564232165,-7.318448318956929]}"
584,1234,852,698,563,0.20424027740955353,579,432,-7.338009351998363,72.40708718838026,"{""type"":""Point"",""coordinates"":[72.40705216535983,-7.337976071394974]}"
585,3407,3640,2194,785,0.6451977491378784,599,441,-7.338985374629016,72.43305310478283,"{""type"":""Point"",""coordinates"":[72.43301304301814,-7.3389721592345]}"
586,1233,933,735,593,0.2228047251701355,675,534,-7.334713308672755,72.41303163984317,"{""type"":""Point"",""coordinates"":[72.41302839446227,-7.334724345904382]}"
587,3850,3974,2905,1502,0.45142439007759094,1727,1361,-7.30404109700457,72.40899968691554,"{""type"":""Point"",""coordinates"":[72.40896008425982,-7.304033782927231]}"
588,1204,915,768,574,0.22901275753974915,548,416,-7.307635399356332,72.38741100533463,"{""type"":""Point"",""coordinates"":[72.38744386108026,-7.307640699842637]}"
589,1273,1032,880,646,0.23003575205802917,592,441,-7.313577557985061,72.37777811661286,"{""type"":""Point"",""coordinates"":[72.37774181966321,-7.313594616481285]}"
590,1202,922,735,605,0.20759659462999344,575,420,-7.300769815320679,72.37569205511784,"{""type"":""Point"",""coordinates"":[72.37572763987106,-7.300783875694319]}"
592,1418,1085,877,711,0.2082405388355255,672,497,-7.280318874896046,72.3933552350974,"{""type"":""Point"",""coordinates"":[72.3933812953474,-7.2802854587700105]}"
593,2387,2058,1039,724,0.4795111417770386,721,537,-7.339653701066573,72.44011304540166,"{""type"":""Point"",""coordinates"":[72.44015156867643,-7.339641929584766]}"
594,1381,1031,806,625,0.24516908824443817,650,489,-7.287810227156028,72.41783006910605,"{""type"":""Point"",""coordinates"":[72.41779730873246,-7.28779503545025]}"
595,1239,967,857,634,0.2079949975013733,641,454,-7.329986247667539,72.41715613170277,"{""type"":""Point"",""coordinates"":[72.4171814706514,-7.330028286870446]}"
596,1254,918,698,632,0.18451613187789917,652,453,-7.329743040592108,72.38965829021943,"{""type"":""Point"",""coordinates"":[72.3896557637117,-7.329754883795789]}"
597,1175,926,810,574,0.23466666042804718,634,452,-7.326266574609711,72.407540501217,"{""type"":""Point"",""coordinates"":[72.40754666613874,-7.326276827622251]}"
598,3360,3164,1582,604,0.6794055104255676,546,347,-7.303645693871265,72.41351875342393,"{""type"":""Point"",""coordinates"":[72.41353288545822,-7.303621674371687]}"
599,1248,954,807,616,0.21528662741184235,600,448,-7.3089763131332495,72.37720082897597,"{""type"":""Point"",""coordinates"":[72.37719315068476,-7.3089671769270605]}"
600,3003,2843,1269,682,0.6130496263504028,648,482,-7.3354195716886,72.43881425299114,"{""type"":""Point"",""coordinates"":[72.4387909609729,-7.3354567259228505]}"
601,1193,930,731,614,0.2046632170677185,574,433,-7.308436531980224,72.38895460136371,"{""type"":""Point"",""coordinates"":[72.38897647203339,-7.308418524031934]}"
602,1365,1064,792,651,0.24081632494926453,618,445,-7.299971494951939,72.38581571756193,"{""type"":""Point"",""coordinates"":[72.38579745582986,-7.299982269393807]}"
603,1331,965,808,620,0.21766561269760132,663,497,-7.285207959720233,72.42757747329533,"{""type"":""Point"",""coordinates"":[72.42762280918609,-7.285232584461971]}"
604,1258,977,860,657,0.19583843648433685,622,466,-7.31869613856135,72.38161543360826,"{""type"":""Point"",""coordinates"":[72.38160178103388,-7.318711980037055]}"
605,1384,1055,856,661,0.22960372269153595,674,501,-7.283181717812815,72.40893213665878,"{""type"":""Point"",""coordinates"":[72.40893812678394,-7.283172727139443]}"
606,2331,1878,888,680,0.4683346450328827,656,503,-7.3286343376748695,72.44048056617329,"{""type"":""Point"",""coordinates"":[72.44046914554421,-7.328632730177981]}"
607,1214,1029,715,805,0.1221374049782753,392,176,-7.307492125495378,72.41834138194149,"{""type"":""Point"",""coordinates"":[72.41838458836551,-7.307502779544028]}"
608,1178,901,755,571,0.2241847813129425,610,445,-7.31117271384058,72.3853574482328,"{""type"":""Point"",""coordinates"":[72.38534192352537,-7.311157490984401]}"
609,1300,929,690,603,0.2127937376499176,547,390,-7.3291680761800855,72.41787345625319,"{""type"":""Point"",""coordinates"":[72.41783567242436,-7.329168454454341]}"
610,1830,1347,890,685,0.32578739523887634,669,506,-7.316809243066838,72.4399376022389,"{""type"":""Point"",""coordinates"":[72.43997203630053,-7.316822077169389]}"
611,1241,931,759,613,0.2059585452079773,574,432,-7.328842778913208,72.38928968313795,"{""type"":""Point"",""coordinates"":[72.38933462769286,-7.328817692389417]}"
612,1256,964,822,642,0.20049813389778137,627,457,-7.3300297480716905,72.39951931249384,"{""type"":""Point"",""coordinates"":[72.3995351007361,-7.330020071233622]}"
613,1413,1064,836,687,0.21530553698539734,687,521,-7.282027827697131,72.41823839363971,"{""type"":""Point"",""coordinates"":[72.4182272196865,-7.282011705129473]}"
614,1355,1042,861,710,0.18949772417545319,557,434,-7.314678748237804,72.3874641431732,"{""type"":""Point"",""coordinates"":[72.38747465215637,-7.314664794707584]}"
615,1289,983,823,626,0.22187694907188416,629,472,-7.312513605129233,72.3871764669853,"{""type"":""Point"",""coordinates"":[72.38719028334785,-7.312512081197465]}"
616,2119,1625,936,720,0.3859274983406067,730,555,-7.317540583588372,72.43876747011814,"{""type"":""Point"",""coordinates"":[72.43874519893279,-7.317578981154745]}"
617,1422,1098,860,697,0.2233983278274536,652,487,-7.285628059018373,72.41980312755673,"{""type"":""Point"",""coordinates"":[72.41980546797951,-7.285625345739671]}"
618,3603,3528,1651,708,0.6657223701477051,645,474,-7.327969391021718,72.43296861494143,"{""type"":""Point"",""coordinates"":[72.43300101253267,-7.3279322475976905]}"
619,1196,940,767,591,0.22795557975769043,563,414,-7.309186803446071,72.3852520322065,"{""type"":""Point"",""coordinates"":[72.38522262634712,-7.309169127700667]}"
620,1417,1093,826,663,0.2448747158050537,659,492,-7.283030557017857,72.39301389025263,"{""type"":""Point"",""coordinates"":[72.3929779129559,-7.283045029045123]}"
621,1328,1004,823,670,0.19952210783958435,646,480,-7.288732234470814,72.42724254052783,"{""type"":""Point"",""coordinates"":[72.42722380916165,-7.2887423071458555]}"
622,1305,995,820,648,0.21119903028011322,656,492,-7.278879724251761,72.42852414072937,"{""type"":""Point"",""coordinates"":[72.42855593574461,-7.27886797734404]}"
623,1277,1005,903,677,0.19500594530321047,609,439,-7.3030205555205185,72.37661339880592,"{""type"":""Point"",""coordinates"":[72.37665619134613,-7.303021782804244]}"
624,2431,2046,1052,785,0.4454256594181061,779,581,-7.326383902857985,72.439558849779,"{""type"":""Point"",""coordinates"":[72.43956281916044,-7.326340638972474]}"
625,1509,1142,866,718,0.22795699536800385,676,496,-7.29948840805153,72.42587742771214,"{""type"":""Point"",""coordinates"":[72.42587819886222,-7.29947502710084]}"
626,2504,2335,1097,670,0.5540765523910522,639,474,-7.339216787108615,72.43821031946746,"{""type"":""Point"",""coordinates"":[72.43823157099216,-7.339223021678688]}"
627,1553,1148,813,642,0.28268155455589294,643,483,-7.29313567017325,72.41814180769907,"{""type"":""Point"",""coordinates"":[72.41816427433285,-7.293128983445448]}"
628,3821,3965,2265,927,0.621013879776001,865,655,-7.335904278155457,72.43447659300668,"{""type"":""Point"",""coordinates"":[72.43448115112997,-7.335892028819296]}"
629,1433,1090,816,670,0.23863635957241058,647,486,-7.278361450645341,72.38945167197123,"{""type"":""Point"",""coordinates"":[72.38947874552376,-7.278334404612777]}"
630,1359,1029,824,664,0.215593621134758,670,502,-7.291261885793685,72.42708091888866,"{""type"":""Point"",""coordinates"":[72.42709996960603,-7.291235657942152]}"
632,1323,984,757,668,0.19128328561782837,615,439,-7.327105295032941,72.40410991070901,"{""type"":""Point"",""coordinates"":[72.40410066035972,-7.3271386798919815]}"
635,1313,961,788,650,0.19304779171943665,625,461,-7.307918532533405,72.38578514067412,"{""type"":""Point"",""coordinates"":[72.38579091447497,-7.307953766682509]}"
636,1130,822,685,526,0.21958456933498383,560,425,-7.34849643449776,72.3816596694685,"{""type"":""Point"",""coordinates"":[72.38162935135526,-7.348539789193248]}"
637,1363,1051,874,717,0.18891403079032898,623,453,-7.330316888321042,72.38541153605516,"{""type"":""Point"",""coordinates"":[72.38543042310607,-7.330327607935628]}"
639,1170,917,890,564,0.2383524626493454,652,488,-7.3380184247229945,72.39397211376905,"{""type"":""Point"",""coordinates"":[72.39395863120085,-7.338037103131764]}"
640,1204,922,760,593,0.21716171503067017,583,425,-7.311929600680962,72.39277964660839,"{""type"":""Point"",""coordinates"":[72.39277238751002,-7.311916021078593]}"
641,1220,912,728,594,0.21115538477897644,546,409,-7.333351600377587,72.40207708719099,"{""type"":""Point"",""coordinates"":[72.4020589270343,-7.333365448610413]}"
642,1976,2089,1711,1132,0.29711270332336426,797,585,-7.307928516592077,72.39645761014411,"{""type"":""Point"",""coordinates"":[72.39647863714873,-7.307914232660583]}"
643,3882,4110,2322,863,0.6529257893562317,785,577,-7.336804457824875,72.43484528640825,"{""type"":""Point"",""coordinates"":[72.43481759044684,-7.336826423367614]}"
644,1310,1007,821,638,0.22431610524654388,655,490,-7.291132443078177,72.43223484772521,"{""type"":""Point"",""coordinates"":[72.43223468416465,-7.291093062773949]}"
647,1459,1261,869,723,0.27116936445236206,630,465,-7.316807248516134,72.40457438680095,"{""type"":""Point"",""coordinates"":[72.40459596548847,-7.316828213414327]}"
648,1675,1221,811,633,0.31715211272239685,612,460,-7.300953740593591,72.42317540519159,"{""type"":""Point"",""coordinates"":[72.42313177662055,-7.300949136591043]}"
649,2820,2519,2681,2254,0.05552063509821892,2689,2357,-7.347267319788202,72.4127656647181,"{""type"":""Point"",""coordinates"":[72.41273513736374,-7.34726514747544]}"
650,2783,2590,2004,1393,0.3005272448062897,769,533,-7.339467279506154,72.42907714641348,"{""type"":""Point"",""coordinates"":[72.4290340086164,-7.339482359677153]}"
651,2221,2390,1975,1280,0.30245232582092285,811,569,-7.328029431085026,72.42510039295509,"{""type"":""Point"",""coordinates"":[72.4250834678099,-7.328051818464927]}"
652,1178,855,683,527,0.23733718693256378,558,415,-7.322669750667436,72.40552335053792,"{""type"":""Point"",""coordinates"":[72.40552422827126,-7.322682712215929]}"
653,1203,940,767,572,0.24338623881340027,604,463,-7.332872086010864,72.39384263337428,"{""type"":""Point"",""coordinates"":[72.39385922269501,-7.332844448815807]}"
655,1251,960,817,622,0.21365360915660858,618,464,-7.320040118813393,72.39501168303585,"{""type"":""Point"",""coordinates"":[72.39500091687599,-7.3200270738785935]}"
657,1245,959,820,628,0.20856963098049164,608,462,-7.343645555754715,72.40215538120316,"{""type"":""Point"",""coordinates"":[72.40214225694997,-7.343666756512183]}"
658,1396,1080,824,664,0.23853211104869843,639,474,-7.282196141178466,72.39590164202028,"{""type"":""Point"",""coordinates"":[72.39592946664538,-7.282164920821054]}"
659,2904,3314,3203,3068,0.03854591026902199,1657,983,-7.309880966469769,72.40099456095568,"{""type"":""Point"",""coordinates"":[72.40101548096499,-7.309865003043076]}"
660,1328,1012,833,676,0.1990521401166916,684,527,-7.279076726883071,72.41441771449144,"{""type"":""Point"",""coordinates"":[72.4144428556136,-7.279089336743832]}"
661,1401,1092,881,693,0.2235294133424759,694,525,-7.281411194820966,72.40421601094477,"{""type"":""Point"",""coordinates"":[72.40419890321348,-7.281377529034457]}"
662,1320,1005,820,669,0.20071685314178467,658,491,-7.287149148390004,72.43356103044385,"{""type"":""Point"",""coordinates"":[72.43352255458025,-7.287111680360972]}"
663,1179,898,709,589,0.2078009396791458,550,395,-7.2999965995398535,72.38246951377539,"{""type"":""Point"",""coordinates"":[72.38247723495337,-7.300006591315695]}"
665,1202,946,881,617,0.21049264073371887,606,457,-7.330344681596324,72.41752065149772,"{""type"":""Point"",""coordinates"":[72.41752917386074,-7.330307822360088]}"
666,3237,3514,3036,3260,0.037496309727430344,1329,751,-7.30788074026442,72.4147266717987,"{""type"":""Point"",""coordinates"":[72.41475134182984,-7.307921546553096]}"
668,1588,1299,1171,945,0.15775400400161743,1069,819,-7.333821125105462,72.37575985958756,"{""type"":""Point"",""coordinates"":[72.37576303177347,-7.333848633653316]}"
669,1208,897,750,622,0.18104015290737152,586,432,-7.343134990964763,72.37411154960006,"{""type"":""Point"",""coordinates"":[72.37413464122922,-7.343154562550242]}"
671,1601,1453,1064,882,0.24453961849212646,663,454,-7.298703907517263,72.38625838768036,"{""type"":""Point"",""coordinates"":[72.38628543138465,-7.2987286228760215]}"
672,2346,2345,1599,836,0.47437912225723267,816,594,-7.2947500284611655,72.4076631026326,"{""type"":""Point"",""coordinates"":[72.40764734682246,-7.294779524175766]}"
673,1281,1015,887,678,0.19905492663383484,595,423,-7.3470891403672605,72.37667409851109,"{""type"":""Point"",""coordinates"":[72.3766989405657,-7.34705202116554]}"
674,1368,1077,893,719,0.1993318498134613,687,504,-7.293073523359103,72.43821848696172,"{""type"":""Point"",""coordinates"":[72.43825153168872,-7.29311274953877]}"
675,1609,1252,929,733,0.26146095991134644,711,537,-7.284585317964323,72.39040285681354,"{""type"":""Point"",""coordinates"":[72.3903789474079,-7.284553254604246]}"
676,1179,861,720,482,0.2822040319442749,622,464,-7.300877205885311,72.38546076483493,"{""type"":""Point"",""coordinates"":[72.38546880226764,-7.300907473076115]}"
677,1257,981,859,685,0.17767107486724854,635,461,-7.343465646233726,72.40206356164278,"{""type"":""Point"",""coordinates"":[72.40204889712697,-7.3434513384385545]}"
678,1554,1336,874,678,0.3267129957675934,663,489,-7.326073918022752,72.42101542768107,"{""type"":""Point"",""coordinates"":[72.42103048205536,-7.326051393106209]}"
679,2414,2000,939,731,0.4646649658679962,726,549,-7.3203424770208505,72.43842718427226,"{""type"":""Point"",""coordinates"":[72.43840092807166,-7.320367277529105]}"
680,2408,2375,1535,818,0.4876291751861572,799,614,-7.29885242861859,72.41447720316145,"{""type"":""Point"",""coordinates"":[72.41443287076477,-7.298885977627385]}"
681,1352,927,614,537,0.2663934528827667,440,359,-7.30163213708917,72.42896870112263,"{""type"":""Point"",""coordinates"":[72.42898268757673,-7.3016210026089405]}"
682,1495,1131,879,690,0.24217462539672852,700,511,-7.2863796214949845,72.40398222361053,"{""type"":""Point"",""coordinates"":[72.40401684422731,-7.286398211504622]}"
683,1368,1037,821,671,0.2142857164144516,660,496,-7.290385329406243,72.4354848684628,"{""type"":""Point"",""coordinates"":[72.43547530488144,-7.2903857537017025]}"
684,1341,1038,832,670,0.21545667946338654,661,495,-7.280618601325854,72.41352502504164,"{""type"":""Point"",""coordinates"":[72.41354196260185,-7.280655947373454]}"
685,1142,824,715,509,0.23630908131599426,531,429,-7.337912874238387,72.40790049104773,"{""type"":""Point"",""coordinates"":[72.4078939154168,-7.337925293566461]}"
686,1271,922,698,601,0.2107682228088379,501,354,-7.344942646098774,72.39782361985354,"{""type"":""Point"",""coordinates"":[72.39779146565196,-7.344932015064886]}"
687,3720,3930,2651,866,0.6388657093048096,857,644,-7.299769768767869,72.41258492120575,"{""type"":""Point"",""coordinates"":[72.4125951013483,-7.299814330329993]}"
688,1585,1352,826,684,0.3280943036079407,619,462,-7.320621506611452,72.4136478340687,"{""type"":""Point"",""coordinates"":[72.41365437643833,-7.320586950605122]}"
689,3921,4211,2804,1076,0.5929638743400574,943,688,-7.302241302534166,72.40817206562892,"{""type"":""Point"",""coordinates"":[72.40815339583166,-7.302283659856876]}"
690,1364,1044,880,693,0.20207254588603973,698,525,-7.278859023399133,72.40736203199967,"{""type"":""Point"",""coordinates"":[72.40736107010254,-7.278901603695093]}"
691,1367,994,794,626,0.2271604984998703,581,435,-7.300922257835397,72.43918285593922,"{""type"":""Point"",""coordinates"":[72.43915677341026,-7.300964443161073]}"
692,3410,3238,1538,903,0.5638734698295593,838,628,-7.295449866468523,72.41065291721557,"{""type"":""Point"",""coordinates"":[72.41066612397049,-7.295483194249212]}"
693,3384,3461,1992,704,0.6619448065757751,624,470,-7.298341428194126,72.41040351801448,"{""type"":""Point"",""coordinates"":[72.41042698294348,-7.298345508035147]}"
694,1437,1074,842,680,0.22462941706180573,667,504,-7.302943204062294,72.43467637617525,"{""type"":""Point"",""coordinates"":[72.43471391741099,-7.30297320496458]}"
695,3457,3506,1748,818,0.6216466426849365,798,595,-7.304435072339002,72.4165997470396,"{""type"":""Point"",""coordinates"":[72.41661267684019,-7.304462336785613]}"
696,957,636,441,312,0.3417721390724182,216,156,-7.348298767649677,72.38391949746405,"{""type"":""Point"",""coordinates"":[72.38394149849049,-7.348327608073817]}"
697,2011,2233,1739,1128,0.3287712037563324,818,601,-7.308105022949926,72.39700160601255,"{""type"":""Point"",""coordinates"":[72.39697680454218,-7.308147271338074]}"
698,1609,1279,795,674,0.3097798228263855,587,441,-7.337672427561455,72.42761624019437,"{""type"":""Point"",""coordinates"":[72.42766162910006,-7.3377060887079155]}"
699,1189,893,722,551,0.2368421107530594,568,452,-7.315792227255433,72.37146348759364,"{""type"":""Point"",""coordinates"":[72.37144486787133,-7.315805585899339]}"
701,2244,2203,1448,835,0.4502962529659271,782,595,-7.336964275378166,72.43755988671468,"{""type"":""Point"",""coordinates"":[72.43757664277179,-7.3369226553099445]}"
702,1205,922,755,570,0.23592492938041687,593,436,-7.343311795174185,72.39853482646518,"{""type"":""Point"",""coordinates"":[72.39857961871782,-7.3432784697379185]}"
703,1399,1060,852,688,0.21281464397907257,661,500,-7.281870172367578,72.40322466303306,"{""type"":""Point"",""coordinates"":[72.40323496039109,-7.281866447348121]}"
704,1634,1189,856,709,0.25289779901504517,673,507,-7.308924032079174,72.43191844504307,"{""type"":""Point"",""coordinates"":[72.43190563107561,-7.30891109027721]}"
705,1202,829,648,542,0.20933625102043152,607,465,-7.328736784523069,72.39136919224191,"{""type"":""Point"",""coordinates"":[72.39138837195917,-7.328727303020615]}"
706,1556,1199,850,663,0.28786250948905945,635,461,-7.292283048923181,72.39950485055212,"{""type"":""Point"",""coordinates"":[72.39946203412441,-7.292320066713951]}"
707,2276,2221,1540,864,0.43987032771110535,777,574,-7.309680819506087,72.42740218611063,"{""type"":""Point"",""coordinates"":[72.4274304505392,-7.309678974260074]}"
708,1522,1125,827,660,0.26050421595573425,628,465,-7.289480687717373,72.41187382977034,"{""type"":""Point"",""coordinates"":[72.41187356125238,-7.289477938534596]}"
709,1340,1048,867,660,0.2271662801504135,682,517,-7.2970478639973475,72.43806797893993,"{""type"":""Point"",""coordinates"":[72.43804700503465,-7.297019614716064]}"
710,1474,1177,767,669,0.27518959913326113,621,460,-7.285717981942369,72.37178064822366,"{""type"":""Point"",""coordinates"":[72.37181193570335,-7.285728096305568]}"
711,1211,916,792,587,0.2188955396413803,610,463,-7.320192716023183,72.3987211235136,"{""type"":""Point"",""coordinates"":[72.39872984496633,-7.320226055412316]}"
712,1143,863,734,522,0.24620938301086426,566,441,-7.334695786641451,72.40344403023748,"{""type"":""Point"",""coordinates"":[72.40344107041841,-7.334736950492244]}"
713,1169,883,775,557,0.22638888657093048,564,425,-7.342590095108905,72.39843888939001,"{""type"":""Point"",""coordinates"":[72.39840307439566,-7.342573185025705]}"
714,1474,1078,804,657,0.2426512986421585,609,445,-7.310682345456145,72.4381722804126,"{""type"":""Point"",""coordinates"":[72.43813484608673,-7.310703707489159]}"
715,1190,871,738,536,0.2380952388048172,549,393,-7.33009433325549,72.3789879514168,"{""type"":""Point"",""coordinates"":[72.37897571175418,-7.330115565718677]}"
716,1516,1184,897,725,0.2404400259256363,717,539,-7.2873132404231615,72.39991952913861,"{""type"":""Point"",""coordinates"":[72.39992361540948,-7.287279343905189]}"
717,3408,3768,2288,890,0.6178617477416992,771,545,-7.3456554210004485,72.43464193769914,"{""type"":""Point"",""coordinates"":[72.4346149646358,-7.345614386556829]}"
718,1257,933,778,629,0.1946222791293214,552,398,-7.303448340324842,72.3797821623714,"{""type"":""Point"",""coordinates"":[72.37981987701637,-7.303464855738775]}"
719,1407,1093,874,714,0.20973989367485046,714,536,-7.281213107869524,72.41850352476354,"{""type"":""Point"",""coordinates"":[72.41851746486739,-7.281233165882591]}"
720,1451,1168,775,646,0.2877618670463562,597,453,-7.309562752328697,72.39529419737401,"{""type"":""Point"",""coordinates"":[72.39525156558895,-7.309566910668862]}"
721,1300,995,838,663,0.20024125277996063,605,462,-7.312163261351262,72.3736973921838,"{""type"":""Point"",""coordinates"":[72.37369056680976,-7.312177200802998]}"
722,1299,974,818,659,0.1928965151309967,590,453,-7.331209210879721,72.37483566260083,"{""type"":""Point"",""coordinates"":[72.37487879725371,-7.331183352188144]}"
723,1231,911,759,591,0.21304926764314247,595,456,-7.3045617581535645,72.37581097499533,"{""type"":""Point"",""coordinates"":[72.37582847006139,-7.304606298012965]}"
725,2616,2283,941,631,0.5669183135032654,617,459,-7.336940020787515,72.44072529287737,"{""type"":""Point"",""coordinates"":[72.44071207993395,-7.336945364541336]}"
727,1302,1053,921,676,0.21804511547088623,723,536,-7.328600684799619,72.37345925912098,"{""type"":""Point"",""coordinates"":[72.37344487111834,-7.328564749417825]}"
728,1224,883,714,566,0.2187715619802475,567,434,-7.3360926420396595,72.38590746874952,"{""type"":""Point"",""coordinates"":[72.38593346372286,-7.336133842665044]}"
729,1349,1018,725,633,0.23319201171398163,600,447,-7.3349815103599125,72.42524402284003,"{""type"":""Point"",""coordinates"":[72.4252042536456,-7.334993200309093]}"
730,1345,1051,893,718,0.18824194371700287,642,466,-7.300541789534664,72.38202139802155,"{""type"":""Point"",""coordinates"":[72.38198349297176,-7.300540681673251]}"
731,1261,890,701,542,0.24301676452159882,611,467,-7.3439083422125195,72.42694045716614,"{""type"":""Point"",""coordinates"":[72.42692305364449,-7.343873913667457]}"
732,1422,1220,829,666,0.293743371963501,580,434,-7.312589225444314,72.40110551945143,"{""type"":""Point"",""coordinates"":[72.40113700948861,-7.31258386413629]}"
733,1873,1473,968,712,0.3482837677001953,692,497,-7.299367499554377,72.41800827318684,"{""type"":""Point"",""coordinates"":[72.41799974274986,-7.299374850924429]}"
734,1319,1024,822,733,0.16562322140011382,581,406,-7.296603812670755,72.37728876359114,"{""type"":""Point"",""coordinates"":[72.37730272028301,-7.296596713537174]}"
735,1218,920,830,606,0.2057667076587677,589,434,-7.308448093589654,72.38741713394035,"{""type"":""Point"",""coordinates"":[72.3874278970013,-7.3084314781330715]}"
736,3469,3353,1487,754,0.6328220367431641,741,553,-7.330382462516545,72.43624311652748,"{""type"":""Point"",""coordinates"":[72.43624245728887,-7.330410762059497]}"
737,3683,4036,2688,1022,0.5958877205848694,896,670,-7.343047953316816,72.43317474396468,"{""type"":""Point"",""coordinates"":[72.43321973929724,-7.343090686193707]}"
739,2954,2641,1456,1320,0.3335016369819641,1069,663,-7.31800863788552,72.43660045525978,"{""type"":""Point"",""coordinates"":[72.43657271781213,-7.317963915043394]}"
740,1258,927,750,620,0.19844861328601837,574,433,-7.312234583743228,72.37623042623171,"{""type"":""Point"",""coordinates"":[72.37620515762077,-7.312267802547025]}"
741,1423,1034,726,639,0.23610280454158783,563,412,-7.321721537904811,72.4114855325969,"{""type"":""Point"",""coordinates"":[72.41152329835985,-7.321735249960677]}"
742,2124,2257,1834,1130,0.332742840051651,742,526,-7.298957829561322,72.38852136301502,"{""type"":""Point"",""coordinates"":[72.38850182422271,-7.298918139537914]}"
745,1364,902,530,460,0.3245227634906769,311,173,-7.2962713774545875,72.42142143075291,"{""type"":""Point"",""coordinates"":[72.42138826459858,-7.296248369912991]}"
746,1368,1054,843,692,0.20733104646205902,693,515,-7.293029329455117,72.43215887284488,"{""type"":""Point"",""coordinates"":[72.4321556644243,-7.292996198662618]}"
748,1365,1058,874,674,0.2217090129852295,688,513,-7.280879251214312,72.41488354494757,"{""type"":""Point"",""coordinates"":[72.41491501418058,-7.2809018263940315]}"
749,1443,1036,828,688,0.20185615122318268,708,532,-7.304352068217135,72.43938997492396,"{""type"":""Point"",""coordinates"":[72.43937448616721,-7.304380539647562]}"
752,3695,3743,1904,720,0.6773470640182495,667,494,-7.3273992810126,72.43667244828987,"{""type"":""Point"",""coordinates"":[72.43663649874459,-7.327418654837071]}"
753,1312,1009,885,656,0.21201200783252716,692,525,-7.349213177046347,72.41811709158685,"{""type"":""Point"",""coordinates"":[72.41814002024608,-7.349196481121369]}"
754,1319,1022,791,684,0.19812427461147308,583,430,-7.324035172590307,72.40408658788463,"{""type"":""Point"",""coordinates"":[72.40413162144164,-7.324079937919969]}"
755,1271,926,725,632,0.18870346248149872,565,413,-7.32498672621834,72.3976721078124,"{""type"":""Point"",""coordinates"":[72.397702575633,-7.3249489990574235]}"
756,1171,908,866,536,0.2576177418231964,600,471,-7.338610786236983,72.38728328674112,"{""type"":""Point"",""coordinates"":[72.3872676620264,-7.3386250990496995]}"
757,1349,1051,876,735,0.176931694149971,609,454,-7.326277971878305,72.37009513745873,"{""type"":""Point"",""coordinates"":[72.3700619168185,-7.326291379906142]}"
758,2373,2098,1046,802,0.4468965530395508,744,553,-7.346254201245253,72.43898802561309,"{""type"":""Point"",""coordinates"":[72.43897698980403,-7.34628860657417]}"
759,1278,936,722,605,0.21479558944702148,568,437,-7.2981057258329,72.38173175029841,"{""type"":""Point"",""coordinates"":[72.38169565808306,-7.298105944806099]}"
760,1261,1008,859,676,0.19714964926242828,650,480,-7.343975307807669,72.38243952303986,"{""type"":""Point"",""coordinates"":[72.38244021917572,-7.343957915114291]}"
761,1315,981,834,649,0.20368097722530365,695,533,-7.348911495711224,72.37451698310025,"{""type"":""Point"",""coordinates"":[72.37455243946826,-7.3488837194603684]}"
762,2523,2109,1094,846,0.42741116881370544,824,612,-7.318176791396044,72.43822969685756,"{""type"":""Point"",""coordinates"":[72.43827442080477,-7.3181711020356675]}"
763,1346,1038,811,719,0.1815594763801935,646,436,-7.293101033133056,72.37473008905205,"{""type"":""Point"",""coordinates"":[72.37475317479564,-7.29305883771307]}"
764,1388,1045,806,660,0.22580644488334656,632,479,-7.280955716914982,72.39272695904867,"{""type"":""Point"",""coordinates"":[72.3927285795287,-7.280958939102864]}"
765,1349,1074,925,750,0.17763157188892365,626,427,-7.342598293428774,72.38541401007873,"{""type"":""Point"",""coordinates"":[72.38542493822821,-7.34256941501472]}"
766,1272,1013,922,650,0.21828021109104156,638,473,-7.332601631049908,72.38181082287743,"{""type"":""Point"",""coordinates"":[72.38184396791142,-7.332569125307917]}"
767,1199,870,741,554,0.22191011905670166,683,523,-7.348127757832789,72.39459157964485,"{""type"":""Point"",""coordinates"":[72.39459371398387,-7.348152393720721]}"
768,1244,951,863,664,0.17770898342132568,589,458,-7.335249233854389,72.38997133041923,"{""type"":""Point"",""coordinates"":[72.39000606987065,-7.335280561780946]}"
769,1391,1040,853,682,0.20789779722690582,690,516,-7.2952163488183475,72.42955285528545,"{""type"":""Point"",""coordinates"":[72.4295612748165,-7.29522225939992]}"
770,1181,880,729,563,0.21968121826648712,562,428,-7.318598070667717,72.394638983597,"{""type"":""Point"",""coordinates"":[72.39466459100474,-7.318635859622482]}"
771,1705,1248,880,718,0.2695828974246979,656,483,-7.311619788960565,72.43365742613422,"{""type"":""Point"",""coordinates"":[72.43368358790906,-7.311609292368262]}"
772,1316,973,698,543,0.28364115953445435,420,282,-7.30091527334467,72.42823972051178,"{""type"":""Point"",""coordinates"":[72.42827540145329,-7.30094750661804]}"
773,1213,933,820,598,0.21881122887134552,592,451,-7.331716326057742,72.41526995724499,"{""type"":""Point"",""coordinates"":[72.41530445632961,-7.331684112048164]}"
774,1437,1074,830,637,0.2554062008857727,624,460,-7.332643477732977,72.4239598870432,"{""type"":""Point"",""coordinates"":[72.42397799167841,-7.332616885083069]}"
776,1250,955,807,615,0.2165605127811432,580,434,-7.320905533096214,72.39999276883015,"{""type"":""Point"",""coordinates"":[72.39997115275351,-7.320874071452589]}"
777,1506,1126,832,663,0.2588038146495819,639,472,-7.288409412775048,72.41023782571726,"{""type"":""Point"",""coordinates"":[72.41022321999851,-7.2883953070862955]}"
778,1233,901,865,624,0.18163934350013733,660,498,-7.330382914427776,72.37663843451216,"{""type"":""Point"",""coordinates"":[72.37661487875917,-7.3303888821235255]}"
781,1512,1268,964,761,0.24987678229808807,694,499,-7.298887221680686,72.38589799723695,"{""type"":""Point"",""coordinates"":[72.38587161169431,-7.2988520571606585]}"
782,3902,3626,3300,2201,0.24455122649669647,806,471,-7.315725728064032,72.40429484706466,"{""type"":""Point"",""coordinates"":[72.40431939419616,-7.3157405760606515]}"
783,1208,898,756,573,0.22093813121318817,650,501,-7.34637164532325,72.39991486126624,"{""type"":""Point"",""coordinates"":[72.39989563263387,-7.346404689167805]}"
784,1295,970,839,674,0.18004866180048662,570,414,-7.2984064345062505,72.3777545135164,"{""type"":""Point"",""coordinates"":[72.37777266816798,-7.298405841457352]}"
785,1443,1002,691,575,0.2707672715187073,476,326,-7.2959033358941205,72.4223230197345,"{""type"":""Point"",""coordinates"":[72.42236572191374,-7.295879525330786]}"
786,1212,900,763,584,0.21293801069259644,585,442,-7.323423468717642,72.38942958544983,"{""type"":""Point"",""coordinates"":[72.38939070373841,-7.323443735240651]}"
788,1572,1259,888,656,0.3148825168609619,633,460,-7.341007138470207,72.428455823205,"{""type"":""Point"",""coordinates"":[72.42848949290094,-7.341044978495602]}"
789,1183,829,676,517,0.23179791976225855,528,413,-7.30200353877698,72.3797712996019,"{""type"":""Point"",""coordinates"":[72.37977289854389,-7.3020195507355385]}"
790,3484,3770,2514,917,0.6087049285257095,840,625,-7.279533661882767,72.37761297635474,"{""type"":""Point"",""coordinates"":[72.37760003920117,-7.279525003346869]}"
791,1273,1064,916,675,0.22369177639484406,675,513,-7.337048798492298,72.37885954808516,"{""type"":""Point"",""coordinates"":[72.37890047393367,-7.337026430298484]}"
792,1295,952,814,641,0.19522912800312042,593,439,-7.329091535604997,72.41606395320171,"{""type"":""Point"",""coordinates"":[72.41604726550807,-7.329104430652625]}"
793,1206,929,773,565,0.2436412274837494,605,432,-7.314081092439525,72.3948761435897,"{""type"":""Point"",""coordinates"":[72.39488779272156,-7.314073608697241]}"
796,1226,929,758,608,0.2088484059856864,538,395,-7.299413954421367,72.37586276451052,"{""type"":""Point"",""coordinates"":[72.37588703896172,-7.299425027210596]}"
797,1376,1029,784,610,0.25564369559288025,606,450,-7.282462282094949,72.39653671573983,"{""type"":""Point"",""coordinates"":[72.39656267484648,-7.282479266833932]}"
798,1264,922,760,630,0.18814432621002197,615,472,-7.329959847968834,72.40874440646328,"{""type"":""Point"",""coordinates"":[72.4087416107343,-7.330003976645242]}"
800,1481,1162,1051,836,0.1631631702184677,837,672,-7.344323576903497,72.3961003466618,"{""type"":""Point"",""coordinates"":[72.39614521761546,-7.344361794035138]}"
801,1179,892,798,553,0.23460207879543304,621,498,-7.3391984630107965,72.39316701626623,"{""type"":""Point"",""coordinates"":[72.39314701465734,-7.339211885394748]}"
802,1673,1267,908,733,0.2669999897480011,643,452,-7.304071490024117,72.42880642985376,"{""type"":""Point"",""coordinates"":[72.42878451997285,-7.304042283120318]}"
803,1732,1341,908,712,0.30638089776039124,687,506,-7.285497805711235,72.38914356766323,"{""type"":""Point"",""coordinates"":[72.38912754887605,-7.2855083229361615]}"
804,2983,2799,1297,710,0.59532630443573,643,470,-7.3345207836224295,72.43826467602597,"{""type"":""Point"",""coordinates"":[72.43824753257665,-7.33449696075816]}"
805,1325,1018,851,680,0.1990577131509781,648,496,-7.281037217879732,72.42980663593293,"{""type"":""Point"",""coordinates"":[72.42979974938126,-7.281024906507862]}"
806,1438,1195,1049,869,0.15794573724269867,833,603,-7.34731027578409,72.39521852963055,"{""type"":""Point"",""coordinates"":[72.3952493514501,-7.347269248863806]}"
807,1138,832,676,511,0.23901712894439697,529,408,-7.3083543943432705,72.3878686494194,"{""type"":""Point"",""coordinates"":[72.38783001051492,-7.308349045487805]}"
808,1278,934,778,621,0.2012861669063568,627,465,-7.300256645690895,72.38391856079514,"{""type"":""Point"",""coordinates"":[72.3839560388927,-7.300228245655475]}"
809,1067,790,652,450,0.27419355511665344,392,266,-7.307997240494849,72.37529411447001,"{""type"":""Point"",""coordinates"":[72.37527365589634,-7.307986127237356]}"
810,1433,1155,828,709,0.23927038626609443,612,452,-7.287420198129108,72.37360221840291,"{""type"":""Point"",""coordinates"":[72.3735962424264,-7.2874069918019275]}"
811,1248,971,891,622,0.2190834879875183,652,469,-7.327736329054171,72.38032689882199,"{""type"":""Point"",""coordinates"":[72.38033044953931,-7.327709823959764]}"
812,1612,1235,888,680,0.2898172438144684,692,519,-7.284052339036568,72.38922313617357,"{""type"":""Point"",""coordinates"":[72.38921050777755,-7.284062240315997]}"
813,1307,990,795,651,0.20658135414123535,644,485,-7.287826533582695,72.42759739546644,"{""type"":""Point"",""coordinates"":[72.42761548362678,-7.287821500166415]}"
814,1181,855,722,531,0.23376622796058655,579,466,-7.3492407851573835,72.39071059063515,"{""type"":""Point"",""coordinates"":[72.39069227748514,-7.349206845389191]}"
816,1314,959,773,658,0.18614718317985535,587,428,-7.346603408299854,72.40507232238676,"{""type"":""Point"",""coordinates"":[72.4050999137094,-7.346645169391852]}"
817,1249,1001,819,638,0.2214765101671219,605,424,-7.349153907893555,72.39025766886239,"{""type"":""Point"",""coordinates"":[72.39027278387043,-7.3491345309779925]}"
818,1413,1076,913,722,0.19688542187213898,725,538,-7.281589067191974,72.40457910394672,"{""type"":""Point"",""coordinates"":[72.40459885932738,-7.281579178986828]}"
819,1522,1140,868,709,0.23309896886348724,666,433,-7.308430501959382,72.43743152168814,"{""type"":""Point"",""coordinates"":[72.43747502327726,-7.308453335994165]}"
820,1464,1193,839,678,0.27525386214256287,653,477,-7.305605957754103,72.3930936527712,"{""type"":""Point"",""coordinates"":[72.39313560720845,-7.305639450188472]}"
821,1213,924,755,611,0.20390879478827362,563,393,-7.3003311695851485,72.37397032686067,"{""type"":""Point"",""coordinates"":[72.37398194713597,-7.300341760840964]}"
822,1977,1955,1620,1157,0.25642672181129456,765,544,-7.313929345046266,72.40301500266345,"{""type"":""Point"",""coordinates"":[72.40305065115714,-7.313929863015528]}"
823,1674,1249,925,734,0.259707510471344,716,538,-7.294143992362178,72.41615981074183,"{""type"":""Point"",""coordinates"":[72.41613052744037,-7.294166643706253]}"
824,1260,916,737,615,0.19660352170467377,583,441,-7.32732357456904,72.37516818177306,"{""type"":""Point"",""coordinates"":[72.37520959373738,-7.327356295836269]}"
825,1358,1034,846,700,0.1926182210445404,664,504,-7.280710263476763,72.41334484602287,"{""type"":""Point"",""coordinates"":[72.41335502183428,-7.280755138888876]}"
827,1334,967,734,705,0.1566985696554184,634,473,-7.342418887869509,72.42095946938734,"{""type"":""Point"",""coordinates"":[72.42094360990863,-7.342374871093859]}"
828,1379,1089,894,705,0.21404682099819183,687,516,-7.287993615153655,72.44125450528632,"{""type"":""Point"",""coordinates"":[72.44126344436245,-7.288016015934366]}"
829,1303,1022,853,679,0.201646089553833,615,432,-7.318367616339722,72.40123976191987,"{""type"":""Point"",""coordinates"":[72.4012753979307,-7.318333724198451]}"
830,1434,1075,786,624,0.26545026898384094,590,448,-7.286853582478927,72.40100132693946,"{""type"":""Point"",""coordinates"":[72.40101308703348,-7.28687778220449]}"
831,1328,1022,872,669,0.20875221490859985,492,328,-7.340348840326441,72.40819039897998,"{""type"":""Point"",""coordinates"":[72.40822228065466,-7.340320130664931]}"
832,1442,1124,927,797,0.17022384703159332,727,517,-7.34656353144911,72.42216703216847,"{""type"":""Point"",""coordinates"":[72.42218905229555,-7.346528964637422]}"
833,1202,918,822,542,0.2575342357158661,625,490,-7.33838037346005,72.41767246029578,"{""type"":""Point"",""coordinates"":[72.41770032202047,-7.338379427653756]}"
834,1223,905,784,579,0.21967655420303345,623,446,-7.335820926540674,72.40987441381256,"{""type"":""Point"",""coordinates"":[72.40989510701202,-7.335822669680635]}"
835,1240,966,791,613,0.2235592156648636,577,440,-7.333327904867925,72.41709118962426,"{""type"":""Point"",""coordinates"":[72.41708936480443,-7.333308595553796]}"
836,1329,999,844,643,0.2168087661266327,646,488,-7.290007636294565,72.43765245626794,"{""type"":""Point"",""coordinates"":[72.43768341339423,-7.290040765733794]}"
838,1682,1296,887,713,0.2901941239833832,681,496,-7.289340610098269,72.39450845029644,"{""type"":""Point"",""coordinates"":[72.39453197350227,-7.289337128902523]}"
839,1175,814,623,551,0.19267399609088898,503,369,-7.3443260443227265,72.40767801996499,"{""type"":""Point"",""coordinates"":[72.40765482398021,-7.344362878981321]}"
840,1399,1062,837,638,0.24941176176071167,657,496,-7.283597719459243,72.41363802033865,"{""type"":""Point"",""coordinates"":[72.4136558553473,-7.283586798642633]}"
841,1485,1123,829,660,0.25967469811439514,632,475,-7.29007311533507,72.41712373793598,"{""type"":""Point"",""coordinates"":[72.41715621269479,-7.2900515580097025]}"
843,1222,958,813,603,0.22741831839084625,577,433,-7.310040246011837,72.37983175176649,"{""type"":""Point"",""coordinates"":[72.37987661529962,-7.3100622343054775]}"
844,1247,937,767,591,0.22643978893756866,566,403,-7.314158006389234,72.3726270213901,"{""type"":""Point"",""coordinates"":[72.37259650410398,-7.314114701414248]}"
845,1397,1044,841,677,0.2132481187582016,672,503,-7.295667138756582,72.42964672914037,"{""type"":""Point"",""coordinates"":[72.42966991032503,-7.295625502827325]}"
846,2186,1733,1632,1542,0.05832061171531677,1769,1521,-7.344001486518682,72.41473060708407,"{""type"":""Point"",""coordinates"":[72.414738951007,-7.344039167208784]}"
847,1247,955,866,647,0.19225966930389404,634,459,-7.335804717879421,72.4001058621005,"{""type"":""Point"",""coordinates"":[72.40009560341997,-7.3357741147696505]}"
848,1433,1085,879,741,0.18838992714881897,692,513,-7.282859586902572,72.4276500486842,"{""type"":""Point"",""coordinates"":[72.42765226131549,-7.282896395258916]}"
849,3211,3032,1780,907,0.5394770503044128,735,503,-7.306406510205035,72.41860444517168,"{""type"":""Point"",""coordinates"":[72.41860845709263,-7.306413193422926]}"
850,1313,1006,849,680,0.19335706532001495,652,482,-7.2782727600375186,72.43711077602245,"{""type"":""Point"",""coordinates"":[72.43713255073267,-7.278251379310883]}"
851,3097,3388,2426,1058,0.5240665674209595,949,691,-7.285640947593781,72.38209032324762,"{""type"":""Point"",""coordinates"":[72.382046432346,-7.285627565457295]}"
853,1913,1928,1396,896,0.3654390871524811,769,568,-7.314818646823791,72.40483063076618,"{""type"":""Point"",""coordinates"":[72.40481114417456,-7.314781150996002]}"
854,1455,1104,862,687,0.23283082246780396,669,506,-7.298747493250281,72.42831363316527,"{""type"":""Point"",""coordinates"":[72.4283306411584,-7.298725838873058]}"
855,1194,823,625,548,0.20058351755142212,556,437,-7.309127744840485,72.38109111773385,"{""type"":""Point"",""coordinates"":[72.38105703261047,-7.309158566248769]}"
856,2019,2025,2213,1539,0.13636364042758942,1932,1800,-7.3465504532658645,72.4120365895752,"{""type"":""Point"",""coordinates"":[72.41207176788839,-7.3465467334132555]}"
857,1300,997,873,660,0.20337960124015808,680,487,-7.337266139706825,72.3739768188399,"{""type"":""Point"",""coordinates"":[72.37395968652316,-7.337290440876399]}"
858,1251,948,791,642,0.1924528330564499,562,407,-7.305837567086458,72.38631212238731,"{""type"":""Point"",""coordinates"":[72.38635100133665,-7.305824341815557]}"
859,1378,1036,860,681,0.20675596594810486,709,535,-7.2810318311787245,72.41859258637304,"{""type"":""Point"",""coordinates"":[72.41861443125974,-7.280989579181343]}"
860,1348,1043,846,672,0.2163265347480774,679,518,-7.288781332362378,72.43266910939691,"{""type"":""Point"",""coordinates"":[72.43263859673912,-7.2888160605058765]}"
861,3717,3700,1785,666,0.694915235042572,611,454,-7.324787649302646,72.43574798375394,"{""type"":""Point"",""coordinates"":[72.43575890774238,-7.324821756064959]}"
862,2106,1997,1111,741,0.45872899889945984,705,524,-7.294604909912688,72.40295912232317,"{""type"":""Point"",""coordinates"":[72.40297166159937,-7.294574396735385]}"
863,1235,900,764,610,0.19205297529697418,589,452,-7.331793699304568,72.38117157180878,"{""type"":""Point"",""coordinates"":[72.38118810187214,-7.331787823426545]}"
864,3647,3855,2381,934,0.609939455986023,895,674,-7.299602170533519,72.41086528082585,"{""type"":""Point"",""coordinates"":[72.410847092452,-7.299621186966006]}"
865,1247,947,855,610,0.21644186973571777,848,640,-7.336912415141289,72.37297918475754,"{""type"":""Point"",""coordinates"":[72.37297740222479,-7.336911392325099]}"
866,1211,954,861,619,0.2129688560962677,631,463,-7.315756213753445,72.38828628974437,"{""type"":""Point"",""coordinates"":[72.38832823406588,-7.315772250165489]}"
867,1883,1474,1002,780,0.30789706110954285,766,581,-7.302242588098003,72.41992937566674,"{""type"":""Point"",""coordinates"":[72.41990618516424,-7.302259631913668]}"
868,1362,1096,876,745,0.19065725803375244,626,461,-7.336193297945529,72.39649085081932,"{""type"":""Point"",""coordinates"":[72.39647052159049,-7.336205862215881]}"
869,1190,821,678,553,0.1950509399175644,611,436,-7.328141033085417,72.37454119353602,"{""type"":""Point"",""coordinates"":[72.37451459989425,-7.328165471881293]}"
870,1257,965,787,642,0.20099564405724954,557,422,-7.300258451541044,72.3716182338248,"{""type"":""Point"",""coordinates"":[72.37160389033787,-7.300269003014405]}"
871,1162,865,781,520,0.24909746646881104,589,434,-7.306809783226846,72.37709409565215,"{""type"":""Point"",""coordinates"":[72.3770616122731,-7.306843209625548]}"
874,1700,1249,840,668,0.30307772755622864,647,486,-7.301670616270379,72.42390438161979,"{""type"":""Point"",""coordinates"":[72.42386392397047,-7.301689970603841]}"
875,1517,1154,905,730,0.225053071975708,721,540,-7.284194258798732,72.3943792354631,"{""type"":""Point"",""coordinates"":[72.39433820529976,-7.28415732453095]}"
877,1275,1010,866,690,0.1882352977991104,622,444,-7.327703196398651,72.3966977850311,"{""type"":""Point"",""coordinates"":[72.39669804682732,-7.327719739512532]}"
878,2815,2587,2189,1177,0.37460148334503174,357,255,-7.302193648429101,72.39053549355037,"{""type"":""Point"",""coordinates"":[72.39056557298566,-7.30222271157565]}"
879,1958,1506,963,758,0.3303886950016022,731,547,-7.317084964660178,72.43930662643452,"{""type"":""Point"",""coordinates"":[72.43929944053868,-7.31705886733041]}"
881,1510,1096,870,698,0.22185061872005463,703,527,-7.2994835999121594,72.42651046476675,"{""type"":""Point"",""coordinates"":[72.42654751474643,-7.299523069551353]}"
882,3935,3676,3204,2089,0.2752818763256073,834,497,-7.315277658928613,72.40383922611754,"{""type"":""Point"",""coordinates"":[72.4038035532499,-7.31528164422295]}"
883,2306,2090,1029,659,0.520552933216095,637,468,-7.336494788416783,72.43990786111972,"{""type"":""Point"",""coordinates"":[72.4399391145631,-7.3365173092525495]}"
884,1338,1058,926,723,0.1880965679883957,643,459,-7.332308482223696,72.42052037241304,"{""type"":""Point"",""coordinates"":[72.42050288901036,-7.332267529423639]}"
885,1389,1070,837,692,0.21452894806861877,665,499,-7.277628891876304,72.39080273712786,"{""type"":""Point"",""coordinates"":[72.39077464763557,-7.277647321113362]}"
886,1250,923,749,606,0.2073250561952591,621,475,-7.321310743614454,72.37014823869876,"{""type"":""Point"",""coordinates"":[72.3701307207035,-7.321308571287421]}"
887,1341,1008,787,646,0.2188633680343628,632,486,-7.286118772777928,72.43843669411719,"{""type"":""Point"",""coordinates"":[72.43847653176333,-7.286161872013935]}"
888,1125,883,721,541,0.2401685393258427,540,393,-7.30096530371113,72.37370375249434,"{""type"":""Point"",""coordinates"":[72.37370432363105,-7.30096421825997]}"
889,3639,3484,1717,934,0.57718425989151,862,646,-7.296258440309272,72.41120168541738,"{""type"":""Point"",""coordinates"":[72.4111928683692,-7.2962996169018846]}"
890,1184,892,721,541,0.24494068324565887,586,454,-7.33010498547189,72.40150973215474,"{""type"":""Point"",""coordinates"":[72.40149535628855,-7.330107902513235]}"
891,1283,983,810,629,0.21960297226905823,599,443,-7.346880696231079,72.3923208110982,"{""type"":""Point"",""coordinates"":[72.39229892320078,-7.34684031681363]}"
892,1299,960,808,636,0.2030075192451477,617,448,-7.313870161670151,72.37488602845829,"{""type"":""Point"",""coordinates"":[72.37488511918939,-7.313875170606681]}"
893,1555,1048,728,536,0.3232323229312897,615,481,-7.323153250507413,72.41321488599597,"{""type"":""Point"",""coordinates"":[72.41320645258855,-7.323123760055267]}"
894,1252,895,683,605,0.19333332777023315,547,409,-7.340806218577239,72.37156130923135,"{""type"":""Point"",""coordinates"":[72.37153748015146,-7.340762405440275]}"
895,3189,3046,1418,686,0.6323686838150024,659,492,-7.331113120702838,72.43516338807328,"{""type"":""Point"",""coordinates"":[72.435147180414,-7.331141102014331]}"
896,3513,3369,1558,881,0.585411787033081,874,652,-7.32417078613837,72.43375350180247,"{""type"":""Point"",""coordinates"":[72.43377148758924,-7.324144830949113]}"
897,1376,1033,794,613,0.2551640272140503,609,447,-7.284194759861765,72.40631710518988,"{""type"":""Point"",""coordinates"":[72.40634491915316,-7.284196807609858]}"
898,1430,1110,931,767,0.18273840844631195,717,525,-7.282196649201303,72.43171459550294,"{""type"":""Point"",""coordinates"":[72.43171518898387,-7.282211542194902]}"
899,1366,1051,877,722,0.1855611950159073,653,455,-7.301594170528851,72.38618970907451,"{""type"":""Point"",""coordinates"":[72.38618871978633,-7.301579295666568]}"
900,2004,1631,908,673,0.4157986044883728,637,482,-7.343526638172909,72.44140909855234,"{""type"":""Point"",""coordinates"":[72.44141870935609,-7.343513765579746]}"
901,1333,1009,866,709,0.17462165653705597,635,470,-7.327179832247646,72.40619074984025,"{""type"":""Point"",""coordinates"":[72.40620665018783,-7.327197454179704]}"
902,1254,944,761,631,0.19873015582561493,557,399,-7.3053609120313245,72.3776258744115,"{""type"":""Point"",""coordinates"":[72.37764737356186,-7.305347354181785]}"
903,1343,1047,857,687,0.20761245489120483,675,508,-7.288100164739658,72.42723773094801,"{""type"":""Point"",""coordinates"":[72.42727041348759,-7.28809289251958]}"
904,1519,1169,829,691,0.2569892406463623,645,481,-7.288686764465328,72.39739759223107,"{""type"":""Point"",""coordinates"":[72.39741241616002,-7.288685473449012]}"
905,1400,1083,916,767,0.17081080377101898,673,471,-7.331459873205986,72.41336862090736,"{""type"":""Point"",""coordinates"":[72.41341343207539,-7.331447606896623]}"
906,1418,1116,834,617,0.28793999552726746,588,440,-7.332463575613486,72.42386806506663,"{""type"":""Point"",""coordinates"":[72.42389250216002,-7.332426286149959]}"
907,1400,1219,891,691,0.2764397905759162,645,472,-7.286248313822508,72.3733221193423,"{""type"":""Point"",""coordinates"":[72.37332384765544,-7.286240727559726]}"
908,1222,986,862,582,0.25765305757522583,647,493,-7.346048105548945,72.38299792621827,"{""type"":""Point"",""coordinates"":[72.38298424416377,-7.346035591105598]}"
909,1507,1168,811,606,0.31679821014404297,620,465,-7.302411076695183,72.4334061647144,"{""type"":""Point"",""coordinates"":[72.43343059622657,-7.302428861671239]}"
910,1285,1017,880,689,0.19226260483264923,639,458,-7.336937550436976,72.36963266115102,"{""type"":""Point"",""coordinates"":[72.36965298849326,-7.336929843479086]}"
913,3173,3242,1617,748,0.6250626444816589,708,546,-7.340310714940553,72.43686203463774,"{""type"":""Point"",""coordinates"":[72.43685422092706,-7.340292443487814]}"
914,1410,1063,819,628,0.2572442293167114,628,466,-7.286503613293993,72.41148952843297,"{""type"":""Point"",""coordinates"":[72.41151622395734,-7.286545088332924]}"
915,2646,2464,1132,660,0.577464759349823,643,484,-7.336594091566473,72.43873283422572,"{""type"":""Point"",""coordinates"":[72.43871628920783,-7.336583021474888]}"
916,2428,2241,1949,1327,0.25616592168807983,840,516,-7.295743015327884,72.3837037212522,"{""type"":""Point"",""coordinates"":[72.38372990522411,-7.295779793271536]}"
917,1673,1233,848,655,0.3061440587043762,690,515,-7.292996123966421,72.41271442148036,"{""type"":""Point"",""coordinates"":[72.41274845570739,-7.292968014900044]}"
918,3426,3793,2336,900,0.6164500117301941,736,534,-7.345381072176345,72.43509206708138,"{""type"":""Point"",""coordinates"":[72.4350484284747,-7.345411301137662]}"
919,1181,896,762,573,0.2198774665594101,620,480,-7.339730677473291,72.39443735727056,"{""type"":""Point"",""coordinates"":[72.39440054965819,-7.339738447778771]}"
920,1359,1052,874,703,0.19886039197444916,682,502,-7.287762980506746,72.42406987816284,"{""type"":""Point"",""coordinates"":[72.42410787187765,-7.287780137430249]}"
921,4127,4603,3585,1239,0.5758302211761475,939,704,-7.305942812813033,72.40829057736025,"{""type"":""Point"",""coordinates"":[72.40829566726235,-7.305931981430218]}"
922,1362,1048,922,718,0.18686296045780182,757,561,-7.330299161620081,72.38776307524199,"{""type"":""Point"",""coordinates"":[72.38777941887159,-7.330335809025594]}"
923,1309,947,790,663,0.17639751732349396,620,468,-7.33313204336317,72.39529178533651,"{""type"":""Point"",""coordinates"":[72.39531138621525,-7.333147775476251]}"
924,1208,899,805,579,0.21650879085063934,640,502,-7.331919089771995,72.3884989248134,"{""type"":""Point"",""coordinates"":[72.38850777165368,-7.331887676929989]}"
925,3589,3553,1656,705,0.6688586473464966,718,538,-7.328668247259939,72.4360490755189,"{""type"":""Point"",""coordinates"":[72.4360371537345,-7.328684919455992]}"
926,1211,956,836,583,0.24236516654491425,640,486,-7.327372408060053,72.38068594853146,"{""type"":""Point"",""coordinates"":[72.38067204473238,-7.327412050037239]}"
927,1634,1420,924,708,0.3345864713191986,655,483,-7.3200810981168285,72.41346283130339,"{""type"":""Point"",""coordinates"":[72.413467047631,-7.3200528518136245]}"
928,1242,863,668,588,0.18952447175979614,564,406,-7.312946813098428,72.37759247772982,"{""type"":""Point"",""coordinates"":[72.37757467909394,-7.312939398286196]}"
929,3449,3329,1536,844,0.5954948663711548,835,615,-7.324530584275711,72.43393714542651,"{""type"":""Point"",""coordinates"":[72.43393739328067,-7.324533687674169]}"
930,1358,1068,954,729,0.18864774703979492,732,557,-7.341902621249147,72.41760893039401,"{""type"":""Point"",""coordinates"":[72.4176185167547,-7.341939891045172]}"
931,1241,843,571,422,0.3328063189983368,406,361,-7.296709141548207,72.42323353770773,"{""type"":""Point"",""coordinates"":[72.42320065478792,-7.29673845398113]}"
932,1215,969,855,630,0.21200750768184662,565,439,-7.3167278824458135,72.37915853343846,"{""type"":""Point"",""coordinates"":[72.37912387215086,-7.316699203823215]}"
933,1454,1082,836,666,0.2379862666130066,644,486,-7.29623364101668,72.42639526956323,"{""type"":""Point"",""coordinates"":[72.42639954149764,-7.296273789204566]}"
934,1246,944,770,614,0.21181000769138336,572,419,-7.3114320477407535,72.37486769893317,"{""type"":""Point"",""coordinates"":[72.37484187756816,-7.3113929037896215]}"
936,1968,1962,1222,800,0.42070963978767395,676,488,-7.316958407675516,72.40846464493002,"{""type"":""Point"",""coordinates"":[72.4084844014167,-7.316963088183023]}"
937,1232,951,782,613,0.21611253917217255,635,477,-7.327095384767139,72.38149789745832,"{""type"":""Point"",""coordinates"":[72.3814973500342,-7.327140126320103]}"
938,1310,978,788,613,0.22941546142101288,634,476,-7.292514534263409,72.44047512910812,"{""type"":""Point"",""coordinates"":[72.44045830104616,-7.292527566221283]}"
939,1240,883,680,590,0.1989137828350067,567,459,-7.3471495388473365,72.39259420794508,"{""type"":""Point"",""coordinates"":[72.39261425621322,-7.347157365758481]}"
941,2606,2278,938,639,0.5618786215782166,629,463,-7.336217667183114,72.44071973775526,"{""type"":""Point"",""coordinates"":[72.44072504981393,-7.336243257082674]}"
942,1287,965,770,679,0.1739659309387207,599,458,-7.340597052726692,72.37535872688858,"{""type"":""Point"",""coordinates"":[72.37531962505366,-7.34058955709469]}"
943,1611,1201,886,679,0.2776595652103424,677,520,-7.29655049250599,72.42033828543195,"{""type"":""Point"",""coordinates"":[72.42032902063762,-7.296576354799875]}"
944,1413,1075,857,678,0.22646890580654144,675,476,-7.30823472944129,72.4394196977385,"{""type"":""Point"",""coordinates"":[72.43940247586838,-7.308258934995002]}"
945,2712,2650,1293,807,0.5331212282180786,790,593,-7.342383330977953,72.43742064702144,"{""type"":""Point"",""coordinates"":[72.43745672618869,-7.342396346779275]}"
947,1438,1110,899,711,0.2191103845834732,686,508,-7.284277717803924,72.41925025992732,"{""type"":""Point"",""coordinates"":[72.41925366991131,-7.284277425076395]}"
948,1477,1146,891,717,0.2302737534046173,709,544,-7.283835779672596,72.3940147801002,"{""type"":""Point"",""coordinates"":[72.39400071193656,-7.283865576545324]}"
949,1313,1055,868,741,0.17483295500278473,650,460,-7.329662292695363,72.38839139840957,"{""type"":""Point"",""coordinates"":[72.38840604455608,-7.329632161738337]}"
950,1481,1036,820,684,0.20465116202831268,630,467,-7.343993721246892,72.3799974518534,"{""type"":""Point"",""coordinates"":[72.38000787566607,-7.343977568364033]}"
951,1257,928,774,632,0.18974358974358974,639,480,-7.305086622601464,72.37807603601608,"{""type"":""Point"",""coordinates"":[72.3780778276167,-7.305065441184784]}"
952,1484,1136,882,712,0.2294372320175171,731,554,-7.283303489933416,72.3927446281413,"{""type"":""Point"",""coordinates"":[72.39278476045368,-7.2833452783582135]}"
955,1440,1120,868,670,0.25139665603637695,680,512,-7.277643120998334,72.38890364578587,"{""type"":""Point"",""coordinates"":[72.38891331333095,-7.277686214827695]}"
957,1966,2046,1619,1020,0.33463796973228455,844,594,-7.322300049169679,72.41854462508799,"{""type"":""Point"",""coordinates"":[72.41855667781635,-7.3222726561386295]}"
958,3360,3164,1582,604,0.6794055104255676,546,347,-7.303645693871265,72.41351875342393,"{""type"":""Point"",""coordinates"":[72.41356241387524,-7.303637758126855]}"
959,1184,858,689,529,0.23720259964466095,562,400,-7.3157148839996315,72.3817738547848,"{""type"":""Point"",""coordinates"":[72.38180006445417,-7.315706696195881]}"
960,1157,839,660,509,0.24480712413787842,572,440,-7.3130002360859825,72.39450618965863,"{""type"":""Point"",""coordinates"":[72.39454150726293,-7.313028904052505]}"
961,1221,908,762,594,0.2090545892715454,568,434,-7.318127818368968,72.38513857391042,"{""type"":""Point"",""coordinates"":[72.38517419387252,-7.3181028606064045]}"
962,1199,867,726,559,0.21598878502845764,593,445,-7.34089223748375,72.39607428010567,"{""type"":""Point"",""coordinates"":[72.39609882316958,-7.340875181189296]}"
963,3098,3163,1668,699,0.6380113959312439,694,542,-7.304714186220524,72.41551657597424,"{""type"":""Point"",""coordinates"":[72.41551429569805,-7.304706052111064]}"
964,1613,1254,928,743,0.2558838129043579,763,569,-7.279653410488074,72.38575339789881,"{""type"":""Point"",""coordinates"":[72.38573939640331,-7.27965574152597]}"
965,1668,1371,895,736,0.3013763725757599,649,472,-7.3223192913726525,72.41601232458915,"{""type"":""Point"",""coordinates"":[72.41598652578419,-7.3223552774564435]}"
966,1244,964,793,607,0.2272437959909439,595,448,-7.341399407806635,72.42438868988236,"{""type"":""Point"",""coordinates"":[72.42442869214207,-7.341437786788395]}"
967,1699,1259,885,669,0.30601659417152405,688,507,-7.302650133628749,72.42572063925131,"{""type"":""Point"",""coordinates"":[72.42573660898613,-7.302617279184566]}"
968,1229,934,745,602,0.2161458283662796,561,414,-7.3113336136195075,72.37595231268809,"{""type"":""Point"",""coordinates"":[72.37591923697754,-7.3113212506751095]}"
969,1392,983,695,526,0.30284956097602844,471,314,-7.296081184837743,72.42268612750185,"{""type"":""Point"",""coordinates"":[72.42272946484559,-7.296070481250575]}"
970,1206,935,756,604,0.21507471799850464,567,414,-7.331319797060923,72.40803118149896,"{""type"":""Point"",""coordinates"":[72.40799528211866,-7.331327528660404]}"
971,3397,3214,1376,727,0.6310580968856812,687,510,-7.326244114307544,72.43422160807086,"{""type"":""Point"",""coordinates"":[72.43421399098807,-7.326231724996025]}"
972,1364,1001,829,722,0.16192686557769775,656,471,-7.339077807997096,72.40908520023882,"{""type"":""Point"",""coordinates"":[72.4090482405739,-7.339033432550625]}"
973,1850,1574,959,717,0.37407246232032776,736,552,-7.315010956723523,72.43892896420108,"{""type"":""Point"",""coordinates"":[72.43895489216494,-7.315034582392971]}"
974,1670,1321,991,770,0.2635102868080139,792,593,-7.278936427893033,72.38502450576388,"{""type"":""Point"",""coordinates"":[72.38501713330265,-7.278957819905209]}"
975,3544,3929,2358,915,0.6222130656242371,816,608,-7.343940513520344,72.43453831066016,"{""type"":""Point"",""coordinates"":[72.43455660220197,-7.343898991553277]}"
976,1441,1089,827,648,0.25388601422309875,632,478,-7.285235699909472,72.39999429024637,"{""type"":""Point"",""coordinates"":[72.39999558823698,-7.285272821958323]}"
977,1870,1433,966,737,0.3207373321056366,717,549,-7.305016373895608,72.42329678508598,"{""type"":""Point"",""coordinates"":[72.4232798922797,-7.305012213223069]}"
978,1249,986,907,662,0.1966019417475728,693,498,-7.29399863006871,72.37546036025556,"{""type"":""Point"",""coordinates"":[72.3754931968704,-7.2939820662745]}"
979,1292,964,809,665,0.1835481822490692,610,447,-7.343361621857474,72.37999267214244,"{""type"":""Point"",""coordinates"":[72.37999674517546,-7.343352896482906]}"
980,3669,3662,1778,697,0.6802018880844116,691,520,-7.327496490763448,72.4357687555282,"{""type"":""Point"",""coordinates"":[72.43579608701964,-7.327480074459341]}"
981,1227,888,692,599,0.19435104727745056,558,410,-7.306436344350293,72.39074838883957,"{""type"":""Point"",""coordinates"":[72.39074084549648,-7.306442277718838]}"
982,1508,1133,879,674,0.25401216745376587,674,498,-7.311503279913258,72.43709328109429,"{""type"":""Point"",""coordinates"":[72.43706083632185,-7.3115164245008435]}"
983,2164,1886,1024,777,0.41644760966300964,765,583,-7.346789027469126,72.43989661692196,"{""type"":""Point"",""coordinates"":[72.43987794072027,-7.3467524238023065]}"
985,4127,4603,3585,1239,0.5758302211761475,939,704,-7.305942812813033,72.40829057736025,"{""type"":""Point"",""coordinates"":[72.40830977067922,-7.30596738581857]}"
986,2114,2003,1544,1163,0.26531901955604553,918,623,-7.320690518104292,72.41645213640456,"{""type"":""Point"",""coordinates"":[72.4164085202729,-7.320706313979239]}"
987,1758,1397,1029,816,0.2625395357608795,838,631,-7.277792285765261,72.38103661790021,"{""type"":""Point"",""coordinates"":[72.3810776221787,-7.277787589052667]}"
988,1158,882,779,548,0.23356643356643356,610,483,-7.299990928673943,72.37116400701387,"{""type"":""Point"",""coordinates"":[72.37112737029705,-7.300011604178538]}"
989,1465,1093,810,633,0.2665121555328369,622,458,-7.289263181934945,72.41675584058999,"{""type"":""Point"",""coordinates"":[72.416774259145,-7.289301104776959]}"
990,1258,942,772,675,0.16512058675289154,591,443,-7.333023959919001,72.39764262972882,"{""type"":""Point"",""coordinates"":[72.39766817988792,-7.333044899105913]}"
992,1166,895,810,575,0.21768707036972046,618,448,-7.3076712407034785,72.3705884927796,"{""type"":""Point"",""coordinates"":[72.37054846292523,-7.307634138359158]}"
993,1356,1015,842,672,0.2033195048570633,660,482,-7.285524523915057,72.43345821339857,"{""type"":""Point"",""coordinates"":[72.43345167711297,-7.285524902128433]}"
994,1613,1320,846,704,0.30434781312942505,647,485,-7.320629741327116,72.41256256174965,"{""type"":""Point"",""coordinates"":[72.41254948527872,-7.320585180070399]}"
995,1241,956,831,652,0.1890547275543213,631,480,-7.314646743501059,72.39171484101955,"{""type"":""Point"",""coordinates"":[72.39170681123771,-7.314645515489502]}"
996,1144,845,763,512,0.2453942447900772,615,476,-7.307429682580338,72.37872676764862,"{""type"":""Point"",""coordinates"":[72.3786860471143,-7.307430725434018]}"
997,3671,3894,2426,806,0.6570212841033936,746,558,-7.303965077525791,72.41903807496752,"{""type"":""Point"",""coordinates"":[72.41902421048458,-7.303986476359216]}"
998,2126,2043,1470,903,0.3869653642177582,788,572,-7.3091417979851325,72.42703630858564,"{""type"":""Point"",""coordinates"":[72.42705899198523,-7.3091860693893524]}"
999,1247,929,765,611,0.20649351179599762,618,490,-7.347107746631375,72.3981114375477,"{""type"":""Point"",""coordinates"":[72.39806807168283,-7.347102571307667]}"
1000,1376,1047,886,713,0.18977272510528564,679,501,-7.348843293850903,72.3955015370029,"{""type"":""Point"",""coordinates"":[72.3954912867812,-7.348850271926426]}"
1003,2116,1795,918,667,0.4581640958786011,670,507,-7.346056261579717,72.44124768380343,"{""type"":""Point"",""coordinates"":[72.44124576402913,-7.346061937072036]}"
1004,1248,971,891,622,0.2190834879875183,652,469,-7.327736329054171,72.38032689882199,"{""type"":""Point"",""coordinates"":[72.38030313664723,-7.327746472355651]}"
1005,1242,829,614,539,0.21198830008506775,535,421,-7.3274286679784835,72.3852088089361,"{""type"":""Point"",""coordinates"":[72.38522175508957,-7.327433238153201]}"
1007,1424,1126,820,681,0.24626452684006642,595,450,-7.291451957009107,72.37788319810805,"{""type"":""Point"",""coordinates"":[72.37787924798633,-7.2914890482903685]}"
1008,1279,979,780,582,0.25432413816452026,618,468,-7.288228565201053,72.4341118750729,"{""type"":""Point"",""coordinates"":[72.43410727851843,-7.288261212522808]}"
1009,1164,920,824,560,0.2432432472705841,580,436,-7.327064063698529,72.3856582959998,"{""type"":""Point"",""coordinates"":[72.38564620697382,-7.327057667772232]}"
1010,1284,891,733,631,0.17082785069942474,561,457,-7.348347890938237,72.3774072407228,"{""type"":""Point"",""coordinates"":[72.37742298188407,-7.348308530952233]}"
1011,1183,866,694,558,0.21629213483146068,549,406,-7.296182071563648,72.37330610229046,"{""type"":""Point"",""coordinates"":[72.37330521506509,-7.296171247035111]}"
1012,1628,1241,861,665,0.30220356583595276,680,506,-7.283696565408491,72.38849694618163,"{""type"":""Point"",""coordinates"":[72.38847236565303,-7.283710361991403]}"
1014,1348,1065,1001,727,0.1886160671710968,710,510,-7.336579590761385,72.38120772652678,"{""type"":""Point"",""coordinates"":[72.38121148909335,-7.336563771789139]}"
1015,1267,940,758,627,0.19974473118782043,579,444,-7.316162913101994,72.37020000740898,"{""type"":""Point"",""coordinates"":[72.37016087449287,-7.316124061970895]}"
1017,1254,982,838,633,0.2160990685224533,611,429,-7.319952550190723,72.39464923562133,"{""type"":""Point"",""coordinates"":[72.39462326630272,-7.319993369077124]}"
1018,2130,1556,851,674,0.39551568031311035,668,492,-7.323939819907851,72.41665778903511,"{""type"":""Point"",""coordinates"":[72.4166804424161,-7.3239326083982705]}"
1020,1204,879,760,568,0.21492743492126465,612,473,-7.343845357415522,72.39962429022316,"{""type"":""Point"",""coordinates"":[72.39966842514313,-7.3438837018047485]}"
1021,1396,1051,807,655,0.23212192952632904,650,490,-7.284606689944983,72.41156560392707,"{""type"":""Point"",""coordinates"":[72.41159754695813,-7.284623440791484]}"
1022,1248,938,804,624,0.20102432370185852,613,453,-7.334667203836128,72.41909124820496,"{""type"":""Point"",""coordinates"":[72.41910360346195,-7.3346476922049435]}"
1025,1986,1686,1482,1310,0.1255006641149521,1343,1102,-7.342843463639399,72.41264143260439,"{""type"":""Point"",""coordinates"":[72.412612737769,-7.342860512091141]}"
1026,1219,941,803,576,0.24060645699501038,606,457,-7.317675974319054,72.39716448103104,"{""type"":""Point"",""coordinates"":[72.39719387924207,-7.317672403346281]}"
1027,1529,1185,945,743,0.2292531132698059,738,547,-7.279368969607164,72.38756003549085,"{""type"":""Point"",""coordinates"":[72.38758080205523,-7.279343890939439]}"
1028,1249,1040,922,674,0.2135355919599533,603,438,-7.335737583189913,72.38509073052778,"{""type"":""Point"",""coordinates"":[72.38509827654126,-7.335743975158829]}"
1029,1560,1173,893,664,0.2770822048187256,676,501,-7.291989183374682,72.41451556242951,"{""type"":""Point"",""coordinates"":[72.41447681991295,-7.2920309699930375]}"
1030,1881,1512,1003,799,0.3085244596004486,754,561,-7.288633165109039,72.39251344050429,"{""type"":""Point"",""coordinates"":[72.3925243425478,-7.2886196706655175]}"
1031,1337,976,759,598,0.2401524782180786,595,440,-7.295552092372349,72.43290161427097,"{""type"":""Point"",""coordinates"":[72.43293495529038,-7.29556942951267]}"
1032,1373,1060,847,652,0.23831775784492493,590,444,-7.315137379110643,72.39850193286206,"{""type"":""Point"",""coordinates"":[72.39847143859392,-7.315139069268773]}"
1033,2899,2598,1074,666,0.591911792755127,654,484,-7.328648183575623,72.43867179702174,"{""type"":""Point"",""coordinates"":[72.43871662886835,-7.328667744070843]}"
1034,3439,3728,2444,1014,0.5723323225975037,881,650,-7.32924940937362,72.43089819980968,"{""type"":""Point"",""coordinates"":[72.43085398297478,-7.3292786678468245]}"
1035,1281,944,783,626,0.20254777070063695,577,432,-7.304482291338549,72.37436326161757,"{""type"":""Point"",""coordinates"":[72.37440120462286,-7.304502564697931]}"
1036,1631,1205,902,728,0.24676668643951416,692,514,-7.292249813971949,72.41587411895567,"{""type"":""Point"",""coordinates"":[72.41589195063257,-7.292243528544592]}"
1037,3704,3841,2639,976,0.5947685241699219,749,527,-7.306181540893688,72.41254315765202,"{""type"":""Point"",""coordinates"":[72.41256890651852,-7.306169713405558]}"
1038,1319,1020,898,726,0.1683848798274994,683,515,-7.342510371105509,72.37311185631302,"{""type"":""Point"",""coordinates"":[72.37311821225155,-7.342467580931192]}"
1040,1261,950,746,613,0.21561101078987122,611,458,-7.278800392849571,72.42707658130679,"{""type"":""Point"",""coordinates"":[72.42707796550158,-7.2788094352404915]}"
1042,1317,939,787,637,0.19162435829639435,612,472,-7.278152561643782,72.42915165491073,"{""type"":""Point"",""coordinates"":[72.42912700272873,-7.2781117479327815]}"
1043,1282,995,910,620,0.23219814896583557,642,495,-7.333203864676898,72.42152212456827,"{""type"":""Point"",""coordinates"":[72.42156045398079,-7.33319972671938]}"
1044,3079,3016,1471,777,0.5902979373931885,760,582,-7.302991696867172,72.41640789359367,"{""type"":""Point"",""coordinates"":[72.4163666763992,-7.3030360285057325]}"
1045,1501,1208,887,680,0.27966102957725525,667,491,-7.311719007343556,72.39675761114023,"{""type"":""Point"",""coordinates"":[72.39673836348743,-7.3117445217962915]}"
1046,2081,1667,849,638,0.446420818567276,601,443,-7.331335543964263,72.44149620509185,"{""type"":""Point"",""coordinates"":[72.44147634913783,-7.33137833130583]}"
1047,1362,1008,845,654,0.21299639344215393,664,491,-7.291140002329188,72.43124009945282,"{""type"":""Point"",""coordinates"":[72.43127981194218,-7.291184151241951]}"
1049,1242,949,816,581,0.24052287638187408,632,486,-7.347567201892792,72.37315002358555,"{""type"":""Point"",""coordinates"":[72.37310966571866,-7.347609874754348]}"
1050,1181,864,747,541,0.22989323735237122,611,458,-7.333132167274114,72.41907952204816,"{""type"":""Point"",""coordinates"":[72.41907097176119,-7.333152972461814]}"
1051,1150,791,668,540,0.18858002126216888,584,461,-7.323563521008384,72.37079831746594,"{""type"":""Point"",""coordinates"":[72.37076400610674,-7.323591705934912]}"
1053,1261,995,884,633,0.22235871851444244,741,597,-7.346410031022088,72.39484988266965,"{""type"":""Point"",""coordinates"":[72.39488884518089,-7.346419658455548]}"
1054,1923,1623,948,721,0.38481229543685913,736,554,-7.297103235688458,72.41889546027318,"{""type"":""Point"",""coordinates"":[72.4189094096213,-7.2970661693383]}"
1055,1303,990,812,654,0.20437955856323242,569,394,-7.3361096742717775,72.40752496280437,"{""type"":""Point"",""coordinates"":[72.40752662903724,-7.336112600914777]}"
1056,2147,1909,1142,831,0.3934306502342224,787,588,-7.302250131686291,72.41893458998449,"{""type"":""Point"",""coordinates"":[72.41893786506836,-7.3022610504484256]}"
1057,1212,862,713,587,0.18978606164455414,592,448,-7.321457574852016,72.39864026472105,"{""type"":""Point"",""coordinates"":[72.39859976581704,-7.321423906491604]}"
1058,1294,944,704,617,0.2094811052083969,572,426,-7.3236076369937235,72.40091772524525,"{""type"":""Point"",""coordinates"":[72.40096190648522,-7.32359626798421]}"
1059,1252,1020,877,669,0.2078152745962143,626,455,-7.321894709839757,72.40054294601248,"{""type"":""Point"",""coordinates"":[72.40058105258788,-7.32190730293334]}"
1060,1324,1001,822,666,0.20095980167388916,659,480,-7.277562078260461,72.4355679870673,"{""type"":""Point"",""coordinates"":[72.43553443473414,-7.277535705943017]}"
1062,1981,2226,1774,1125,0.32855865359306335,768,560,-7.309267307243678,72.39854793918153,"{""type"":""Point"",""coordinates"":[72.39852919476536,-7.309311043729711]}"
1064,1229,951,775,592,0.23266364634037018,590,440,-7.327753050028909,72.39009547131859,"{""type"":""Point"",""coordinates"":[72.39011273920829,-7.327792849597025]}"
1065,1297,986,818,648,0.20685434341430664,647,491,-7.279616480149943,72.42663060778486,"{""type"":""Point"",""coordinates"":[72.42665763227772,-7.279661090043235]}"
1066,1333,965,767,653,0.1928306519985199,668,504,-7.2856666116351825,72.43852367862218,"{""type"":""Point"",""coordinates"":[72.4384829000672,-7.285693497166379]}"
1067,1303,985,837,675,0.1867469847202301,610,448,-7.33842102857409,72.42418498948922,"{""type"":""Point"",""coordinates"":[72.42416406462513,-7.338441301443949]}"
1068,1201,915,788,573,0.22983871400356293,571,436,-7.306501581687887,72.3820662419072,"{""type"":""Point"",""coordinates"":[72.38206330382178,-7.306541671470762]}"
1069,1164,920,825,561,0.2424037754535675,601,462,-7.310668141619992,72.3924083366791,"{""type"":""Point"",""coordinates"":[72.39239372596047,-7.310658793763901]}"
1072,1364,1087,927,778,0.16568364202976227,722,538,-7.34919626218767,72.39658964368874,"{""type"":""Point"",""coordinates"":[72.39662034104383,-7.3492130869920596]}"
1073,1406,1080,857,679,0.2279704362154007,694,521,-7.284157305369522,72.42322855042816,"{""type"":""Point"",""coordinates"":[72.42318576053158,-7.2841664115663285]}"
1074,1143,842,717,502,0.2529761791229248,592,467,-7.338336142012386,72.37579392215265,"{""type"":""Point"",""coordinates"":[72.37578365401822,-7.338294586585575]}"
1075,1326,963,838,669,0.18014705181121826,633,463,-7.329282716355083,72.40276974965765,"{""type"":""Point"",""coordinates"":[72.40279156467275,-7.329283961238461]}"
1076,1400,1059,797,649,0.24004684388637543,627,472,-7.299367875389487,72.42985582199779,"{""type"":""Point"",""coordinates"":[72.42986122321156,-7.299337789541163]}"
1077,1164,883,761,513,0.2650429904460907,589,445,-7.3206298027842776,72.3766553914238,"{""type"":""Point"",""coordinates"":[72.37661609171911,-7.320600277509221]}"
1078,1199,908,739,585,0.21634294092655182,562,425,-7.322371490752978,72.3972000516012,"{""type"":""Point"",""coordinates"":[72.39722752303484,-7.322337818525655]}"
1079,1312,976,836,640,0.20792078971862793,634,495,-7.27923506183852,72.44118763125658,"{""type"":""Point"",""coordinates"":[72.44123049894908,-7.279228142235908]}"
1081,1240,959,856,610,0.22243466973304749,630,491,-7.320407517428649,72.40613928385373,"{""type"":""Point"",""coordinates"":[72.40612476167918,-7.320387861459471]}"
1082,1316,959,759,618,0.21623335778713226,628,486,-7.287394594107398,72.43690902661682,"{""type"":""Point"",""coordinates"":[72.43694737454288,-7.287433846745475]}"
1083,1154,867,739,519,0.25108224153518677,558,452,-7.311306482820524,72.37956994541405,"{""type"":""Point"",""coordinates"":[72.37956756459533,-7.3113505686371845]}"
1084,1233,966,799,625,0.21433061361312866,584,417,-7.327778281437557,72.38674907552702,"{""type"":""Point"",""coordinates"":[72.38673172693747,-7.327809853180537]}"
1085,1322,1059,891,719,0.19122609496116638,645,487,-7.347961306949711,72.4046304173717,"{""type"":""Point"",""coordinates"":[72.40459301631564,-7.3479960959821256]}"
1086,1266,931,777,626,0.19588953256607056,545,371,-7.32775197115933,72.37824668720333,"{""type"":""Point"",""coordinates"":[72.37820819925453,-7.327718117751665]}"
1087,1365,1046,766,562,0.30099502205848694,591,451,-7.318073469151111,72.40431266190089,"{""type"":""Point"",""coordinates"":[72.40427175234895,-7.318115687671639]}"
1088,1589,1180,873,681,0.2681353986263275,676,511,-7.292529596758864,72.41470053896721,"{""type"":""Point"",""coordinates"":[72.41471134815326,-7.29256992791987]}"
1089,1692,1481,956,725,0.3427017331123352,671,510,-7.28121489690247,72.38223799107156,"{""type"":""Point"",""coordinates"":[72.38226193205081,-7.281210403898848]}"
1090,1174,861,739,554,0.21696113049983978,590,447,-7.3418929581820205,72.383147380663,"{""type"":""Point"",""coordinates"":[72.38313261562908,-7.341922307825843]}"
1092,1583,1267,959,791,0.2312925159931183,811,604,-7.27784944808822,72.38546854052845,"{""type"":""Point"",""coordinates"":[72.38548408793744,-7.277847022029334]}"
1094,1566,1218,918,733,0.24859046936035156,710,536,-7.286999634821597,72.39358641318971,"{""type"":""Point"",""coordinates"":[72.39360851800328,-7.286963467727243]}"
1095,1648,1242,920,755,0.24386580288410187,748,560,-7.290408923665476,72.40853462965211,"{""type"":""Point"",""coordinates"":[72.40855653697128,-7.290390946393433]}"
1096,3557,3546,1686,617,0.7035791277885437,618,466,-7.330131632050931,72.43361830109383,"{""type"":""Point"",""coordinates"":[72.43360659448837,-7.3300969216401475]}"
1097,1491,1137,849,635,0.28329572081565857,654,493,-7.291165569036213,72.41595633070307,"{""type"":""Point"",""coordinates"":[72.41599398738029,-7.291197793576837]}"
1098,3345,3512,2291,846,0.6117485165596008,775,566,-7.301815099764822,72.4167607134382,"{""type"":""Point"",""coordinates"":[72.41676738907424,-7.301799267251494]}"
1099,1316,1023,848,697,0.18953488767147064,627,456,-7.344919602499576,72.41274773366489,"{""type"":""Point"",""coordinates"":[72.41270671992979,-7.344949250923663]}"
1100,2183,1885,1776,1591,0.08457997441291809,1690,1269,-7.349239380162768,72.41468018838725,"{""type"":""Point"",""coordinates"":[72.41464916584609,-7.349259708857004]}"
1101,1380,1117,962,792,0.1702461987733841,764,547,-7.34774152160526,72.42163335972137,"{""type"":""Point"",""coordinates"":[72.42166751454144,-7.347753084051918]}"
1102,1229,893,728,589,0.20512820780277252,598,445,-7.341354682871964,72.39463058570239,"{""type"":""Point"",""coordinates"":[72.39465057131473,-7.341391291538167]}"
1103,2632,2791,2418,1955,0.17614834010601044,1620,712,-7.327996322489033,72.42944148913692,"{""type"":""Point"",""coordinates"":[72.42941238419887,-7.328013999272107]}"
1104,1365,1036,855,677,0.20957385003566742,688,502,-7.286040172658006,72.43689869378304,"{""type"":""Point"",""coordinates"":[72.43689212591245,-7.286032585474762]}"
1105,1261,912,755,598,0.2079470157623291,636,481,-7.333584219792585,72.39520476631847,"{""type"":""Point"",""coordinates"":[72.39516234473531,-7.333559919859488]}"
1106,1248,944,811,630,0.1994917392730713,648,493,-7.331129063722623,72.39744735296662,"{""type"":""Point"",""coordinates"":[72.39740849290817,-7.33114339866549]}"
1107,1249,985,824,648,0.20636864006519318,591,420,-7.323684387080156,72.37875871186131,"{""type"":""Point"",""coordinates"":[72.37879256041725,-7.323662874045975]}"
1108,1393,1033,803,689,0.19976770877838135,642,486,-7.295341908608704,72.43678882160668,"{""type"":""Point"",""coordinates"":[72.4368039548743,-7.295369113899967]}"
1109,1175,913,776,552,0.246416375041008,600,437,-7.333107988136792,72.38651803564512,"{""type"":""Point"",""coordinates"":[72.38652180893452,-7.333096253494496]}"
1110,1126,782,641,424,0.2968491017818451,570,457,-7.339865802861536,72.37652908211565,"{""type"":""Point"",""coordinates"":[72.37653942014275,-7.339826857050906]}"
1111,1673,1257,921,729,0.26586103439331055,670,495,-7.307657833500414,72.43218009108199,"{""type"":""Point"",""coordinates"":[72.43215907536049,-7.307652431575694]}"
1112,1351,1014,829,676,0.20000000298023224,669,491,-7.27876621559299,72.41966063745211,"{""type"":""Point"",""coordinates"":[72.41965480571598,-7.2787405241956895]}"
1113,1341,978,778,661,0.19341062009334564,585,424,-7.328457396845746,72.41633045439443,"{""type"":""Point"",""coordinates"":[72.41634167789644,-7.328434073456142]}"
1115,3194,3058,1401,677,0.6374832391738892,659,492,-7.331203415454785,72.43516408082522,"{""type"":""Point"",""coordinates"":[72.43515920911265,-7.3311711891989395]}"
1116,1222,900,740,596,0.2032085508108139,522,394,-7.318831261362346,72.3756469262995,"{""type"":""Point"",""coordinates"":[72.37563016238126,-7.318822325945005]}"
1117,3053,2950,2545,1835,0.2330198537095089,883,553,-7.287402635954339,72.37595356208328,"{""type"":""Point"",""coordinates"":[72.37597299103115,-7.287428910736814]}"
1119,1182,897,797,551,0.23895028233528137,609,481,-7.3101549384446995,72.38860578948449,"{""type"":""Point"",""coordinates"":[72.3886332408411,-7.310122654965467]}"
1120,1390,1021,924,724,0.17020057141780853,783,596,-7.329870161207039,72.38477501584146,"{""type"":""Point"",""coordinates"":[72.38475161062405,-7.329894293785719]}"
1121,1314,934,726,667,0.16677077114582062,567,407,-7.328527501728266,72.39516642371262,"{""type"":""Point"",""coordinates"":[72.39518732873894,-7.328484795863802]}"
1122,1113,871,746,522,0.2505384063173008,550,417,-7.3003257570300635,72.37469383829854,"{""type"":""Point"",""coordinates"":[72.37468408564985,-7.300309722355033]}"
1123,1963,1693,1654,1366,0.10689768195152283,1369,969,-7.342525735047302,72.4187895251178,"{""type"":""Point"",""coordinates"":[72.41882809364601,-7.342534538100789]}"
1124,3206,3114,1445,725,0.622297465801239,718,539,-7.301926629340504,72.41395790285821,"{""type"":""Point"",""coordinates"":[72.41399273033876,-7.301921578830929]}"
1125,1315,938,780,663,0.17176765203475952,570,415,-7.3434689581785175,72.37773217502922,"{""type"":""Point"",""coordinates"":[72.37777073670335,-7.343497346231561]}"
1126,1694,1314,925,724,0.28949952125549316,700,527,-7.2990657577062175,72.4220757609762,"{""type"":""Point"",""coordinates"":[72.42206182501535,-7.2990346133787565]}"
1127,1224,925,795,607,0.20757180452346802,636,462,-7.3198096493363085,72.40161247957279,"{""type"":""Point"",""coordinates"":[72.4015700950734,-7.319850440778245]}"
1128,1409,1079,843,685,0.22335600852966309,677,505,-7.281023616667458,72.3957119338117,"{""type"":""Point"",""coordinates"":[72.39567847612494,-7.281047926676542]}"
1129,1602,1306,1020,903,0.18243549764156342,819,581,-7.348695385452636,72.42679627447512,"{""type"":""Point"",""coordinates"":[72.42678461747975,-7.348653180820174]}"
1130,1255,921,732,604,0.20786885917186737,604,460,-7.3187626366957375,72.38478157770214,"{""type"":""Point"",""coordinates"":[72.38475449527752,-7.318787176149299]}"
1131,1528,1164,886,693,0.25363489985466003,695,513,-7.286376896507123,72.40434395690362,"{""type"":""Point"",""coordinates"":[72.40432181018757,-7.286380537433716]}"
1132,1351,1120,790,605,0.29855072498321533,583,431,-7.314841893210172,72.40175570064275,"{""type"":""Point"",""coordinates"":[72.40171342120131,-7.314882501665427]}"
1133,1990,2234,1738,1133,0.3269973397254944,824,525,-7.313109828307499,72.40391322880068,"{""type"":""Point"",""coordinates"":[72.40388233117916,-7.313149741986235]}"
1134,3602,3726,3336,2151,0.26799386739730835,846,516,-7.304520329478166,72.39335678498615,"{""type"":""Point"",""coordinates"":[72.39335427632129,-7.304560347775603]}"
1135,1260,980,794,629,0.21814791796146674,583,436,-7.296508774207451,72.377921150741,"{""type"":""Point"",""coordinates"":[72.37792888759131,-7.296551667268059]}"
1136,1407,1085,860,687,0.22460496425628662,676,501,-7.282735153865289,72.42023335697264,"{""type"":""Point"",""coordinates"":[72.42020321605484,-7.282717550890766]}"
1137,1180,858,682,579,0.19415448606014252,593,468,-7.340699275528357,72.3857614360524,"{""type"":""Point"",""coordinates"":[72.385734218171,-7.340728042633572]}"
1138,1281,933,731,643,0.18401014804840088,576,431,-7.319800123491623,72.37891033510603,"{""type"":""Point"",""coordinates"":[72.37891755168636,-7.319785796694892]}"
1140,1304,938,794,663,0.17176765203475952,603,429,-7.324968948276327,72.40002358902605,"{""type"":""Point"",""coordinates"":[72.39999949681145,-7.324949626818915]}"
1141,1309,983,791,659,0.1973203420639038,606,451,-7.335778986268227,72.41539140416995,"{""type"":""Point"",""coordinates"":[72.4154001473809,-7.335735265744283]}"
1142,1477,1163,760,650,0.28295642137527466,597,440,-7.311089646156468,72.3963910730845,"{""type"":""Point"",""coordinates"":[72.3964153752511,-7.311104292174096]}"
1143,1290,941,750,638,0.19189360737800598,622,443,-7.315216531310828,72.37598151609052,"{""type"":""Point"",""coordinates"":[72.37595967181194,-7.315180708549375]}"
1144,1321,1024,862,637,0.23299217224121094,633,476,-7.343740880125849,72.42522065953241,"{""type"":""Point"",""coordinates"":[72.42523047283646,-7.343767592142237]}"
1145,1291,933,719,653,0.17654477059841156,549,419,-7.331951429973132,72.41997496704234,"{""type"":""Point"",""coordinates"":[72.41996627696528,-7.331978729621474]}"
1146,1336,988,801,665,0.19540229439735413,656,494,-7.347942820056391,72.41892141721199,"{""type"":""Point"",""coordinates"":[72.41890254340434,-7.34792087064923]}"
1147,1274,941,823,615,0.20951156318187714,605,448,-7.34373645205276,72.37818645877144,"{""type"":""Point"",""coordinates"":[72.37821596904496,-7.343736111648161]}"
1148,1400,1044,793,657,0.22751322388648987,626,469,-7.297550278757818,72.43137941269731,"{""type"":""Point"",""coordinates"":[72.43137669016185,-7.297564059699542]}"
1149,3217,3419,2117,1043,0.5324966311454773,994,695,-7.3134649708088615,72.4285163758564,"{""type"":""Point"",""coordinates"":[72.4284802976264,-7.3134816204928494]}"
1150,2211,1887,953,723,0.44597700238227844,715,543,-7.344535834138216,72.4393365896733,"{""type"":""Point"",""coordinates"":[72.43934392637088,-7.344569307946942]}"
1152,1518,1134,824,650,0.27130043506622314,641,481,-7.287728638449121,72.40471592669167,"{""type"":""Point"",""coordinates"":[72.40467267791752,-7.287708583917845]}"
1153,1622,1277,917,730,0.27254608273506165,738,559,-7.281174281255918,72.38766403675783,"{""type"":""Point"",""coordinates"":[72.38766675762753,-7.281163622052158]}"
1154,1276,980,783,669,0.18859915435314178,521,391,-7.318818365868643,72.37736533278476,"{""type"":""Point"",""coordinates"":[72.37738306794834,-7.318821416715968]}"
1155,1213,914,782,577,0.2260228034875922,593,445,-7.298464596441268,72.36997679450715,"{""type"":""Point"",""coordinates"":[72.3700014797842,-7.298462144780134]}"
1156,1193,871,654,516,0.25594809651374817,570,455,-7.323086919890476,72.3741413385868,"{""type"":""Point"",""coordinates"":[72.37418004532222,-7.323082581101427]}"
1157,1164,866,730,533,0.2380271553993225,551,403,-7.319279927334542,72.38804156445956,"{""type"":""Point"",""coordinates"":[72.38807599012621,-7.319308335799799]}"
1159,2807,2602,1189,683,0.5841704607009888,667,490,-7.336324594050426,72.43854987209887,"{""type"":""Point"",""coordinates"":[72.43852959523984,-7.336320312821434]}"
1160,1231,937,818,613,0.20903225243091583,600,434,-7.310100671249502,72.38381179996288,"{""type"":""Point"",""coordinates"":[72.38382066776516,-7.310140878708911]}"
1161,2054,1599,970,689,0.39772728085517883,686,508,-7.306723752496294,72.42439508276773,"{""type"":""Point"",""coordinates"":[72.42440656810204,-7.30675707618092]}"
1162,2704,2352,1123,758,0.5125402212142944,772,578,-7.3208946119317,72.43707478264477,"{""type"":""Point"",""coordinates"":[72.43711342113471,-7.320913463175377]}"
1163,1301,993,848,720,0.15936952829360962,601,461,-7.348975362740722,72.3899849563144,"{""type"":""Point"",""coordinates"":[72.39000382684836,-7.348941377863682]}"
1165,1559,1167,832,687,0.2588996887207031,608,447,-7.291511017247801,72.41803903330687,"{""type"":""Point"",""coordinates"":[72.41799784859484,-7.291473389044716]}"
1166,1506,1123,854,698,0.2333882451057434,674,504,-7.295802751374042,72.42367883437755,"{""type"":""Point"",""coordinates"":[72.42365433586308,-7.295767508988083]}"
1167,1265,938,731,639,0.18960051238536835,560,420,-7.333607414797361,72.40406889053583,"{""type"":""Point"",""coordinates"":[72.4040459547369,-7.333584382413993]}"
1168,1297,936,714,567,0.24550898373126984,549,410,-7.301542592199961,72.44072505129414,"{""type"":""Point"",""coordinates"":[72.44070137758433,-7.301585131828471]}"
1169,1234,928,774,602,0.21307189762592316,560,415,-7.310572393050303,72.39313116853886,"{""type"":""Point"",""coordinates"":[72.39315637415447,-7.310578202132299]}"
1170,1528,1147,840,656,0.2723239064216614,629,473,-7.2924953778792965,72.41922220606178,"{""type"":""Point"",""coordinates"":[72.41919736086133,-7.292457018970005]}"
1171,1266,966,802,639,0.20373831775700935,620,467,-7.303841385937222,72.37553423034325,"{""type"":""Point"",""coordinates"":[72.37551158785806,-7.303857854667651]}"
1172,1047,751,601,388,0.3187006115913391,442,341,-7.346142559896006,72.39439559321399,"{""type"":""Point"",""coordinates"":[72.39442695736042,-7.346154134012118]}"
1173,1878,1499,999,794,0.30745747685432434,745,550,-7.2872997210344534,72.38969976236216,"{""type"":""Point"",""coordinates"":[72.38969163195816,-7.287316789970049]}"
1174,1407,1033,742,673,0.21101993322372437,622,441,-7.315948697928828,72.39868896747068,"{""type"":""Point"",""coordinates"":[72.3986469637967,-7.315939279790594]}"
1175,1254,941,781,636,0.19340519607067108,579,387,-7.346123384964684,72.38498844946118,"{""type"":""Point"",""coordinates"":[72.38499526553701,-7.346105412051442]}"
1176,3354,3580,2238,496,0.756624162197113,195,115,-7.301170032051259,72.40653600354995,"{""type"":""Point"",""coordinates"":[72.40649166367369,-7.301180238711396]}"
1178,1724,1313,955,768,0.2618933320045471,754,568,-7.295403354310189,72.41680244508285,"{""type"":""Point"",""coordinates"":[72.41680081871021,-7.295375925817759]}"
1181,1573,1172,822,641,0.2928847074508667,616,466,-7.293329269050451,72.4164249431313,"{""type"":""Point"",""coordinates"":[72.41642226726418,-7.293347856028949]}"
1182,2306,2313,1583,842,0.46624407172203064,769,569,-7.294761632190876,72.40612571195629,"{""type"":""Point"",""coordinates"":[72.40613983911588,-7.294743440917427]}"
1183,1499,1134,849,661,0.26350975036621094,656,485,-7.288138520911823,72.41023577472369,"{""type"":""Point"",""coordinates"":[72.41024404315047,-7.2880975079177]}"
1184,3136,3070,1488,712,0.6234796643257141,674,502,-7.3312874845595335,72.43597872795343,"{""type"":""Point"",""coordinates"":[72.43598808413235,-7.331316302741096]}"
1185,1185,869,728,542,0.23175053298473358,580,434,-7.322458208696721,72.37368436377187,"{""type"":""Point"",""coordinates"":[72.37369768333681,-7.3224676029193825]}"
1186,1244,950,792,642,0.19346733391284943,599,446,-7.326156981521657,72.38619413073084,"{""type"":""Point"",""coordinates"":[72.38622305522385,-7.326120979444244]}"
1187,1217,983,864,630,0.21884686918784874,629,457,-7.297254860630249,72.37476124049901,"{""type"":""Point"",""coordinates"":[72.37471998343031,-7.297213683258183]}"
1190,1598,1258,1031,952,0.13846154510974884,915,690,-7.329792921699479,72.37102608444877,"{""type"":""Point"",""coordinates"":[72.37102622342415,-7.32977749223387]}"
1191,1285,959,771,605,0.22634270787239075,630,476,-7.288932029493151,72.42471182534386,"{""type"":""Point"",""coordinates"":[72.42467167677333,-7.288951123174824]}"
1192,1669,1789,1524,927,0.3173784911632538,514,381,-7.347670998934059,72.43085860469225,"{""type"":""Point"",""coordinates"":[72.430894960935,-7.347672208789883]}"
1193,1373,1079,870,666,0.23667621612548828,691,516,-7.283909006553746,72.42024226452412,"{""type"":""Point"",""coordinates"":[72.42020522149426,-7.283928463955856]}"
1195,1408,1067,896,722,0.1928451657295227,692,511,-7.281065307546077,72.41416146253167,"{""type"":""Point"",""coordinates"":[72.41417812143136,-7.28102064233817]}"
1196,1229,934,785,585,0.2297564148902893,647,520,-7.3228797802870895,72.40163577187622,"{""type"":""Point"",""coordinates"":[72.40159112141495,-7.322920710318706]}"
1197,2340,2021,947,712,0.4789608418941498,723,540,-7.346434789898817,72.43898941556247,"{""type"":""Point"",""coordinates"":[72.43900606018758,-7.346469251149348]}"
1198,1561,1373,972,766,0.28377747535705566,709,515,-7.319290374583399,72.41056259153153,"{""type"":""Point"",""coordinates"":[72.41058769194416,-7.319331174426043]}"
1199,1669,1312,928,724,0.2888015806674957,718,540,-7.283261331240739,72.3863231292583,"{""type"":""Point"",""coordinates"":[72.38633042266794,-7.283246373427306]}"
1200,1471,1111,838,654,0.2589235007762909,636,478,-7.287949733744947,72.4113196036008,"{""type"":""Point"",""coordinates"":[72.41129605027994,-7.287922933563672]}"
1201,1869,1754,1318,909,0.3173113167285919,807,527,-7.316084182732028,72.40465934447447,"{""type"":""Point"",""coordinates"":[72.40468304298138,-7.31607406745516]}"
1203,1261,953,805,598,0.22888459265232086,644,507,-7.280682524252243,72.44083694161766,"{""type"":""Point"",""coordinates"":[72.44088181037174,-7.2806802711034635]}"
1204,1221,968,813,597,0.23706069588661194,608,455,-7.326163933032193,72.40916775118761,"{""type"":""Point"",""coordinates"":[72.40917646134837,-7.326132777931632]}"
1205,1355,954,787,674,0.17199017107486725,625,455,-7.345220748655973,72.3729514035141,"{""type"":""Point"",""coordinates"":[72.37292723807938,-7.345228782986633]}"
1206,1490,1109,821,614,0.2872896194458008,640,489,-7.291004804965069,72.41333239609307,"{""type"":""Point"",""coordinates"":[72.41330983404231,-7.291009327384797]}"
1208,1105,846,726,523,0.2359386384487152,538,425,-7.310201020192225,72.37042658480969,"{""type"":""Point"",""coordinates"":[72.37044264439194,-7.310211030894331]}"
1209,1270,936,766,635,0.19159770846594526,608,439,-7.302741526053722,72.37769663370781,"{""type"":""Point"",""coordinates"":[72.3776703046837,-7.302757927309344]}"
1210,1274,957,829,654,0.18808193504810333,660,486,-7.330910785379388,72.39048116831147,"{""type"":""Point"",""coordinates"":[72.3905090781363,-7.330885196443998]}"
1211,3779,3515,3549,3257,0.0380980521440506,3176,2534,-7.343378361232204,72.41355000822973,"{""type"":""Point"",""coordinates"":[72.41355291631221,-7.343394917154077]}"
1212,1505,1237,845,652,0.30968767404556274,637,462,-7.311267515007897,72.39675419535038,"{""type"":""Point"",""coordinates"":[72.3967335384653,-7.311254175223432]}"
1213,1163,878,757,567,0.21522490680217743,588,445,-7.315035861856455,72.38800951338438,"{""type"":""Point"",""coordinates"":[72.38801866263871,-7.31501451217735]}"
1214,1554,1234,1035,917,0.14737331867218018,821,626,-7.339064667784556,72.37498535446686,"{""type"":""Point"",""coordinates"":[72.37494693205693,-7.339045228925491]}"
1216,3607,3894,2590,1047,0.5761991739273071,800,579,-7.323117616104975,72.4297659250019,"{""type"":""Point"",""coordinates"":[72.42977665896669,-7.323117092807848]}"
1217,2184,2193,1470,775,0.47776278853416443,758,572,-7.299564533228426,72.41583921152514,"{""type"":""Point"",""coordinates"":[72.41585802567612,-7.299530924144422]}"
1218,1367,1004,790,750,0.14481185376644135,562,415,-7.318001590364353,72.37790186663419,"{""type"":""Point"",""coordinates"":[72.3779182814251,-7.317997330325292]}"
1219,1218,940,746,599,0.22157244384288788,532,400,-7.3190382976813675,72.38415052985707,"{""type"":""Point"",""coordinates"":[72.38418617682213,-7.319040602315388]}"
1221,1657,1238,850,655,0.30797675251960754,653,482,-7.3027479862553015,72.42472654666042,"{""type"":""Point"",""coordinates"":[72.42475803504446,-7.302703621340505]}"
1222,1417,1095,852,664,0.24502559006214142,674,502,-7.30290873650417,72.43919805280399,"{""type"":""Point"",""coordinates"":[72.43917504279801,-7.302892835481781]}"
1223,1326,1012,956,690,0.18918919563293457,721,519,-7.3474754663702315,72.42099817694849,"{""type"":""Point"",""coordinates"":[72.42097469416605,-7.347496753589658]}"
1224,1434,1091,848,670,0.23906871676445007,669,497,-7.283488727015672,72.40414126211536,"{""type"":""Point"",""coordinates"":[72.40411122768126,-7.2835191964118655]}"
1225,2555,2245,941,634,0.5595692992210388,626,466,-7.337029621662746,72.4408164273434,"{""type"":""Point"",""coordinates"":[72.44080247601082,-7.337035836160849]}"
1226,1424,1001,800,585,0.26229506731033325,577,434,-7.323786015101948,72.41312925921626,"{""type"":""Point"",""coordinates"":[72.41309254768012,-7.323746392040007]}"
1227,1327,1011,829,673,0.20071259140968323,646,469,-7.310810156149609,72.38553560493874,"{""type"":""Point"",""coordinates"":[72.38549071162878,-7.3107895776135985]}"
1228,1386,1099,924,705,0.21840354800224304,697,529,-7.345085667987391,72.39085995947899,"{""type"":""Point"",""coordinates"":[72.39088613668244,-7.345047980889756]}"
1229,1449,1231,904,714,0.26580976863753214,640,461,-7.289563088252098,72.37687417152297,"{""type"":""Point"",""coordinates"":[72.37690572382667,-7.289520170890556]}"
1230,1238,943,749,584,0.23510150611400604,586,442,-7.324452399843535,72.40861205577531,"{""type"":""Point"",""coordinates"":[72.40859170933376,-7.324464926529364]}"
1231,1392,1020,853,689,0.1936805099248886,662,492,-7.294015012257309,72.43316120062626,"{""type"":""Point"",""coordinates"":[72.43317123114602,-7.293984628104056]}"
1232,1199,897,763,545,0.24410541355609894,541,420,-7.328188569845755,72.41605706655405,"{""type"":""Point"",""coordinates"":[72.41606912937591,-7.328173635039186]}"
1234,1226,922,778,604,0.20838794112205505,598,453,-7.317247683937177,72.39408609081688,"{""type"":""Point"",""coordinates"":[72.39409628054803,-7.3172271059508045]}"
1235,1217,1004,945,603,0.2495332956314087,653,484,-7.342193856282743,72.37916977480467,"{""type"":""Point"",""coordinates"":[72.37918910344636,-7.342228437567453]}"
1236,1388,1079,705,574,0.3055051565170288,568,431,-7.308841726490931,72.39510785883438,"{""type"":""Point"",""coordinates"":[72.3951461239882,-7.308835359683534]}"
1237,2500,2393,1220,774,0.5112093687057495,748,553,-7.339130650380272,72.43766698095233,"{""type"":""Point"",""coordinates"":[72.4376276023177,-7.339147901262487]}"
1238,1065,717,509,373,0.315596342086792,269,180,-7.347449912117422,72.42434460009542,"{""type"":""Point"",""coordinates"":[72.42437261736951,-7.347445423541865]}"
1239,1211,853,719,554,0.212508887052536,562,440,-7.333124351903059,72.3843473678842,"{""type"":""Point"",""coordinates"":[72.38431084833122,-7.333098694230064]}"
1241,1510,1304,954,809,0.2342640795078088,646,484,-7.290010533258416,72.37742017672417,"{""type"":""Point"",""coordinates"":[72.377375161886,-7.289985027830653]}"
1242,1256,1017,840,685,0.19506463408470154,616,453,-7.325158435209408,72.39884921887463,"{""type"":""Point"",""coordinates"":[72.39884267370071,-7.3251541554486375]}"
1243,1303,961,797,661,0.18495684340320592,604,450,-7.297195653679594,72.37060039430536,"{""type"":""Point"",""coordinates"":[72.37062607828193,-7.297179159101979]}"
1244,1384,1184,1254,782,0.20447608828544617,1332,1219,-7.344421409393304,72.39510612882523,"{""type"":""Point"",""coordinates"":[72.3951163859996,-7.344450908809976]}"
1245,1482,1111,890,757,0.18950749933719635,646,469,-7.339775090119928,72.40049783792801,"{""type"":""Point"",""coordinates"":[72.40046032949726,-7.339738790421386]}"
1246,1145,795,677,488,0.23928293585777283,436,260,-7.347554044748295,72.4106875008123,"{""type"":""Point"",""coordinates"":[72.41066638825207,-7.347554801983044]}"
1247,1212,901,776,593,0.20615796744823456,568,408,-7.312283299841255,72.39377721137456,"{""type"":""Point"",""coordinates"":[72.39380626626165,-7.312287661028213]}"
1249,1506,1386,993,768,0.2869080901145935,663,480,-7.312856703896808,72.4015597664442,"{""type"":""Point"",""coordinates"":[72.40159821590532,-7.312827824276379]}"
1250,2306,1927,1057,764,0.43218135833740234,728,537,-7.309225901244623,72.42785091894568,"{""type"":""Point"",""coordinates"":[72.42787577825172,-7.309265123587205]}"
1251,2782,2782,1661,756,0.5726398825645447,710,545,-7.33157496766135,72.43381025891372,"{""type"":""Point"",""coordinates"":[72.43381881288732,-7.331590953435959]}"
1252,1190,850,660,550,0.2142857164144516,553,413,-7.319234255134567,72.39410112253603,"{""type"":""Point"",""coordinates"":[72.39411433556309,-7.319203114087754]}"
1254,1242,1008,907,647,0.21812689304351807,613,429,-7.326327358031661,72.3875521403742,"{""type"":""Point"",""coordinates"":[72.38752740917417,-7.32629229680634]}"
1255,2845,2694,1234,717,0.5795954465866089,663,492,-7.33641627406007,72.43836968576544,"{""type"":""Point"",""coordinates"":[72.43836168954024,-7.336455036216685]}"
1256,1323,993,837,646,0.2117144614458084,666,504,-7.278438504637778,72.4152268058228,"{""type"":""Point"",""coordinates"":[72.41524807718892,-7.278465864083443]}"
1257,1402,1030,844,649,0.22692078351974487,639,490,-7.287057054355857,72.42189402716406,"{""type"":""Point"",""coordinates"":[72.4218837351262,-7.287085700290827]}"
1258,1252,965,800,641,0.2017434686422348,579,451,-7.321684008789552,72.40452096159453,"{""type"":""Point"",""coordinates"":[72.40456162943234,-7.321726182378017]}"
1259,2815,3022,1945,821,0.5727296471595764,711,544,-7.316590151418941,72.43315280175653,"{""type"":""Point"",""coordinates"":[72.43312712090476,-7.316575275657551]}"
1260,1612,1213,894,719,0.25569358468055725,723,533,-7.2898957857999696,72.40473230937009,"{""type"":""Point"",""coordinates"":[72.40476945184558,-7.289862631328601]}"
1262,1460,1108,854,681,0.23868082463741302,653,479,-7.284027108951732,72.40459751838102,"{""type"":""Point"",""coordinates"":[72.40456799132346,-7.284046258984473]}"
1263,1268,1029,831,646,0.22865670919418335,575,410,-7.325614028915097,72.39830999290413,"{""type"":""Point"",""coordinates"":[72.3982890599325,-7.325577586679978]}"
1264,1427,1046,834,640,0.24080663919448853,665,494,-7.305086152016176,72.4378581288481,"{""type"":""Point"",""coordinates"":[72.43785288217745,-7.305046874050418]}"
1265,1271,962,760,625,0.21235035359859467,640,490,-7.3466349923893475,72.40091182648995,"{""type"":""Point"",""coordinates"":[72.40087827181553,-7.346613832937071]}"
1267,1491,1308,1253,934,0.16681534051895142,1123,860,-7.343875509514215,72.39564468773622,"{""type"":""Point"",""coordinates"":[72.39560029426568,-7.343905778359753]}"
1268,1186,882,739,569,0.21571330726146698,562,417,-7.314215087407646,72.37705934215592,"{""type"":""Point"",""coordinates"":[72.37704549819789,-7.314190164965502]}"
1269,1364,970,831,691,0.16797110438346863,615,456,-7.337581198710064,72.40400867100105,"{""type"":""Point"",""coordinates"":[72.40401186458321,-7.337602079979641]}"
1270,1384,1033,793,664,0.21744254231452942,651,483,-7.296997502045749,72.43282220502323,"{""type"":""Point"",""coordinates"":[72.43282404194169,-7.296972771827958]}"
1272,1220,873,765,618,0.17102615535259247,588,434,-7.319185541393691,72.38858353078906,"{""type"":""Point"",""coordinates"":[72.38858146822822,-7.3192226612796425]}"
1273,1342,1044,826,669,0.2189141809940338,632,473,-7.291092272411856,72.42563262964637,"{""type"":""Point"",""coordinates"":[72.42564984538734,-7.291119928416989]}"
1274,1304,991,761,671,0.19253910950661854,600,434,-7.292211541400503,72.37291457247373,"{""type"":""Point"",""coordinates"":[72.37293042512512,-7.292231483321979]}"
1276,1983,1578,1170,821,0.3155481517314911,700,498,-7.337307101247397,72.42815612078215,"{""type"":""Point"",""coordinates"":[72.42817947906026,-7.337341684916454]}"
1277,1642,1252,881,719,0.2704211175441742,680,514,-7.2825328380931245,72.38713161007418,"{""type"":""Point"",""coordinates"":[72.38711739904545,-7.282540649750472]}"
1278,1943,2060,1669,1165,0.2775193750858307,787,546,-7.31855428342439,72.41236588043773,"{""type"":""Point"",""coordinates"":[72.41237359742337,-7.318522859906105]}"
1279,1375,1058,841,684,0.2146957516670227,652,491,-7.289661937981842,72.42372256574855,"{""type"":""Point"",""coordinates"":[72.4237083342146,-7.2896451680877306]}"
1280,1521,1174,746,568,0.34787601232528687,562,418,-7.332633132747478,72.42531649735275,"{""type"":""Point"",""coordinates"":[72.42532463682703,-7.33266233508085]}"
1281,1174,917,812,565,0.2375168651342392,608,471,-7.332174685719481,72.41436898609149,"{""type"":""Point"",""coordinates"":[72.41436011839848,-7.332210652071599]}"
1282,2900,2660,1182,737,0.5660877227783203,728,549,-7.323690979191864,72.43745799440956,"{""type"":""Point"",""coordinates"":[72.4375034023417,-7.323727642291885]}"
1283,1362,1113,964,742,0.20000000298023224,637,439,-7.3439414980978075,72.422599195367,"{""type"":""Point"",""coordinates"":[72.42263826394839,-7.343905570875319]}"
1284,1695,1441,973,787,0.29353681206703186,655,470,-7.332176825575204,72.42594612642029,"{""type"":""Point"",""coordinates"":[72.4259352079095,-7.332198997793722]}"
1285,1273,1072,937,730,0.18978911638259888,722,519,-7.345093066042047,72.40180459746827,"{""type"":""Point"",""coordinates"":[72.40183893751231,-7.345061094687852]}"
1286,1300,981,791,640,0.21036396920681,600,440,-7.2782947371304125,72.43421705727918,"{""type"":""Point"",""coordinates"":[72.4342536342014,-7.2783093810813995]}"
1287,3550,3889,2455,960,0.6040420532226562,814,564,-7.34484831027914,72.43391215388833,"{""type"":""Point"",""coordinates"":[72.43391471743979,-7.344846838574663]}"
1288,3284,3890,3086,1280,0.5048356056213379,632,340,-7.3439578257714855,72.43227725724286,"{""type"":""Point"",""coordinates"":[72.43225635675,-7.343944230572892]}"
1289,1359,999,792,610,0.2417650669813156,623,470,-7.296091799229761,72.43317704540891,"{""type"":""Point"",""coordinates"":[72.43317643989408,-7.296102912582536]}"
1290,2957,3187,2088,1227,0.4440416991710663,966,693,-7.314258338409558,72.43105480560588,"{""type"":""Point"",""coordinates"":[72.43102431594525,-7.314234758647607]}"
1291,2771,2877,2053,1048,0.46598726511001587,928,665,-7.289296481321475,72.38835818257424,"{""type"":""Point"",""coordinates"":[72.38834113435291,-7.289255614098864]}"
1292,1204,902,782,600,0.20106524229049683,603,461,-7.3404972238962225,72.37662430144808,"{""type"":""Point"",""coordinates"":[72.37658978317963,-7.340513139955798]}"
1293,2669,2711,1631,785,0.5509153604507446,797,598,-7.346636186331696,72.43627753730776,"{""type"":""Point"",""coordinates"":[72.4362584709526,-7.346616262421474]}"
1294,3078,3398,2324,1032,0.534085750579834,889,630,-7.286186131135861,72.38164221316536,"{""type"":""Point"",""coordinates"":[72.38161244899867,-7.286195869480579]}"
1295,1262,986,835,642,0.21130220592021942,626,461,-7.316991991089199,72.38006499168938,"{""type"":""Point"",""coordinates"":[72.38005664542311,-7.3170077395051125]}"
1296,1188,884,749,565,0.22015182884748102,553,408,-7.297008971342609,72.37141298837098,"{""type"":""Point"",""coordinates"":[72.37145390430939,-7.2970402012466185]}"
1297,1812,1773,1529,1231,0.18042610585689545,779,554,-7.291972778361667,72.38069080364505,"{""type"":""Point"",""coordinates"":[72.3806848245598,-7.2919383594915175]}"
1298,1281,962,800,639,0.20174890756607056,625,452,-7.334861390913728,72.39349592019136,"{""type"":""Point"",""coordinates"":[72.39353844976155,-7.334870091291623]}"
1299,1117,784,698,486,0.23464566469192505,549,429,-7.340970208466377,72.3977029758821,"{""type"":""Point"",""coordinates"":[72.39769380818801,-7.341003020406987]}"
1301,1313,1001,819,654,0.20966766774654388,620,455,-7.278517856492351,72.42861182450945,"{""type"":""Point"",""coordinates"":[72.42857687232176,-7.278478448657286]}"
1302,1337,1006,783,653,0.21277877688407898,644,492,-7.2802512910380335,72.42627369092946,"{""type"":""Point"",""coordinates"":[72.4262677905063,-7.280254848149676]}"
1303,1495,1206,839,726,0.2484472049689441,639,464,-7.286344689565779,72.37250886913138,"{""type"":""Point"",""coordinates"":[72.37246833594757,-7.286357933001933]}"
1304,3612,3859,2474,1009,0.5854560136795044,907,673,-7.323385742525901,72.43012975100018,"{""type"":""Point"",""coordinates"":[72.4301570530702,-7.323377148817845]}"
1305,1423,1055,841,662,0.22888758778572083,645,470,-7.2880831692006565,72.41756082741774,"{""type"":""Point"",""coordinates"":[72.41752466784479,-7.28811485767403]}"
1306,3602,4157,3213,1139,0.56986403465271,814,612,-7.307293853454754,72.40875303812824,"{""type"":""Point"",""coordinates"":[72.40874174534162,-7.307260453947304]}"
1307,2274,1808,900,651,0.47051647305488586,645,484,-7.333329638377394,72.44051664427583,"{""type"":""Point"",""coordinates"":[72.44054107994731,-7.33331195880969]}"
1308,1355,1017,825,647,0.22235576808452606,653,494,-7.279311873800548,72.40718457986746,"{""type"":""Point"",""coordinates"":[72.40720822210905,-7.279271160707045]}"
1309,2594,2679,2024,1416,0.3084249198436737,2031,1087,-7.295097354150267,72.38550770642428,"{""type"":""Point"",""coordinates"":[72.3855426158822,-7.295102311689207]}"
1312,1237,956,779,633,0.2032724916934967,596,449,-7.311483689515217,72.38002350810922,"{""type"":""Point"",""coordinates"":[72.3800375475768,-7.311517830246165]}"
1315,1181,897,718,600,0.19839678704738617,629,449,-7.345463863378973,72.40054110993808,"{""type"":""Point"",""coordinates"":[72.40052109561182,-7.3454257620301115]}"
1316,1316,988,822,659,0.19975712895393372,631,466,-7.334157835590708,72.37901862027887,"{""type"":""Point"",""coordinates"":[72.3790423887835,-7.334140039794767]}"
1317,1391,1061,881,696,0.20774047076702118,703,534,-7.278981997639195,72.40302199065289,"{""type"":""Point"",""coordinates"":[72.40303259952996,-7.2789779652986875]}"
1318,3181,3315,2009,824,0.6018362045288086,685,498,-7.295042077597654,72.40486167327919,"{""type"":""Point"",""coordinates"":[72.40482113822588,-7.295059334461638]}"
1319,1255,940,738,615,0.20900321006774902,591,449,-7.303252142927105,72.38186089934193,"{""type"":""Point"",""coordinates"":[72.38187902068361,-7.303281230384084]}"
1320,3773,4065,2737,1023,0.5978773832321167,950,705,-7.30006186147858,72.40978347943101,"{""type"":""Point"",""coordinates"":[72.4097720058526,-7.300081097855912]}"
1321,1313,989,821,637,0.21648216247558594,651,492,-7.289563415217915,72.42480706394714,"{""type"":""Point"",""coordinates"":[72.42479265471628,-7.289602507948832]}"
1322,1240,932,796,628,0.19487179815769196,578,404,-7.337085252993006,72.38600543075572,"{""type"":""Point"",""coordinates"":[72.3860331313834,-7.3371168758133924]}"
1323,955,626,429,302,0.34913793206214905,260,189,-7.34745961797226,72.41122948131881,"{""type"":""Point"",""coordinates"":[72.4112671016726,-7.347455276495392]}"
1324,1280,1065,933,749,0.17420066893100739,690,510,-7.337974940698927,72.37579119635492,"{""type"":""Point"",""coordinates"":[72.37575901091977,-7.3379371675646885]}"
1325,1202,895,730,578,0.2152070552110672,493,345,-7.297933258618891,72.38064513889435,"{""type"":""Point"",""coordinates"":[72.38066324242428,-7.297961595239121]}"
1326,1616,1252,893,721,0.2691332995891571,706,521,-7.292521922053629,72.40375733177298,"{""type"":""Point"",""coordinates"":[72.40372715040431,-7.292556755375028]}"
1327,3478,3333,1446,770,0.6246649026870728,729,549,-7.33020879001634,72.43533733941004,"{""type"":""Point"",""coordinates"":[72.4353047916778,-7.330167936824519]}"
1328,1616,1227,964,759,0.23564954102039337,766,581,-7.289152946681507,72.40743985892753,"{""type"":""Point"",""coordinates"":[72.4074622163837,-7.289178225306977]}"
1329,1194,863,685,562,0.21122807264328003,582,458,-7.328612332778407,72.39589064921637,"{""type"":""Point"",""coordinates"":[72.39584684771452,-7.328567706699284]}"
1330,1255,969,750,648,0.19851576994434136,547,409,-7.291872620090651,72.36992742871945,"{""type"":""Point"",""coordinates"":[72.36991022611154,-7.291904100587049]}"
1331,1230,882,681,588,0.20000000298023224,612,436,-7.330346415991652,72.40540080594299,"{""type"":""Point"",""coordinates"":[72.40540138557479,-7.330336332344355]}"
1332,2550,2536,1687,800,0.5203837156295776,717,524,-7.295502433963686,72.40368943268521,"{""type"":""Point"",""coordinates"":[72.40371508539398,-7.295530508960534]}"
1333,1560,1166,882,707,0.24506139755249023,721,532,-7.306837599816901,72.43316866425344,"{""type"":""Point"",""coordinates"":[72.4331881529595,-7.306863936703872]}"
1334,1298,956,799,638,0.19949811697006226,624,447,-7.340024612579932,72.3794247364373,"{""type"":""Point"",""coordinates"":[72.37940546792248,-7.340041258872779]}"
1335,1520,1135,855,714,0.22769063711166382,673,494,-7.286859707681244,72.40018742313315,"{""type"":""Point"",""coordinates"":[72.40018557086226,-7.2868686781698955]}"
1336,1328,988,804,643,0.21152667701244354,639,473,-7.289123264198969,72.4352039316742,"{""type"":""Point"",""coordinates"":[72.43519165559846,-7.289091922421831]}"
1337,1344,975,751,599,0.23888182640075684,590,437,-7.300397035160626,72.43700832217708,"{""type"":""Point"",""coordinates"":[72.43702887414725,-7.300385688095928]}"
1338,1243,933,747,606,0.21247562766075134,584,438,-7.327077258552415,72.39587901225714,"{""type"":""Point"",""coordinates"":[72.39583505430062,-7.327053829223185]}"
1339,2762,2496,2021,1229,0.34013423323631287,753,515,-7.296997037726826,72.38506978862408,"{""type"":""Point"",""coordinates"":[72.38508635610073,-7.297016999585027]}"
1340,1262,940,750,660,0.17499999701976776,631,476,-7.348950719501996,72.39324105228492,"{""type"":""Point"",""coordinates"":[72.39326025542064,-7.348935840104331]}"
1341,1582,1317,1110,934,0.17014659941196442,854,645,-7.347836650497596,72.42100094282188,"{""type"":""Point"",""coordinates"":[72.42099688639824,-7.347814909921949]}"
1343,2028,2107,1656,1070,0.3264085650444031,870,610,-7.32104277265012,72.41763059635791,"{""type"":""Point"",""coordinates"":[72.41765424550451,-7.32100715823618]}"
1344,1397,1268,894,658,0.31671857833862305,593,439,-7.318312182652575,72.40856537565767,"{""type"":""Point"",""coordinates"":[72.40858209953475,-7.318350825221144]}"
1345,3407,3688,2293,926,0.598612904548645,836,631,-7.341953336152221,72.43461348977482,"{""type"":""Point"",""coordinates"":[72.43457590578139,-7.341985580600888]}"
1346,1712,1277,877,673,0.30974358320236206,660,498,-7.299253209353594,72.42117279259969,"{""type"":""Point"",""coordinates"":[72.42115555520658,-7.299284715544789]}"
1347,1172,836,665,520,0.23303835093975067,539,424,-7.317175308059465,72.3797045851613,"{""type"":""Point"",""coordinates"":[72.3797413319051,-7.317164382753259]}"
1348,2214,1801,985,735,0.4203470051288605,699,531,-7.298742959731067,72.41700868953325,"{""type"":""Point"",""coordinates"":[72.41699875234386,-7.298708713149147]}"
1349,1369,1053,859,708,0.19591140747070312,684,515,-7.282741166356701,72.43135699998636,"{""type"":""Point"",""coordinates"":[72.43134510679945,-7.282782114856968]}"
1350,1581,1278,937,763,0.2523272931575775,680,499,-7.305425360082808,72.39309228905486,"{""type"":""Point"",""coordinates"":[72.39309083747479,-7.305455345316353]}"
1351,1705,1255,850,689,0.2911522686481476,654,484,-7.312067815834582,72.43411305746949,"{""type"":""Point"",""coordinates"":[72.43411755159723,-7.312090077390749]}"
1352,1266,912,754,633,0.18058252334594727,602,448,-7.3417119448473205,72.37120632793736,"{""type"":""Point"",""coordinates"":[72.37120946167954,-7.34172429574668]}"
1353,3667,3900,2423,879,0.6321406364440918,803,603,-7.300944314272311,72.41250339441898,"{""type"":""Point"",""coordinates"":[72.4125142368483,-7.300939153530369]}"
1354,1377,1127,822,592,0.3112274706363678,603,442,-7.316729262569397,72.40294579132481,"{""type"":""Point"",""coordinates"":[72.40295713112909,-7.316748386829247]}"
1355,1142,815,695,484,0.2548114061355591,535,407,-7.3150406260985585,72.38737642894823,"{""type"":""Point"",""coordinates"":[72.38737739445584,-7.31505803463466]}"
1356,1415,1040,801,630,0.24550898373126984,619,465,-7.297919024100025,72.43038740376666,"{""type"":""Point"",""coordinates"":[72.43039070270919,-7.29791369649865]}"
1357,1601,1227,846,660,0.30047693848609924,641,482,-7.282886582221017,72.38812910014045,"{""type"":""Point"",""coordinates"":[72.38812065371229,-7.282888266735858]}"
1359,1504,1289,937,743,0.2687007874015748,647,464,-7.285886435708254,72.37340985120309,"{""type"":""Point"",""coordinates"":[72.37338240613077,-7.285912586875375]}"
1360,3436,3297,1498,736,0.6350111365318298,689,508,-7.332643980384926,72.43571780400593,"{""type"":""Point"",""coordinates"":[72.43569507108246,-7.332604893952068]}"
1361,2514,2077,1054,750,0.4694021940231323,750,558,-7.296430830242814,72.41228827014788,"{""type"":""Point"",""coordinates"":[72.41225306399457,-7.296410296446568]}"
1363,1248,978,785,593,0.245066836476326,559,412,-7.3277480843393885,72.41460657422098,"{""type"":""Point"",""coordinates"":[72.41463830840203,-7.327706511008049]}"
1365,1409,1068,848,670,0.22899885475635529,657,497,-7.2841865808721264,72.4074022967476,"{""type"":""Point"",""coordinates"":[72.40740176631344,-7.284229781219889]}"
1366,1318,1019,800,649,0.22182254493236542,642,480,-7.282978398646757,72.43579012495626,"{""type"":""Point"",""coordinates"":[72.43579399906827,-7.283018766157548]}"
1367,1718,1354,880,679,0.33202165365219116,656,497,-7.2993489918519785,72.42045000471553,"{""type"":""Point"",""coordinates"":[72.42048338368006,-7.299388960156199]}"
1368,1232,904,737,600,0.20212765957446807,532,390,-7.300236809677881,72.37451228285319,"{""type"":""Point"",""coordinates"":[72.3745427945867,-7.30019951543525]}"
1369,3996,4484,3512,1206,0.5760984420776367,913,690,-7.305853883144086,72.40810901871244,"{""type"":""Point"",""coordinates"":[72.40815449533468,-7.305890119579819]}"
1370,1258,955,802,616,0.2157861292362213,587,424,-7.311105516083483,72.38228180046127,"{""type"":""Point"",""coordinates"":[72.38229955420871,-7.311134415011671]}"
1372,1335,1039,784,617,0.25483091787439616,611,456,-7.293878559124526,72.37943892622035,"{""type"":""Point"",""coordinates"":[72.37948106074319,-7.293846459815525]}"
1373,1362,1057,871,692,0.20869067311286926,686,498,-7.285860270856651,72.43680688610551,"{""type"":""Point"",""coordinates"":[72.43679442893435,-7.285835611050624]}"
1374,1308,1007,816,650,0.21544960141181946,646,480,-7.295980169077364,72.43597975971329,"{""type"":""Point"",""coordinates"":[72.43596719915276,-7.295963577599719]}"
1375,2060,1785,1543,1266,0.1701081544160843,1332,963,-7.305485929376517,72.4327965771155,"{""type"":""Point"",""coordinates"":[72.43282280064486,-7.305519955241034]}"
1376,1529,1134,975,868,0.13286712765693665,725,555,-7.334700316508192,72.37893226536382,"{""type"":""Point"",""coordinates"":[72.37892402177718,-7.334689816621547]}"
1377,1366,1016,807,677,0.2002362608909607,651,489,-7.289691842652493,72.43168124726799,"{""type"":""Point"",""coordinates"":[72.43168211069597,-7.289717070943185]}"
1378,1334,975,744,694,0.1683642864227295,574,435,-7.32176335041791,72.40596869262835,"{""type"":""Point"",""coordinates"":[72.40593944411586,-7.321777235755306]}"
1379,1573,1212,931,747,0.23736600577831268,748,559,-7.288027458591001,72.40101018952392,"{""type"":""Point"",""coordinates"":[72.40104511985965,-7.288049825173445]}"
1380,1224,901,765,594,0.20535117387771606,594,425,-7.3223543350891225,72.37549255100005,"{""type"":""Point"",""coordinates"":[72.37549744505486,-7.322318031204409]}"
1381,1290,927,732,643,0.1808917224407196,570,414,-7.319136745828778,72.37103638223796,"{""type"":""Point"",""coordinates"":[72.37099839476433,-7.3191130339522195]}"
1384,1203,921,808,585,0.22310757637023926,619,464,-7.32265644462938,72.37133418952251,"{""type"":""Point"",""coordinates"":[72.37131082323795,-7.322612183207731]}"
1385,1308,979,815,623,0.2222222238779068,628,467,-7.290004606983203,72.42616697802926,"{""type"":""Point"",""coordinates"":[72.4261712055945,-7.290005865061271]}"
1386,1297,893,732,610,0.1882900893688202,573,439,-7.331468276234401,72.38840506392876,"{""type"":""Point"",""coordinates"":[72.38838859870167,-7.3314304897971]}"
1387,2342,1909,916,701,0.46283525228500366,675,502,-7.319706959271564,72.43887452158987,"{""type"":""Point"",""coordinates"":[72.43883723684522,-7.319689480051967]}"
1388,1431,1262,891,728,0.26834172010421753,701,516,-7.311252504991643,72.39874385172644,"{""type"":""Point"",""coordinates"":[72.39875758582936,-7.311245302312463]}"
1389,1421,1091,945,774,0.1699731945991516,719,545,-7.289051530630241,72.43276160520044,"{""type"":""Point"",""coordinates"":[72.43276312704695,-7.289065916690213]}"
1390,1486,1067,849,686,0.21734170615673065,651,479,-7.3040260539502695,72.43477509027991,"{""type"":""Point"",""coordinates"":[72.43478418066351,-7.304049570086401]}"
1391,1332,1023,805,643,0.22809123992919922,634,472,-7.295510099881999,72.43841797659097,"{""type"":""Point"",""coordinates"":[72.43842444800683,-7.295484976642179]}"
1392,2477,2744,2476,2390,0.06895208358764648,1198,820,-7.348209999847368,72.43122453850576,"{""type"":""Point"",""coordinates"":[72.43117923814472,-7.34817796581592]}"
1394,1613,1260,856,669,0.3063763678073883,660,503,-7.2840564069842655,72.38868053042339,"{""type"":""Point"",""coordinates"":[72.38869521251385,-7.284052570767394]}"
1395,1306,981,747,617,0.22778473794460297,585,441,-7.326841681388744,72.41505189403357,"{""type"":""Point"",""coordinates"":[72.41508895564584,-7.326817155499933]}"
1396,1262,884,720,618,0.17709720134735107,542,399,-7.3284754422452245,72.39010093841705,"{""type"":""Point"",""coordinates"":[72.3900847191261,-7.328483605076419]}"
1397,2116,1778,901,699,0.43560758233070374,668,496,-7.3485032294304835,72.44009071217255,"{""type"":""Point"",""coordinates"":[72.44013556712552,-7.348546041340678]}"
1398,1167,902,757,544,0.24757952988147736,622,448,-7.332592246528258,72.37104715941864,"{""type"":""Point"",""coordinates"":[72.37100282094114,-7.332601333698492]}"
1399,1375,1017,754,676,0.20141759514808655,579,423,-7.315590918945415,72.39823403301871,"{""type"":""Point"",""coordinates"":[72.39819588670316,-7.315623239650808]}"
1400,1629,1273,795,630,0.33788755536079407,639,477,-7.30345533191505,72.43856916397269,"{""type"":""Point"",""coordinates"":[72.4385454643181,-7.303485319073618]}"
1401,1318,1006,851,647,0.21718087792396545,682,502,-7.287673369865028,72.42397876008084,"{""type"":""Point"",""coordinates"":[72.42395226095068,-7.287693969347791]}"
1402,1258,977,877,635,0.21215881407260895,658,478,-7.32868333351879,72.41036272868165,"{""type"":""Point"",""coordinates"":[72.41035865317284,-7.3286523908453285]}"
1403,1526,1190,819,684,0.27001067996025085,638,463,-7.340204154474689,72.42718340573983,"{""type"":""Point"",""coordinates"":[72.42715210559129,-7.340184277806702]}"
1405,2541,2441,1455,841,0.4875076115131378,823,626,-7.316479152316929,72.43586520557834,"{""type"":""Point"",""coordinates"":[72.43589193170641,-7.316497449696899]}"
1406,1630,1239,917,733,0.2565923035144806,734,545,-7.291837977334507,72.4106255470429,"{""type"":""Point"",""coordinates"":[72.41061418704552,-7.291801749739638]}"
1409,1339,1039,883,722,0.18001136183738708,640,451,-7.336823288625087,72.42055487890977,"{""type"":""Point"",""coordinates"":[72.42057776605853,-7.336867757787017]}"
1410,3301,3606,2306,1253,0.4842560291290283,1074,800,-7.348904645040545,72.4348478145322,"{""type"":""Point"",""coordinates"":[72.43484087481089,-7.348894918611791]}"
1411,1197,916,772,579,0.2254180602006689,585,445,-7.3026992797219075,72.37127475873807,"{""type"":""Point"",""coordinates"":[72.37130481187934,-7.302702146408928]}"
1412,2233,2217,2411,1776,0.11044327914714813,2084,1934,-7.3444612337087145,72.41364872767892,"{""type"":""Point"",""coordinates"":[72.4136219334728,-7.344495373051882]}"
1413,1157,841,673,525,0.23133235724743778,567,440,-7.30031560537557,72.37605042075943,"{""type"":""Point"",""coordinates"":[72.37602236827117,-7.300322706252321]}"
1414,1170,860,685,531,0.23652048408985138,521,391,-7.3117783353057115,72.3768601179936,"{""type"":""Point"",""coordinates"":[72.37685407618882,-7.311779789737664]}"
1415,1364,1022,827,656,0.21811680495738983,634,479,-7.286968127822942,72.42171247774523,"{""type"":""Point"",""coordinates"":[72.42175693529828,-7.286985799290696]}"
1416,3295,3180,1465,751,0.6179089546203613,822,626,-7.319375489829179,72.43498296792605,"{""type"":""Point"",""coordinates"":[72.43496967422116,-7.31941163448646]}"
1417,3229,2897,1294,871,0.537685751914978,837,616,-7.320445902815298,72.43670957372755,"{""type"":""Point"",""coordinates"":[72.4367334818301,-7.320486378414777]}"
1418,1158,823,658,501,0.24320241808891296,588,433,-7.318302973686648,72.3858634688063,"{""type"":""Point"",""coordinates"":[72.38584197029984,-7.318289904945861]}"
1419,1207,956,863,616,0.21628499031066895,645,491,-7.339799314112248,72.37336276161882,"{""type"":""Point"",""coordinates"":[72.37335326030463,-7.339827708759526]}"
1421,1385,1061,889,712,0.1968415081501007,678,497,-7.290957350412616,72.43151001816317,"{""type"":""Point"",""coordinates"":[72.43149070423559,-7.29097166144454]}"
1422,1222,871,673,554,0.22245614230632782,576,438,-7.329841112738434,72.37663434932635,"{""type"":""Point"",""coordinates"":[72.3766445539204,-7.329820297226894]}"
1423,1407,1075,857,681,0.22437357902526855,684,512,-7.28294856438437,72.41589402409447,"{""type"":""Point"",""coordinates"":[72.41585582365241,-7.282961003747343]}"
1424,1245,848,647,573,0.19352568686008453,463,282,-7.348453302604294,72.39929754286635,"{""type"":""Point"",""coordinates"":[72.39933447623316,-7.348408174181576]}"
1425,1395,1165,1104,781,0.1973278522491455,1080,925,-7.344791415670742,72.41772146624636,"{""type"":""Point"",""coordinates"":[72.4176896477645,-7.344760790820479]}"
1427,1186,840,697,518,0.23711340129375458,620,466,-7.334426600888225,72.41510974121007,"{""type"":""Point"",""coordinates"":[72.4150748907171,-7.334432892114662]}"
1429,1992,1825,1248,830,0.3747645914554596,822,619,-7.297952881856949,72.41401817496167,"{""type"":""Point"",""coordinates"":[72.41401508213492,-7.297950560839184]}"
1430,1191,955,847,585,0.24025973677635193,662,511,-7.332709252940366,72.39148972734603,"{""type"":""Point"",""coordinates"":[72.39148081514934,-7.3327358521179375]}"
1431,1876,1489,1069,776,0.314790278673172,789,576,-7.296506078978445,72.41427851386227,"{""type"":""Point"",""coordinates"":[72.41429187551718,-7.296533993291473]}"
1432,1385,1066,860,655,0.23881463706493378,666,502,-7.289856921115144,72.42182486138788,"{""type"":""Point"",""coordinates"":[72.42184795032814,-7.289894948745079]}"
1433,1440,1144,943,816,0.16734693944454193,772,580,-7.342609136193379,72.41969464779754,"{""type"":""Point"",""coordinates"":[72.41972106909847,-7.342631761965221]}"
1434,1337,966,798,625,0.21433061361312866,664,486,-7.294058497444518,72.4393112534159,"{""type"":""Point"",""coordinates"":[72.43931516715152,-7.294016933538314]}"
1435,1397,1065,853,675,0.22413793206214905,659,488,-7.282616057390407,72.41209315828193,"{""type"":""Point"",""coordinates"":[72.412126047845,-7.282621212270347]}"
1436,1369,1024,831,653,0.22122839093208313,685,520,-7.292446280975295,72.43758063973907,"{""type"":""Point"",""coordinates"":[72.43757488280144,-7.292435823841613]}"
1437,1149,874,737,519,0.25484564900398254,614,461,-7.325613977164076,72.37434126168762,"{""type"":""Point"",""coordinates"":[72.374324311955,-7.325588857142419]}"
1438,1261,934,742,606,0.2129870057106018,601,434,-7.3266675024359476,72.40229764998674,"{""type"":""Point"",""coordinates"":[72.40227283767001,-7.326687040705335]}"
1439,1269,923,707,665,0.16246850788593292,575,400,-7.310620038614923,72.38680040172305,"{""type"":""Point"",""coordinates"":[72.38681367024152,-7.31061349280467]}"
1440,1309,1006,815,666,0.2033492773771286,627,490,-7.3392202758210425,72.40221215883429,"{""type"":""Point"",""coordinates"":[72.40220359207058,-7.339190961266317]}"
1441,1441,1080,811,648,0.25,626,457,-7.283856046885739,72.40333009443312,"{""type"":""Point"",""coordinates"":[72.40336779969732,-7.283885132533199]}"
1442,1412,1077,890,713,0.2033519595861435,701,529,-7.280497570316412,72.41759373955773,"{""type"":""Point"",""coordinates"":[72.41755286398103,-7.2805066598675445]}"
1443,1569,1326,874,700,0.3089832067489624,634,468,-7.329036468810455,72.42329918816795,"{""type"":""Point"",""coordinates"":[72.42329592866382,-7.329000112236088]}"
1444,1234,914,730,577,0.22602280974388123,602,440,-7.32695533258259,72.41197760211763,"{""type"":""Point"",""coordinates"":[72.41195568615493,-7.326977436298716]}"
1445,1359,990,786,618,0.23134328424930573,607,458,-7.292693571334536,72.42881013153415,"{""type"":""Point"",""coordinates"":[72.42876735451603,-7.292706958354483]}"
1446,1181,881,846,553,0.22873082756996155,613,479,-7.3394077284292605,72.40130909039429,"{""type"":""Point"",""coordinates"":[72.40128204142783,-7.339371688575151]}"
1447,1040,727,529,386,0.30637916922569275,296,215,-7.333744419814181,72.37395026639278,"{""type"":""Point"",""coordinates"":[72.37393492748248,-7.333743953181009]}"
1448,3238,3564,2493,909,0.5935613512992859,875,645,-7.282491946548442,72.38052921636141,"{""type"":""Point"",""coordinates"":[72.38053539814426,-7.2825113536200545]}"
1451,1451,1089,711,588,0.2987477779388428,551,412,-7.336509634422143,72.42616018678557,"{""type"":""Point"",""coordinates"":[72.42619962423285,-7.336514446968979]}"
1452,1113,775,615,469,0.24598070979118347,593,461,-7.318405529043088,72.37220670952352,"{""type"":""Point"",""coordinates"":[72.3721696632461,-7.318422378988753]}"
1453,1201,860,754,577,0.19693806767463684,596,452,-7.340375591162971,72.3807841627939,"{""type"":""Point"",""coordinates"":[72.38082059434011,-7.340349588405379]}"
1454,1297,961,782,662,0.18422673642635345,606,486,-7.311070855572845,72.38689424712464,"{""type"":""Point"",""coordinates"":[72.3868592270996,-7.311062476918751]}"
1455,1408,1064,839,678,0.22158437967300415,652,483,-7.285010349395211,72.41789926567813,"{""type"":""Point"",""coordinates"":[72.41791740507234,-7.285047294385529]}"
1456,1492,1166,853,715,0.23976607620716095,675,498,-7.304983394715891,72.39182274564939,"{""type"":""Point"",""coordinates"":[72.39181018101459,-7.304969299161186]}"
1457,2194,1883,982,700,0.45799458026885986,705,530,-7.348142052574769,72.44008793062817,"{""type"":""Point"",""coordinates"":[72.44005090714879,-7.3481264862904325]}"
1458,1430,1080,792,642,0.25435540080070496,603,443,-7.318521536232769,72.40476828723817,"{""type"":""Point"",""coordinates"":[72.40472617027083,-7.318560129739733]}"
1459,1264,978,813,674,0.18401937186717987,619,465,-7.344848657765013,72.37439584485608,"{""type"":""Point"",""coordinates"":[72.37443849598712,-7.344861460390234]}"
1460,1236,1009,856,665,0.2054958183990442,611,455,-7.296838502441589,72.37005505649937,"{""type"":""Point"",""coordinates"":[72.37006591328627,-7.296813697661046]}"
1461,1368,1067,876,690,0.2145702838897705,685,507,-7.277971103062698,72.39333757014924,"{""type"":""Point"",""coordinates"":[72.39335084156153,-7.278008266504865]}"
1462,1385,1022,812,625,0.2410443276166916,619,467,-7.286001559742208,72.4181780957827,"{""type"":""Point"",""coordinates"":[72.41813870887034,-7.286037290414965]}"
1463,1829,1500,1331,1211,0.1066027283668518,1283,1024,-7.348380149540757,72.39703569638394,"{""type"":""Point"",""coordinates"":[72.39699119877979,-7.348342051218672]}"
1465,2576,2408,1224,820,0.4919454753398895,808,602,-7.345179686207554,72.43780394183605,"{""type"":""Point"",""coordinates"":[72.43778462809885,-7.345216317837123]}"
1466,1665,1300,1152,1027,0.11731843650341034,1091,852,-7.343968547347162,72.39528359078378,"{""type"":""Point"",""coordinates"":[72.39526006965129,-7.344009221914192]}"
1467,1381,1066,779,640,0.2497069239616394,602,442,-7.296387316165341,72.38208060283266,"{""type"":""Point"",""coordinates"":[72.38208393591832,-7.296349641288777]}"
1468,1618,1252,913,696,0.2854209542274475,697,520,-7.283693853795335,72.3888586831636,"{""type"":""Point"",""coordinates"":[72.38889628384895,-7.283682637755818]}"
1469,1764,1336,898,711,0.30532485246658325,689,525,-7.301960037020133,72.42146470796125,"{""type"":""Point"",""coordinates"":[72.42145235682858,-7.302004191263687]}"
1470,1353,1076,910,755,0.1753140389919281,629,465,-7.348197263337083,72.37342614242178,"{""type"":""Point"",""coordinates"":[72.37339331363479,-7.348235928747704]}"
1472,1270,959,767,647,0.19427148194271482,585,424,-7.297547397872754,72.37186924189618,"{""type"":""Point"",""coordinates"":[72.37190621315885,-7.297542634667502]}"
1474,1704,1371,902,724,0.3088305592536926,650,471,-7.3287710928357725,72.42257359717944,"{""type"":""Point"",""coordinates"":[72.42259714082574,-7.328787958004843]}"
1475,1263,962,763,652,0.1920693963766098,519,406,-7.322487366526901,72.36979528776752,"{""type"":""Point"",""coordinates"":[72.36976985120911,-7.322445792191937]}"
1476,1367,1023,817,656,0.21858249604701996,658,504,-7.280066254104738,72.40293973519654,"{""type"":""Point"",""coordinates"":[72.402930128874,-7.280023422015952]}"
1477,1288,925,628,539,0.2636612057685852,467,350,-7.349042038985645,72.42869836334016,"{""type"":""Point"",""coordinates"":[72.42869284737563,-7.3490547230738335]}"
1478,1336,1040,847,692,0.20092378556728363,657,485,-7.2808906210646755,72.43722116340915,"{""type"":""Point"",""coordinates"":[72.43720966409131,-7.2809181026373055]}"
1479,1337,1025,834,640,0.231231227517128,633,476,-7.280377043561154,72.40963442339941,"{""type"":""Point"",""coordinates"":[72.4096676284957,-7.280373167584499]}"
1480,1108,892,775,555,0.2328956425189972,562,407,-7.336180894738212,72.38617948720288,"{""type"":""Point"",""coordinates"":[72.38615389019041,-7.336152057591365]}"
1481,1337,985,818,626,0.2228429546865301,612,440,-7.291840203684748,72.37426842574259,"{""type"":""Point"",""coordinates"":[72.37431259093381,-7.291835015063265]}"
1482,1283,990,877,679,0.1863391250371933,606,443,-7.323346317558957,72.3996494941865,"{""type"":""Point"",""coordinates"":[72.39966684740911,-7.323390232392457]}"
1483,1245,954,741,587,0.23815703392028809,600,469,-7.335918949094858,72.42072885932421,"{""type"":""Point"",""coordinates"":[72.4207299339516,-7.335925153324108]}"
1484,1191,947,754,588,0.23387622149837134,580,430,-7.294199509887632,72.3727485832019,"{""type"":""Point"",""coordinates"":[72.37277993192457,-7.294223257048701]}"
1485,1716,1445,1023,847,0.26090750098228455,952,675,-7.291250475910024,72.39271403925441,"{""type"":""Point"",""coordinates"":[72.39271176801417,-7.291242156578888]}"
1486,1816,1556,1336,1078,0.181473046541214,1244,862,-7.2987694754482675,72.42541975621104,"{""type"":""Point"",""coordinates"":[72.42542619845285,-7.298809591788204]}"
1487,1308,981,828,653,0.20073439180850983,655,517,-7.277915015888595,72.43665588113048,"{""type"":""Point"",""coordinates"":[72.4366438465725,-7.277942062920327]}"
1488,1730,1481,941,756,0.3240947723388672,667,498,-7.3250144412326454,72.41784176779913,"{""type"":""Point"",""coordinates"":[72.41785483243264,-7.325051792673874]}"
1489,1491,1145,886,695,0.2445652186870575,710,528,-7.306725938515905,72.4359714444849,"{""type"":""Point"",""coordinates"":[72.43594682844027,-7.306759555422212]}"
1490,1734,1374,905,713,0.316722571849823,688,521,-7.298450828018969,72.41981009789133,"{""type"":""Point"",""coordinates"":[72.4198064806365,-7.298441066662187]}"
1491,1428,1076,837,670,0.23253150284290314,676,506,-7.28162648863161,72.39960531299464,"{""type"":""Point"",""coordinates"":[72.39962004537547,-7.281623947858391]}"
1492,1194,923,765,582,0.22657807171344757,566,435,-7.3394132126623886,72.40058553599995,"{""type"":""Point"",""coordinates"":[72.4006253178619,-7.339371098752501]}"
1493,1253,985,865,595,0.24683544039726257,633,476,-7.3405040431714035,72.42338690894191,"{""type"":""Point"",""coordinates"":[72.4233936425147,-7.340459311969815]}"
1496,1631,1246,958,770,0.2361111044883728,757,555,-7.289781618185983,72.40789680982692,"{""type"":""Point"",""coordinates"":[72.40792079557187,-7.28978140675843]}"
1497,1695,1510,1405,1103,0.15575966238975525,1212,1020,-7.343474853255481,72.41273670209681,"{""type"":""Point"",""coordinates"":[72.41270223721557,-7.3434813592977815]}"
1498,1386,1076,880,721,0.19755147397518158,711,523,-7.279704708995386,72.41496508604314,"{""type"":""Point"",""coordinates"":[72.41499873736811,-7.27972224875631]}"
1499,1006,757,616,407,0.3006872832775116,421,280,-7.345125993770486,72.38552360699272,"{""type"":""Point"",""coordinates"":[72.38549411851685,-7.345139844369538]}"
1500,1230,1000,828,636,0.22249388753056235,595,457,-7.298715900965147,72.37260155210382,"{""type"":""Point"",""coordinates"":[72.37257786295028,-7.298684890615635]}"
1501,1491,1149,904,723,0.22756409645080566,704,532,-7.281338615328333,72.38983580415973,"{""type"":""Point"",""coordinates"":[72.38980927452384,-7.28134556429656]}"
1502,1994,1947,1415,869,0.3828125,761,570,-7.294033791591573,72.40684372171113,"{""type"":""Point"",""coordinates"":[72.40683720544168,-7.294057243489785]}"
1503,1394,1006,800,736,0.15499426424503326,607,433,-7.329975238736201,72.41860318439201,"{""type"":""Point"",""coordinates"":[72.4185913165404,-7.330003496864644]}"
1504,1507,1111,774,710,0.22020867466926575,619,457,-7.313338238498048,72.3975838643682,"{""type"":""Point"",""coordinates"":[72.39759264773245,-7.313325496866074]}"
1505,3275,3622,2349,895,0.6037192940711975,708,511,-7.333482914467381,72.432287322808,"{""type"":""Point"",""coordinates"":[72.43225221508386,-7.333480859289607]}"
1506,3101,3314,2345,946,0.5558685446009389,881,666,-7.281146231858593,72.37934341052444,"{""type"":""Point"",""coordinates"":[72.379318133887,-7.281140518906761]}"
1507,1482,1148,866,706,0.23840345442295074,696,534,-7.282500297984588,72.39147243970035,"{""type"":""Point"",""coordinates"":[72.39146221232492,-7.282508683760615]}"
1508,1426,1080,842,660,0.24137930572032928,668,505,-7.284557995000067,72.40604853693132,"{""type"":""Point"",""coordinates"":[72.40600527961647,-7.284576600920395]}"
1509,1740,1293,873,690,0.3040847182273865,671,507,-7.3049771961679255,72.42845158023623,"{""type"":""Point"",""coordinates"":[72.42848876804126,-7.304938128896186]}"
1510,1260,975,806,637,0.20967741935483872,588,424,-7.299627697325337,72.37143261654842,"{""type"":""Point"",""coordinates"":[72.37143488094276,-7.299602600688145]}"
1511,1209,989,814,588,0.2542802691459656,645,479,-7.338813939320123,72.4200274146051,"{""type"":""Point"",""coordinates"":[72.42002055034095,-7.338857423220073]}"
1513,1377,998,850,666,0.19951923191547394,660,487,-7.27762651555979,72.4151302220795,"{""type"":""Point"",""coordinates"":[72.41516373209218,-7.277631532453473]}"
1514,1406,1054,840,690,0.20871560275554657,650,484,-7.278696886061467,72.39289084076532,"{""type"":""Point"",""coordinates"":[72.39289735550392,-7.278738419211385]}"
1515,2330,2628,2260,1397,0.3058384954929352,1487,766,-7.317658856442627,72.41136418356133,"{""type"":""Point"",""coordinates"":[72.41140954210758,-7.317697936938611]}"
1516,1505,1105,807,638,0.2679288685321808,634,474,-7.313482857362372,72.43801284695098,"{""type"":""Point"",""coordinates"":[72.43797305199693,-7.31348018369617]}"
1517,2138,1880,1849,1548,0.0968494713306427,1877,1571,-7.343183306914909,72.41544794853048,"{""type"":""Point"",""coordinates"":[72.41546040289364,-7.3431868712687285]}"
1518,1891,1888,1457,956,0.32770745428973275,748,531,-7.288383098232773,72.37767929620172,"{""type"":""Point"",""coordinates"":[72.37771200583273,-7.28837862453055]}"
1519,1310,972,773,610,0.22882427275180817,609,465,-7.287690918861661,72.43356515996702,"{""type"":""Point"",""coordinates"":[72.43357016017345,-7.287716850426911]}"
1520,1221,956,818,598,0.23037323355674744,627,486,-7.3402048966822315,72.41524429963039,"{""type"":""Point"",""coordinates"":[72.41521852963265,-7.340194270734885]}"
1521,1770,1367,979,770,0.27936360239982605,766,568,-7.295423884660188,72.41408942304611,"{""type"":""Point"",""coordinates"":[72.41407904576984,-7.2954224015671345]}"
1522,1222,888,703,557,0.22906574606895447,557,432,-7.303947391059647,72.38548388607205,"{""type"":""Point"",""coordinates"":[72.38547989347013,-7.303943926246561]}"
1523,1426,1145,832,725,0.2245989292860031,709,523,-7.301939065041511,72.38836294251497,"{""type"":""Point"",""coordinates"":[72.38833276672202,-7.301915863751135]}"
1524,1290,1001,849,687,0.1860189586877823,580,418,-7.318395995202403,72.38550238442748,"{""type"":""Point"",""coordinates"":[72.38552433015091,-7.318372336176526]}"
1525,948,635,460,292,0.3700107932090759,271,195,-7.342101701680055,72.39138002916381,"{""type"":""Point"",""coordinates"":[72.39138620977856,-7.342143295362252]}"
1526,1325,998,742,587,0.2593059837818146,601,444,-7.305528590998203,72.39137464336015,"{""type"":""Point"",""coordinates"":[72.3913783201483,-7.305551298447433]}"
1528,1318,1056,866,665,0.22719348967075348,718,546,-7.284697438212485,72.43535105375372,"{""type"":""Point"",""coordinates"":[72.43534813051357,-7.284714325716685]}"
1529,2981,2792,1240,674,0.6110790371894836,675,504,-7.33434296485481,72.43790152964628,"{""type"":""Point"",""coordinates"":[72.4379049931239,-7.334314328337552]}"
1530,1588,1312,964,762,0.2651880383491516,499,313,-7.347950883246045,72.42968492294652,"{""type"":""Point"",""coordinates"":[72.42965006365327,-7.347912582009601]}"
1531,1183,854,711,551,0.21565836668014526,577,451,-7.311544107171687,72.38400356846525,"{""type"":""Point"",""coordinates"":[72.38403751996817,-7.311585951295333]}"
1532,1356,1048,864,659,0.2278851717710495,678,503,-7.280041747471216,72.40619528783179,"{""type"":""Point"",""coordinates"":[72.40621676814943,-7.280055753225974]}"
1533,1362,1031,834,679,0.20584794878959656,663,483,-7.288505636433225,72.43330006192855,"{""type"":""Point"",""coordinates"":[72.43331301062663,-7.288542362615968]}"
1534,1150,830,684,514,0.23511904761904762,539,410,-7.304318608037569,72.37210090980815,"{""type"":""Point"",""coordinates"":[72.37210602910974,-7.3043368377296565]}"
1535,1394,1063,884,685,0.21624714136123657,719,546,-7.279612761378538,72.39117940498625,"{""type"":""Point"",""coordinates"":[72.39120581563056,-7.279583783988338]}"
1536,1440,1149,977,821,0.16649746894836426,765,616,-7.330683710144965,72.37266089686997,"{""type"":""Point"",""coordinates"":[72.37265974136926,-7.33068589182489]}"
1537,1258,947,772,595,0.22827497124671936,596,444,-7.330772070446388,72.42068952656403,"{""type"":""Point"",""coordinates"":[72.42066492068064,-7.330760875714324]}"
1538,2728,2414,1038,683,0.5589280128479004,728,561,-7.326838835000768,72.43911012520827,"{""type"":""Point"",""coordinates"":[72.43910219671679,-7.326819098168441]}"
1540,1237,971,831,621,0.21984924376010895,570,420,-7.320797454981272,72.40234353779927,"{""type"":""Point"",""coordinates"":[72.40234263476414,-7.320787646260607]}"
1541,1378,1019,814,734,0.16257843375205994,657,523,-7.330860915983948,72.37311448318253,"{""type"":""Point"",""coordinates"":[72.37311328197495,-7.330830116205841]}"
1543,2023,1600,939,697,0.3931214511394501,688,511,-7.299639759545974,72.41782946268741,"{""type"":""Point"",""coordinates"":[72.41779297333818,-7.299611879451988]}"
1544,1167,887,766,557,0.22853185595567868,587,461,-7.303990818868005,72.37969579732052,"{""type"":""Point"",""coordinates"":[72.37971596432895,-7.304009240732681]}"
1545,1628,1255,899,734,0.26194068789482117,706,522,-7.314749743604776,72.43766078741973,"{""type"":""Point"",""coordinates"":[72.43763194275452,-7.314713216227865]}"
1546,2036,2112,1560,998,0.3581993569131833,766,507,-7.283461807962878,72.37158288621723,"{""type"":""Point"",""coordinates"":[72.37156761547561,-7.283432969596852]}"
1547,1728,1414,850,667,0.3589620292186737,653,490,-7.326449554012093,72.41911894811854,"{""type"":""Point"",""coordinates"":[72.41909720696972,-7.326458198073497]}"
1548,1176,866,728,543,0.22924059629440308,573,436,-7.319886807994961,72.39139267227087,"{""type"":""Point"",""coordinates"":[72.39139430038573,-7.319907689122498]}"
1549,2202,1902,1905,1567,0.09656962007284164,1715,1529,-7.347000560710057,72.4122209270049,"{""type"":""Point"",""coordinates"":[72.41225620418587,-7.3470420872250894]}"
1550,951,668,463,319,0.3535967469215393,232,153,-7.333208731649328,72.37313217194688,"{""type"":""Point"",""coordinates"":[72.3731580123711,-7.333249671171087]}"
1551,1368,1065,854,666,0.23050260543823242,667,507,-7.282238484927103,72.41426078376976,"{""type"":""Point"",""coordinates"":[72.41428138733872,-7.282210095609538]}"
1552,2387,2019,927,635,0.5214770436286926,660,498,-7.33414090041813,72.44070376990899,"{""type"":""Point"",""coordinates"":[72.44066660535168,-7.334131064703913]}"
1553,3605,3704,2201,823,0.6364037990570068,737,537,-7.301123539704239,72.4126856360473,"{""type"":""Point"",""coordinates"":[72.4126818309433,-7.301112332710833]}"
1554,1323,998,839,646,0.21411192417144775,701,517,-7.2834106218046415,72.43832559542732,"{""type"":""Point"",""coordinates"":[72.43830533422346,-7.283418982885427]}"
1555,2407,1976,896,646,0.5072463750839233,620,447,-7.321066906861271,72.43816141239621,"{""type"":""Point"",""coordinates"":[72.43812115176053,-7.321050487500256]}"
1556,1418,1111,798,571,0.321046382188797,582,435,-7.3156634588336855,72.40058614795862,"{""type"":""Point"",""coordinates"":[72.40056929493005,-7.315703396734759]}"
1557,1472,1115,826,631,0.27720504999160767,610,452,-7.289365788436013,72.41512873514995,"{""type"":""Point"",""coordinates"":[72.415171521669,-7.289342968921134]}"
1558,3420,3315,1542,792,0.614316999912262,835,615,-7.324531275042606,72.4338467072553,"{""type"":""Point"",""coordinates"":[72.43381922731871,-7.324562479828115]}"
1559,1197,922,802,560,0.24426451325416565,606,447,-7.310015805881343,72.3830875993697,"{""type"":""Point"",""coordinates"":[72.38312440194129,-7.310009073880514]}"
1560,1467,1114,845,665,0.25238898396492004,664,509,-7.281786721493004,72.39029136756064,"{""type"":""Point"",""coordinates"":[72.39026352605286,-7.281808957474702]}"
1561,1289,970,784,635,0.20872274041175842,633,471,-7.2780791131943685,72.43882754043256,"{""type"":""Point"",""coordinates"":[72.43886586258137,-7.278036791491864]}"
1562,1426,1222,965,838,0.18640775978565216,642,470,-7.345954233594097,72.41917754737648,"{""type"":""Point"",""coordinates"":[72.41915362958224,-7.34599372681693]}"
1563,1354,997,790,655,0.2070217877626419,530,390,-7.3295995978712,72.42049967898829,"{""type"":""Point"",""coordinates"":[72.42053168286671,-7.329632677870792]}"
1564,1284,946,753,627,0.20279720425605774,597,433,-7.308057643445968,72.39130329027176,"{""type"":""Point"",""coordinates"":[72.39130416169729,-7.308099392258381]}"
1565,2179,2343,1852,1097,0.362209290266037,958,638,-7.3112245084344245,72.40245183649981,"{""type"":""Point"",""coordinates"":[72.40247749268879,-7.311217483157942]}"
1567,1232,950,757,642,0.19346733391284943,531,382,-7.338449978032968,72.3846589992241,"{""type"":""Point"",""coordinates"":[72.38464347708754,-7.338413575254755]}"
1568,1320,908,661,628,0.1822916716337204,332,186,-7.3406625756974035,72.41443375859949,"{""type"":""Point"",""coordinates"":[72.41444047047122,-7.340691585775189]}"
1569,1322,996,797,615,0.23649907112121582,648,484,-7.288577368428185,72.43574238411598,"{""type"":""Point"",""coordinates"":[72.43575009127665,-7.288553135756353]}"
1572,3420,3751,2268,874,0.6220540404319763,797,581,-7.3452956277146955,72.43445827704343,"{""type"":""Point"",""coordinates"":[72.4344462620977,-7.345252911202844]}"
1573,1541,1164,909,737,0.22461862862110138,730,553,-7.286345801361223,72.39647554572265,"{""type"":""Point"",""coordinates"":[72.39651974093711,-7.286385131492366]}"
1574,1237,1008,847,644,0.22033898305084745,612,461,-7.291644055179479,72.37634712538348,"{""type"":""Point"",""coordinates"":[72.37632027616436,-7.291644690198429]}"
1575,1397,1053,836,671,0.2215777188539505,664,502,-7.282458107204733,72.42104518039044,"{""type"":""Point"",""coordinates"":[72.42100252415513,-7.282425306174824]}"
1576,1333,1045,901,694,0.2018401324748993,687,499,-7.283419561644044,72.43715001139648,"{""type"":""Point"",""coordinates"":[72.43712899162641,-7.283430739890577]}"
1577,1399,1064,875,707,0.20158103108406067,684,498,-7.292544148114933,72.43658658351782,"{""type"":""Point"",""coordinates"":[72.4366269402785,-7.29257599166079]}"
1578,1449,1115,867,777,0.17864693701267242,643,444,-7.341116781024092,72.42592413522247,"{""type"":""Point"",""coordinates"":[72.42590540649279,-7.341129501512965]}"
1579,1541,1162,885,687,0.25689563155174255,653,490,-7.292589782996176,72.4186802929222,"{""type"":""Point"",""coordinates"":[72.41868850157088,-7.292559859898141]}"
1580,1203,945,869,580,0.2393442690372467,570,397,-7.343938724301554,72.41111215407852,"{""type"":""Point"",""coordinates"":[72.41115290044681,-7.3439683077376054]}"
1581,1439,1078,859,691,0.2187676727771759,688,525,-7.284422682643127,72.41201639782894,"{""type"":""Point"",""coordinates"":[72.41198991793135,-7.2843986717824665]}"
1583,1291,966,777,669,0.181651376146789,561,420,-7.300868913863781,72.37451702649675,"{""type"":""Point"",""coordinates"":[72.37451130231551,-7.30088042034159]}"
1584,1331,1047,900,669,0.220279723405838,674,501,-7.298836520546602,72.4403425946068,"{""type"":""Point"",""coordinates"":[72.44037498760372,-7.298873656093257]}"
1585,1598,1184,859,684,0.26766595244407654,646,487,-7.308213378522125,72.43037552801925,"{""type"":""Point"",""coordinates"":[72.43041549480466,-7.308206347507639]}"
1586,1390,1027,852,680,0.20328061282634735,694,522,-7.279092017939466,72.40040014130636,"{""type"":""Point"",""coordinates"":[72.40042066564948,-7.2790670634628984]}"
1587,1178,909,818,619,0.18979057669639587,657,489,-7.34233968033493,72.38378392295613,"{""type"":""Point"",""coordinates"":[72.38374455081144,-7.342304203527403]}"
1588,4182,3912,3329,2065,0.3090178966522217,839,500,-7.312313549528687,72.40173653862956,"{""type"":""Point"",""coordinates"":[72.40172178747126,-7.312338887329949]}"
1589,1418,1058,781,595,0.28009679913520813,597,440,-7.287154122091678,72.40905262660488,"{""type"":""Point"",""coordinates"":[72.40908820899321,-7.287128277068476]}"
1590,3601,3612,2046,870,0.6117804646492004,865,634,-7.30274888572672,72.41269797419135,"{""type"":""Point"",""coordinates"":[72.41272268451895,-7.302755603698238]}"
1591,1030,711,516,369,0.3166666626930237,266,172,-7.333656157903281,72.37367824866594,"{""type"":""Point"",""coordinates"":[72.37370754766408,-7.333621297020242]}"
1592,1309,981,791,639,0.21111111342906952,645,473,-7.277726868921436,72.43764921825655,"{""type"":""Point"",""coordinates"":[72.43768944409395,-7.277710842354328]}"
1593,2340,2119,1022,720,0.4927791357040405,665,522,-7.285344318575857,72.38552482133233,"{""type"":""Point"",""coordinates"":[72.38552286562623,-7.2853103970701545]}"
1594,1950,1521,965,744,0.3430463671684265,738,556,-7.307973457106608,72.42630386790313,"{""type"":""Point"",""coordinates"":[72.42627275009198,-7.307968683658942]}"
1595,2269,2133,2222,1712,0.10949284583330154,2122,1808,-7.342382343391451,72.41390419838112,"{""type"":""Point"",""coordinates"":[72.41390751876914,-7.342359565619584]}"
1596,1323,1036,885,681,0.20675596594810486,697,517,-7.288121079590951,72.43637195473843,"{""type"":""Point"",""coordinates"":[72.43635032750605,-7.288129662061883]}"
1597,1258,927,707,614,0.20311486721038818,580,432,-7.30993825760317,72.3933977096009,"{""type"":""Point"",""coordinates"":[72.39340351159423,-7.309916910864057]}"
1598,3525,3738,2278,890,0.6153846383094788,800,597,-7.329781509357041,72.43216850260761,"{""type"":""Point"",""coordinates"":[72.43221289789352,-7.329823957166545]}"
1599,1261,962,846,619,0.21695129573345184,612,451,-7.335971625924307,72.38997680297095,"{""type"":""Point"",""coordinates"":[72.38993574254395,-7.335941805781624]}"
1600,2444,2448,2236,1909,0.12370897084474564,1666,1251,-7.348936515084509,72.43068742720197,"{""type"":""Point"",""coordinates"":[72.4307163322957,-7.348961561781186]}"
1601,1277,938,785,621,0.2033354789018631,595,430,-7.312720644745827,72.37162130761543,"{""type"":""Point"",""coordinates"":[72.37163078986413,-7.312755183642871]}"
1602,1367,1019,852,669,0.20734597742557526,676,505,-7.280840297982424,72.42003810956327,"{""type"":""Point"",""coordinates"":[72.42006093149926,-7.280806548664376]}"
1603,1609,1239,847,685,0.2879417836666107,643,475,-7.283702665484623,72.3876830374666,"{""type"":""Point"",""coordinates"":[72.38767493011841,-7.283708051538214]}"
1605,1340,993,811,642,0.21467889845371246,649,479,-7.28664034006115,72.42921622333743,"{""type"":""Point"",""coordinates"":[72.42917484184791,-7.286676190088221]}"
1606,1399,1011,767,614,0.24430769681930542,619,463,-7.298460108495616,72.43048196889558,"{""type"":""Point"",""coordinates"":[72.43048802289174,-7.298463296497891]}"
1608,2177,1621,1393,1303,0.10875512659549713,1261,897,-7.297683865989361,72.42568280508243,"{""type"":""Point"",""coordinates"":[72.42566090513569,-7.29765446529659]}"
1609,1681,1310,1070,966,0.15114235877990723,956,758,-7.348964196917672,72.42706968402972,"{""type"":""Point"",""coordinates"":[72.42703334606863,-7.348985671872751]}"
1610,3411,3493,2316,1191,0.49146029353141785,1097,705,-7.304876271503041,72.41795971645297,"{""type"":""Point"",""coordinates"":[72.41793975181533,-7.304895682261101]}"
1611,1241,902,709,579,0.21809588116137746,537,399,-7.299682148436165,72.37622655258835,"{""type"":""Point"",""coordinates"":[72.37624725756434,-7.299664629456506]}"
1612,1144,885,713,519,0.2606837606837607,541,429,-7.297802074956125,72.37404179775373,"{""type"":""Point"",""coordinates"":[72.37400740883524,-7.297762026183024]}"
1613,1736,1344,937,753,0.28183117508888245,729,541,-7.297382346312803,72.41781230878844,"{""type"":""Point"",""coordinates"":[72.41781133017597,-7.297391358440061]}"
1614,1193,823,641,500,0.2441421002149582,552,414,-7.308924625642476,72.37204503427402,"{""type"":""Point"",""coordinates"":[72.37203524098021,-7.308918873112727]}"
1616,1222,856,647,560,0.20903955399990082,517,399,-7.317401375086447,72.3736463223738,"{""type"":""Point"",""coordinates"":[72.3736812086232,-7.31740011225356]}"
1617,1211,924,757,596,0.21578947368421053,532,385,-7.295655808832566,72.37122196215562,"{""type"":""Point"",""coordinates"":[72.3712422723222,-7.295695593790143]}"
1618,1331,1003,816,663,0.20408163964748383,659,496,-7.288366500325926,72.43971995016719,"{""type"":""Point"",""coordinates"":[72.43968046424999,-7.288345144262939]}"
1619,2474,2340,1284,787,0.496642142534256,745,571,-7.3381346397072775,72.43802110943989,"{""type"":""Point"",""coordinates"":[72.43801438452687,-7.338105937505654]}"
1620,3301,3393,1967,848,0.6000943183898926,767,573,-7.312003713949357,72.43067580679336,"{""type"":""Point"",""coordinates"":[72.43070695550362,-7.312004341789767]}"
1621,1548,1201,981,779,0.21313130855560303,756,564,-7.278466652176047,72.38746281976546,"{""type"":""Point"",""coordinates"":[72.38747495130778,-7.278422487028773]}"
1622,1278,927,798,627,0.19305019080638885,608,454,-7.340485131447261,72.4021313315657,"{""type"":""Point"",""coordinates"":[72.40213233529032,-7.340496947649723]}"
1623,2651,2100,1012,766,0.46545708179473877,717,538,-7.319087337806143,72.43724181480707,"{""type"":""Point"",""coordinates"":[72.43723995177747,-7.319120913712293]}"
1624,2460,2132,1835,1485,0.17887751758098602,859,532,-7.29860749808819,72.3870716446852,"{""type"":""Point"",""coordinates"":[72.38710028588612,-7.298587989803302]}"
1625,1264,947,760,648,0.18746080994606018,568,444,-7.325326568088642,72.38853950054417,"{""type"":""Point"",""coordinates"":[72.3885470018857,-7.325368534077176]}"
1626,1311,987,803,634,0.21776680648326874,637,473,-7.290901389313166,72.4269877376084,"{""type"":""Point"",""coordinates"":[72.42695717852021,-7.2908678311727515]}"
1628,1467,1106,901,723,0.20940405130386353,708,546,-7.280701097219492,72.39055451991982,"{""type"":""Point"",""coordinates"":[72.39058552108091,-7.280704626232879]}"
1630,1227,894,731,590,0.20485174655914307,574,438,-7.333534936831935,72.401716687706,"{""type"":""Point"",""coordinates"":[72.4017451188372,-7.333513799224789]}"
1631,1240,909,702,617,0.19134993851184845,552,412,-7.313512340423966,72.38646043887076,"{""type"":""Point"",""coordinates"":[72.38642293377771,-7.313513000529233]}"
1632,1245,997,832,618,0.23467491567134857,623,459,-7.348955267444611,72.40454754213044,"{""type"":""Point"",""coordinates"":[72.40454368371631,-7.348993983008728]}"
1633,1277,1011,816,665,0.2064439207315445,685,509,-7.335696945432038,72.41430540816627,"{""type"":""Point"",""coordinates"":[72.41429549180567,-7.3357294805802375]}"
1634,1265,990,801,619,0.2305780053138733,668,511,-7.348620300637865,72.42480581805592,"{""type"":""Point"",""coordinates"":[72.42478550868077,-7.348594436451439]}"
1635,1822,1379,880,683,0.33753636479377747,652,485,-7.299444087744928,72.41981765045938,"{""type"":""Point"",""coordinates"":[72.41977650896408,-7.2994696671782275]}"
1636,1454,1119,861,683,0.24195338785648346,688,510,-7.28017285757588,72.38874177707376,"{""type"":""Point"",""coordinates"":[72.38872924775842,-7.280214812231258]}"
1637,1239,972,841,609,0.22960151731967926,576,427,-7.327212889494812,72.3778808255932,"{""type"":""Point"",""coordinates"":[72.3779173352017,-7.327195094835294]}"
1638,1262,859,635,593,0.1831955909729004,576,439,-7.328853819446754,72.39978172905207,"{""type"":""Point"",""coordinates"":[72.39977468811364,-7.3288198564356275]}"
1639,1297,979,823,676,0.18308156728744507,642,460,-7.332497339079982,72.41943645904553,"{""type"":""Point"",""coordinates"":[72.41939162288993,-7.332465791419386]}"
1642,1370,1085,876,710,0.208913654088974,644,457,-7.313267866824676,72.37090184256606,"{""type"":""Point"",""coordinates"":[72.37086989828327,-7.3133042630736185]}"
1643,2191,2117,1443,829,0.43720299005508423,814,616,-7.2862432494361755,72.38607421632938,"{""type"":""Point"",""coordinates"":[72.38609638117302,-7.286275248133773]}"
1644,1236,921,792,612,0.20156556367874146,688,522,-7.330210226392592,72.38758150473733,"{""type"":""Point"",""coordinates"":[72.38757848726979,-7.3302382960110455]}"
1645,2278,1883,880,635,0.49563145637512207,618,471,-7.3294414449458305,72.4412103167457,"{""type"":""Point"",""coordinates"":[72.44117441516497,-7.3294530289796755]}"
1646,1253,950,807,615,0.21405750513076782,580,436,-7.319236984113232,72.39373935896516,"{""type"":""Point"",""coordinates"":[72.39372705930202,-7.319200855343124]}"
1647,1219,971,871,605,0.23223350942134857,638,463,-7.332900796122031,72.40198321294292,"{""type"":""Point"",""coordinates"":[72.40199729889643,-7.332900245596244]}"
1648,1376,985,756,579,0.2595908045768738,580,433,-7.30051763440396,72.43302995030749,"{""type"":""Point"",""coordinates"":[72.43304555419066,-7.300498414077942]}"
1649,1299,987,785,630,0.22077922523021698,618,470,-7.2814591841727045,72.4336985485703,"{""type"":""Point"",""coordinates"":[72.43372754302308,-7.281490048896208]}"
1650,1670,1353,754,474,0.4811165928840637,496,391,-7.32466554228011,72.4399074314993,"{""type"":""Point"",""coordinates"":[72.4399448195064,-7.324620326918077]}"
1652,3423,3533,1995,784,0.6367847919464111,756,577,-7.301312344515335,72.4116017800378,"{""type"":""Point"",""coordinates"":[72.4115903753588,-7.301274363460624]}"
1653,1430,1019,692,551,0.2980891764163971,552,413,-7.326198608118,72.41649411991513,"{""type"":""Point"",""coordinates"":[72.41652629615129,-7.326203232591961]}"
1654,1336,1022,796,639,0.23058398067951202,609,453,-7.280569226293576,72.408098449885,"{""type"":""Point"",""coordinates"":[72.40812994827301,-7.28059341546515]}"
1655,3379,3622,2142,809,0.6348454356193542,689,509,-7.34555888951048,72.4354552244287,"{""type"":""Point"",""coordinates"":[72.43547963159054,-7.345599554676167]}"
1656,1426,1084,847,666,0.23885715007781982,636,472,-7.3043631055295695,72.43794303643962,"{""type"":""Point"",""coordinates"":[72.43792161891105,-7.304346911637686]}"
1657,1213,895,788,611,0.1885790228843689,618,468,-7.32641649507942,72.37570404359992,"{""type"":""Point"",""coordinates"":[72.37572670844754,-7.3264221847813]}"
1660,1409,1076,873,693,0.2165064960718155,673,509,-7.281105765222427,72.3967978100534,"{""type"":""Point"",""coordinates"":[72.39681393427709,-7.281111230274038]}"
1661,2136,1802,1433,1418,0.11925465613603592,967,788,-7.348678781767621,72.42896692137828,"{""type"":""Point"",""coordinates"":[72.4289293275121,-7.3486846542771795]}"
1662,1387,1084,869,649,0.25100982189178467,664,493,-7.284246866253699,72.41138200525681,"{""type"":""Point"",""coordinates"":[72.41134519156424,-7.284202223238741]}"
1663,1393,1196,832,650,0.2957746386528015,632,459,-7.313309560358134,72.40138230983848,"{""type"":""Point"",""coordinates"":[72.40136120443995,-7.31329770965846]}"
1664,1301,956,779,603,0.22642719745635986,617,454,-7.298307853310481,72.4386202356881,"{""type"":""Point"",""coordinates"":[72.43858338267937,-7.298285853931377]}"
1665,3828,4114,2405,825,0.6659242510795593,766,573,-7.340139131053595,72.43568491251244,"{""type"":""Point"",""coordinates"":[72.43572870967414,-7.340159084090941]}"
1666,1263,984,869,626,0.2223602533340454,707,526,-7.33807816421915,72.37407339474942,"{""type"":""Point"",""coordinates"":[72.37410733107072,-7.338039559619094]}"
1667,1381,1045,787,628,0.24925284087657928,598,441,-7.285068412862304,72.41021253560093,"{""type"":""Point"",""coordinates"":[72.41017618646065,-7.285064223567464]}"
1669,1275,1003,829,664,0.20335932075977325,533,399,-7.317770034862131,72.37265417069648,"{""type"":""Point"",""coordinates"":[72.372687580221,-7.31777152792957]}"
1670,1616,1171,816,643,0.2910694479942322,647,494,-7.2964601962072315,72.42033759896199,"{""type"":""Point"",""coordinates"":[72.42029391788142,-7.2964867431774385]}"
1671,1446,1106,842,661,0.251839280128479,654,503,-7.28670468174633,72.40877791128943,"{""type"":""Point"",""coordinates"":[72.40877617912817,-7.2866678836566425]}"
1672,1369,1018,812,633,0.23319201171398163,602,453,-7.298537335250957,72.43220088811852,"{""type"":""Point"",""coordinates"":[72.43216753705535,-7.298501232471535]}"
1673,1464,1109,855,679,0.24049216508865356,686,509,-7.295522257604172,72.42494283868639,"{""type"":""Point"",""coordinates"":[72.42491172523614,-7.295556595438229]}"
1675,1252,960,797,642,0.19850187003612518,586,445,-7.323732798746708,72.39630590139176,"{""type"":""Point"",""coordinates"":[72.39629991067132,-7.323700300086502]}"
1677,1726,1357,1181,916,0.1940167248249054,1233,1002,-7.29787132289323,72.42477984409274,"{""type"":""Point"",""coordinates"":[72.42481248457803,-7.297900382668386]}"
1678,3424,3808,2526,970,0.593972384929657,668,478,-7.334658823749062,72.4320250035389,"{""type"":""Point"",""coordinates"":[72.43207011843383,-7.334700228587654]}"
1679,1436,1072,872,680,0.22374428808689117,679,510,-7.283036811235357,72.41616600298126,"{""type"":""Point"",""coordinates"":[72.4161494750536,-7.2830485709490995]}"
1680,1256,1020,899,683,0.19788607954978943,654,461,-7.315886648716838,72.38295095287442,"{""type"":""Point"",""coordinates"":[72.38294653486656,-7.315887405677354]}"
1681,1166,788,561,476,0.24683544039726257,383,280,-7.347906918382861,72.42362451015968,"{""type"":""Point"",""coordinates"":[72.42365423319656,-7.347910050868524]}"
1682,1323,1007,789,646,0.2183908075094223,647,486,-7.28873112092854,72.43927055635393,"{""type"":""Point"",""coordinates"":[72.43929670847012,-7.288704982026614]}"
1683,3444,3578,2119,815,0.6289551854133606,759,554,-7.329780127495443,72.43234938137846,"{""type"":""Point"",""coordinates"":[72.43232350962496,-7.329776731282609]}"
1684,1319,952,754,633,0.20126183331012726,592,429,-7.341125758817674,72.4247483848836,"{""type"":""Point"",""coordinates"":[72.42475815601321,-7.341095866665094]}"
1685,1385,1053,866,703,0.19931663572788239,681,513,-7.292804705408702,72.43794512364965,"{""type"":""Point"",""coordinates"":[72.43798129014277,-7.292837524183686]}"
1686,1218,942,771,605,0.2178409844636917,581,428,-7.308266814940967,72.38750621126063,"{""type"":""Point"",""coordinates"":[72.38746524843987,-7.3082592866509035]}"
1687,1395,1050,845,675,0.21739129722118378,658,496,-7.282018757532273,72.40747634635765,"{""type"":""Point"",""coordinates"":[72.40746936165289,-7.282002056705591]}"
1688,1219,967,785,577,0.25259068608283997,604,453,-7.308129557153894,72.3937458193647,"{""type"":""Point"",""coordinates"":[72.39372719687798,-7.308140785442585]}"
1689,1150,822,747,489,0.254004567861557,604,481,-7.3380368859952725,72.3915301043587,"{""type"":""Point"",""coordinates"":[72.39156493565093,-7.338051086674653]}"
1692,1230,915,740,577,0.22654154896736145,579,450,-7.335455167882369,72.3985655755736,"{""type"":""Point"",""coordinates"":[72.39858787252638,-7.335419761947525]}"
1693,1253,994,878,615,0.23555003106594086,667,498,-7.3401890568026,72.41732448878501,"{""type"":""Point"",""coordinates"":[72.41734205803546,-7.340198297189513]}"
1694,2522,2442,1207,773,0.5191290974617004,776,594,-7.345454036896849,72.43735381553519,"{""type"":""Point"",""coordinates"":[72.43732848517938,-7.345457841721896]}"
1695,2587,2890,2645,2322,0.10897927731275558,1080,636,-7.335764481084483,72.42913920961433,"{""type"":""Point"",""coordinates"":[72.42911777503161,-7.335742799134946]}"
1696,1255,1027,843,655,0.22116528451442719,587,452,-7.328439883688409,72.4067430116192,"{""type"":""Point"",""coordinates"":[72.40672997440856,-7.32842009214987]}"
1698,1317,1003,806,663,0.20408163964748383,675,510,-7.286247571752941,72.4333732875737,"{""type"":""Point"",""coordinates"":[72.4334101364718,-7.286244541107409]}"
1699,1176,893,765,532,0.25333333015441895,609,457,-7.337729006916028,72.4202000143507,"{""type"":""Point"",""coordinates"":[72.42019083749007,-7.33774175267627]}"
1700,1456,1122,871,677,0.24735964834690094,694,527,-7.287416464823166,72.39820196442413,"{""type"":""Point"",""coordinates"":[72.39819441425914,-7.287392882841372]}"
1701,1315,1090,991,716,0.20708748698234558,770,540,-7.347830132195055,72.3981169321901,"{""type"":""Point"",""coordinates"":[72.39807711041273,-7.347831002265761]}"
1702,1266,908,767,646,0.16859716176986694,629,503,-7.311635680706742,72.37179405244913,"{""type"":""Point"",""coordinates"":[72.3718356310441,-7.311612471696441]}"
1703,1305,984,805,661,0.19635258615016937,602,448,-7.32769075155285,72.4102647254224,"{""type"":""Point"",""coordinates"":[72.41026835250585,-7.327671615079265]}"
1704,1331,1024,788,672,0.2075471729040146,620,446,-7.3458750128308035,72.38200163818229,"{""type"":""Point"",""coordinates"":[72.3820385768055,-7.34587798841206]}"
1705,1136,831,716,495,0.25339366515837103,591,455,-7.296535837208969,72.37430363080166,"{""type"":""Point"",""coordinates"":[72.3742709458828,-7.296522188975457]}"
1706,1126,854,731,503,0.2586587965488434,545,431,-7.321603407649572,72.3792857149502,"{""type"":""Point"",""coordinates"":[72.37927939929597,-7.321614484387062]}"
1707,1258,923,725,642,0.17955271899700165,538,395,-7.345363897870746,72.37792740141657,"{""type"":""Point"",""coordinates"":[72.37793486097478,-7.345367388629661]}"
1708,1938,1643,1017,831,0.3282134234905243,876,628,-7.290259904796734,72.39234481417955,"{""type"":""Point"",""coordinates"":[72.39230689879084,-7.290218749774618]}"
1709,1186,858,701,552,0.21702127158641815,569,448,-7.315953146440049,72.38611707278007,"{""type"":""Point"",""coordinates"":[72.38609047167571,-7.315942706441103]}"
1710,1189,901,768,585,0.21265141665935516,590,456,-7.330264727360008,72.38034598096341,"{""type"":""Point"",""coordinates"":[72.38030500965867,-7.330307656226529]}"
1711,1532,1176,961,724,0.23789474368095398,713,523,-7.291493214162901,72.42039028936644,"{""type"":""Point"",""coordinates"":[72.42035814944629,-7.291535908331411]}"
1712,1731,1283,902,717,0.28299999237060547,709,537,-7.302312986051885,72.42255267486696,"{""type"":""Point"",""coordinates"":[72.42257436715788,-7.302314589644408]}"
1713,1239,853,627,525,0.23802612721920013,483,324,-7.331383015534107,72.37574147475685,"{""type"":""Point"",""coordinates"":[72.37574442868336,-7.331425998508974]}"
1714,1372,1019,899,774,0.13664250075817108,691,521,-7.340428377374495,72.3857593849943,"{""type"":""Point"",""coordinates"":[72.38579163655601,-7.340405363182969]}"
1715,1972,1558,930,700,0.3799822926521301,679,507,-7.299909278595733,72.41801239099334,"{""type"":""Point"",""coordinates"":[72.41805608743337,-7.29990688204207]}"
1716,1532,1136,868,668,0.25942349433898926,664,501,-7.301199218157869,72.42652353817493,"{""type"":""Point"",""coordinates"":[72.42653414357004,-7.301178079425378]}"
1717,1283,966,807,635,0.20674578845500946,599,427,-7.3117612638644545,72.39115036954689,"{""type"":""Point"",""coordinates"":[72.39114377481437,-7.311805399579882]}"
1719,1186,869,676,570,0.20778317749500275,562,417,-7.337473213025717,72.39442022603946,"{""type"":""Point"",""coordinates"":[72.39443277724703,-7.337476603937724]}"
1720,1294,998,833,658,0.2053140103816986,648,501,-7.345295936474671,72.42260956791569,"{""type"":""Point"",""coordinates"":[72.42259913315488,-7.345271499928515]}"
1721,1400,1068,822,660,0.2361111044883728,653,479,-7.283153062019835,72.4127302827121,"{""type"":""Point"",""coordinates"":[72.41276314888856,-7.2831206199909495]}"
1723,1193,930,796,552,0.25506073236465454,568,432,-7.346539353881286,72.42533255754157,"{""type"":""Point"",""coordinates"":[72.42531055786255,-7.346546514541782]}"
1724,1192,884,729,569,0.21679283678531647,522,379,-7.304525160006671,72.38069470309286,"{""type"":""Point"",""coordinates"":[72.38073029368796,-7.304558001750859]}"
1726,1535,1186,895,732,0.23670490086078644,741,554,-7.283934903872202,72.39283982011027,"{""type"":""Point"",""coordinates"":[72.39284624615154,-7.283924991275228]}"
1728,2333,2446,1742,950,0.44051826000213623,586,325,-7.316774880442715,72.43261156345945,"{""type"":""Point"",""coordinates"":[72.43262446608846,-7.316734221989367]}"
1729,1325,1013,843,653,0.21608643233776093,661,494,-7.287951492970463,72.43492368661235,"{""type"":""Point"",""coordinates"":[72.43495459917818,-7.28796730605861]}"
1730,1103,849,756,550,0.21372409164905548,578,456,-7.310367407121649,72.37232720606744,"{""type"":""Point"",""coordinates"":[72.37229764147172,-7.310410269327369]}"
1731,1425,1045,839,647,0.23522458970546722,603,459,-7.343273509182835,72.42729738160465,"{""type"":""Point"",""coordinates"":[72.42729970498493,-7.343236158289685]}"
1732,3710,3988,2229,871,0.6414900422096252,819,619,-7.341135835561711,72.43524033704949,"{""type"":""Point"",""coordinates"":[72.4352325888634,-7.341102347967247]}"
1734,1225,974,854,647,0.20172732880937694,602,426,-7.299202880332149,72.37993113564168,"{""type"":""Point"",""coordinates"":[72.37997206930397,-7.299164876860402]}"
1736,1195,922,791,572,0.23427040874958038,594,457,-7.332081263633499,72.40288146399934,"{""type"":""Point"",""coordinates"":[72.40283715181302,-7.332093586178063]}"
1737,1326,1022,865,679,0.201646089553833,669,504,-7.285955005198829,72.4243274462139,"{""type"":""Point"",""coordinates"":[72.42436657666343,-7.285951988958818]}"
1738,1390,1056,857,656,0.23364485800266266,658,487,-7.283408929817547,72.41472183392406,"{""type"":""Point"",""coordinates"":[72.41475824085528,-7.28338388828745]}"
1739,1779,1414,920,711,0.33082354068756104,716,534,-7.284791680504385,72.38696770596896,"{""type"":""Point"",""coordinates"":[72.38699736717322,-7.284807335987577]}"
1740,1293,948,758,622,0.2076433151960373,591,429,-7.33356642704978,72.42134400307522,"{""type"":""Point"",""coordinates"":[72.42134948996143,-7.333566667536074]}"
1741,1490,1112,782,634,0.2737686038017273,607,453,-7.313386347136876,72.43882607477767,"{""type"":""Point"",""coordinates"":[72.43886288539387,-7.313420250564595]}"
1742,1241,900,733,601,0.19920052587985992,630,472,-7.334771959808583,72.41719266165377,"{""type"":""Point"",""coordinates"":[72.4171994089164,-7.334733209621735]}"
1743,1250,958,866,639,0.19974952936172485,653,474,-7.336326398113328,72.37885409265026,"{""type"":""Point"",""coordinates"":[72.37887514308699,-7.336282538696141]}"
1744,1225,992,889,654,0.20534630119800568,642,479,-7.303137411131394,72.38511601091281,"{""type"":""Point"",""coordinates"":[72.38511812235824,-7.303169023138465]}"
1745,1294,975,837,651,0.19926199316978455,608,441,-7.343392278837953,72.37592254525599,"{""type"":""Point"",""coordinates"":[72.3758948231747,-7.343376621961539]}"
1746,1216,905,743,589,0.2115127146244049,615,468,-7.342680086269691,72.37456037913569,"{""type"":""Point"",""coordinates"":[72.3745877223361,-7.342674415804418]}"
1748,1287,969,831,670,0.18242831528186798,596,446,-7.3429915593311055,72.38116575130607,"{""type"":""Point"",""coordinates"":[72.38114436879013,-7.343026025155867]}"
1749,1288,990,840,642,0.2132352888584137,609,458,-7.3473657099418315,72.3878923398824,"{""type"":""Point"",""coordinates"":[72.38786794500253,-7.347349610773498]}"
1750,1293,977,813,673,0.18424242734909058,651,463,-7.34245862269357,72.37998584471707,"{""type"":""Point"",""coordinates"":[72.37998041022912,-7.342415029020673]}"
1751,1183,925,742,571,0.23663102090358734,609,443,-7.336474982838084,72.40698505483049,"{""type"":""Point"",""coordinates"":[72.4070254470338,-7.3364946637403]}"
1752,1431,1045,810,628,0.24925284087657928,615,447,-7.30051969935063,72.43275865000413,"{""type"":""Point"",""coordinates"":[72.43279722119182,-7.300563937037696]}"
1753,4017,4117,4014,4074,0.0052496641874313354,4659,3481,-7.299447943700677,72.39539866487094,"{""type"":""Point"",""coordinates"":[72.39539708637287,-7.29948094390718]}"
1754,1470,1202,1078,843,0.17555011808872223,805,574,-7.344096483452292,72.39030974611308,"{""type"":""Point"",""coordinates"":[72.39029590169388,-7.3441207818103935]}"
1755,2122,2193,1832,1126,0.3214823603630066,732,533,-7.29824222647797,72.38761154849962,"{""type"":""Point"",""coordinates"":[72.3876447696848,-7.298239567327884]}"
1756,1573,1178,854,673,0.2728255093097687,633,473,-7.2938621504401775,72.41760469250023,"{""type"":""Point"",""coordinates"":[72.41756215954605,-7.2938899253817935]}"
1758,1399,1077,884,697,0.21420519053936005,685,521,-7.2776540417609406,72.39948492945182,"{""type"":""Point"",""coordinates"":[72.3995047688241,-7.277692747605964]}"
1759,1320,993,794,636,0.21915285289287567,630,462,-7.290258551830782,72.44027701740082,"{""type"":""Point"",""coordinates"":[72.4402882433512,-7.290237525815928]}"
1760,3583,3896,2476,1025,0.5834180116653442,854,626,-7.329068128442542,72.43098725577313,"{""type"":""Point"",""coordinates"":[72.43095628277742,-7.329100064222609]}"
1761,1710,1302,898,675,0.3171471953392029,705,535,-7.296837827149279,72.41816992911502,"{""type"":""Point"",""coordinates"":[72.41815645020768,-7.296819637786642]}"
1762,1400,1089,891,715,0.2073170691728592,701,519,-7.27742184765125,72.39432825200177,"{""type"":""Point"",""coordinates"":[72.39432232556368,-7.277457724570782]}"
1763,1481,1081,802,621,0.2702702581882477,624,477,-7.294006431833683,72.42239903176629,"{""type"":""Point"",""coordinates"":[72.42241662999709,-7.293990064305055]}"
1764,1288,1026,854,684,0.20000000298023224,568,404,-7.338639567867611,72.39542402543974,"{""type"":""Point"",""coordinates"":[72.3953863264105,-7.338659150275574]}"
1766,1398,1049,843,668,0.2218986600637436,653,482,-7.308055521188154,72.4392374462514,"{""type"":""Point"",""coordinates"":[72.43923357533166,-7.308050731867904]}"
1767,1207,907,735,581,0.21908602118492126,575,429,-7.348021722263674,72.38473147383029,"{""type"":""Point"",""coordinates"":[72.3847091366698,-7.348061615622013]}"
1768,1311,1005,827,682,0.1914641410112381,597,441,-7.340633470523006,72.40638358467451,"{""type"":""Point"",""coordinates"":[72.40638055178573,-7.340654487114294]}"
1769,1412,1056,830,661,0.2300524115562439,642,477,-7.282376059272095,72.39599343577449,"{""type"":""Point"",""coordinates"":[72.39601134615154,-7.2823399047348945]}"
1770,1405,1077,888,683,0.2238636314868927,693,530,-7.282729680337412,72.42095680525999,"{""type"":""Point"",""coordinates"":[72.4209719022017,-7.282739506208207]}"
1771,1250,962,844,620,0.21618205308914185,625,478,-7.332163361618683,72.39202828511588,"{""type"":""Point"",""coordinates"":[72.3920192551248,-7.3321667358075615]}"
1772,1712,1556,1022,694,0.3831111192703247,683,514,-7.298382458231457,72.4169155110222,"{""type"":""Point"",""coordinates"":[72.41689667926067,-7.298404049275048]}"
1773,1438,1097,853,660,0.24871940910816193,668,502,-7.284227449888868,72.40197632645224,"{""type"":""Point"",""coordinates"":[72.40200746240374,-7.28426526184049]}"
1774,1167,817,663,511,0.23042169213294983,581,460,-7.305910845377279,72.37654466948933,"{""type"":""Point"",""coordinates"":[72.37655177972228,-7.305890634913343]}"
1775,1372,1038,846,644,0.2342449426651001,675,514,-7.287981727432541,72.43094472651356,"{""type"":""Point"",""coordinates"":[72.43093639737118,-7.288015651079136]}"
1776,1113,785,591,445,0.27642276883125305,465,369,-7.317180741081761,72.37898105036993,"{""type"":""Point"",""coordinates"":[72.37898121794731,-7.317225576010989]}"
1777,1255,991,889,603,0.2434127926826477,626,456,-7.343387295091808,72.42422302046809,"{""type"":""Point"",""coordinates"":[72.42419592058813,-7.343407691186405]}"
1778,3771,4028,2779,920,0.6281325817108154,857,641,-7.299946257309407,72.41312890301701,"{""type"":""Point"",""coordinates"":[72.41316588223795,-7.299990314338245]}"
1779,1295,1024,853,702,0.186558516801854,644,468,-7.303753793805028,72.37517179408253,"{""type"":""Point"",""coordinates"":[72.37513403813337,-7.303730401356715]}"
1780,1501,1143,858,670,0.2608935534954071,677,498,-7.282237539354274,72.39038519676126,"{""type"":""Point"",""coordinates"":[72.3903910070736,-7.282281712356376]}"
1781,1410,1097,854,714,0.2114853709936142,691,509,-7.285069168732647,72.4220598025977,"{""type"":""Point"",""coordinates"":[72.42201845598255,-7.285079358765551]}"
1782,1425,1025,786,615,0.25,619,466,-7.299185221793751,72.43012574504377,"{""type"":""Point"",""coordinates"":[72.43016631630067,-7.299199116901645]}"
1784,1331,994,808,661,0.2012084573507309,662,501,-7.2861006256848695,72.4289408069262,"{""type"":""Point"",""coordinates"":[72.42890569366622,-7.286145473682663]}"
1785,1311,964,756,667,0.18209687308399755,574,426,-7.28878753771796,72.37189406466416,"{""type"":""Point"",""coordinates"":[72.37185765214235,-7.288808111608317]}"
1786,1396,1038,840,660,0.2226148396730423,677,509,-7.2884279315482905,72.41973394467725,"{""type"":""Point"",""coordinates"":[72.41972862788589,-7.288413759918155]}"
1787,1433,1078,825,690,0.2194570153951645,672,508,-7.2829266904645955,72.41878782844286,"{""type"":""Point"",""coordinates"":[72.41883017468322,-7.282950205537332]}"
1788,1604,1215,991,807,0.20178040862083435,765,562,-7.30736007055524,72.43570497517719,"{""type"":""Point"",""coordinates"":[72.43574847241199,-7.3073381958357535]}"
1789,1577,1184,785,635,0.3018141984939575,586,432,-7.292555305518349,72.39932602625373,"{""type"":""Point"",""coordinates"":[72.39933423176183,-7.292544781935989]}"
1790,1294,1036,854,655,0.22531045973300934,613,476,-7.347360722361881,72.37658569775422,"{""type"":""Point"",""coordinates"":[72.37656933514222,-7.347395345175385]}"
1791,1394,1057,834,657,0.23337222635746002,674,506,-7.302205686111331,72.43666039401766,"{""type"":""Point"",""coordinates"":[72.43666522903418,-7.302163129174643]}"
1792,1895,1454,1171,1062,0.1558028608560562,1118,830,-7.297600435275547,72.42477778166061,"{""type"":""Point"",""coordinates"":[72.4247858935252,-7.297594748894869]}"
1793,1456,1095,820,703,0.2180200219154358,658,496,-7.301136561123924,72.38700025014415,"{""type"":""Point"",""coordinates"":[72.38696146907614,-7.30115655217512]}"
1794,1564,1134,785,607,0.30269959568977356,595,440,-7.2943820107334165,72.4205026793405,"{""type"":""Point"",""coordinates"":[72.42048336630003,-7.294402147525924]}"
1795,1212,864,688,569,0.20586182177066803,559,425,-7.347878663251945,72.37975547822974,"{""type"":""Point"",""coordinates"":[72.37977440986575,-7.347879928082701]}"
1796,1217,910,769,545,0.2508591115474701,584,458,-7.33491121700057,72.42262053660285,"{""type"":""Point"",""coordinates"":[72.42265874577124,-7.334925746589174]}"
1797,1312,987,849,655,0.20219245553016663,672,510,-7.283880660122905,72.43588743796415,"{""type"":""Point"",""coordinates"":[72.4359021670436,-7.283848270874474]}"
1798,1686,1313,881,681,0.31695085763931274,684,517,-7.298268864330097,72.41998959324815,"{""type"":""Point"",""coordinates"":[72.41996752407105,-7.29828413318529]}"
1799,1556,1185,892,713,0.24868282675743103,719,537,-7.286640476754579,72.39331238925843,"{""type"":""Point"",""coordinates"":[72.39332714376164,-7.286615565819053]}"
1801,1178,891,739,573,0.21721310913562775,581,437,-7.320032609796086,72.39600653298275,"{""type"":""Point"",""coordinates"":[72.39603434159113,-7.3200653142747765]}"
1803,1541,1254,1025,884,0.17305892705917358,679,509,-7.344132703187075,72.39745565914582,"{""type"":""Point"",""coordinates"":[72.39745340400444,-7.344136709556447]}"
1804,1315,953,808,655,0.18532338738441467,584,442,-7.278493856541577,72.43177684918491,"{""type"":""Point"",""coordinates"":[72.43181716235401,-7.27850128330662]}"
1805,1418,1086,881,705,0.2127303183078766,687,516,-7.279694922798013,72.39226528192127,"{""type"":""Point"",""coordinates"":[72.39229526052753,-7.279717817950564]}"
1807,1641,1221,869,693,0.27586206793785095,682,511,-7.315623664358543,72.44146600993554,"{""type"":""Point"",""coordinates"":[72.44147508221258,-7.315667186951576]}"
1808,1180,850,754,551,0.21341899037361145,582,462,-7.325196712886597,72.40572344329378,"{""type"":""Point"",""coordinates"":[72.40567925567525,-7.325222707815897]}"
1809,1215,845,675,522,0.23628383874893188,525,410,-7.298472348019791,72.38101096272217,"{""type"":""Point"",""coordinates"":[72.38100277219797,-7.298507017253336]}"
1810,1203,854,752,546,0.2199999988079071,619,490,-7.333026521877568,72.40921999150783,"{""type"":""Point"",""coordinates"":[72.40925605854387,-7.333037775105014]}"
1811,1415,1004,860,724,0.16203702986240387,708,515,-7.346298856931886,72.42135096393041,"{""type"":""Point"",""coordinates"":[72.42134728058716,-7.34629052009396]}"
1812,1340,1005,807,673,0.19785459339618683,621,445,-7.34694535359593,72.40760754386862,"{""type"":""Point"",""coordinates"":[72.40764434070161,-7.346976875253969]}"
1813,2580,2729,1948,859,0.5211817026138306,812,607,-7.284194795075637,72.38226034977458,"{""type"":""Point"",""coordinates"":[72.38230154651104,-7.284194257984957]}"
1814,1516,1181,964,900,0.13503123819828033,823,686,-7.331146076235615,72.37121717185148,"{""type"":""Point"",""coordinates"":[72.37124431026103,-7.331121263799333]}"
1816,1783,1349,946,777,0.26904985308647156,749,570,-7.294074218369763,72.41344610959898,"{""type"":""Point"",""coordinates"":[72.41341480424923,-7.294060127363359]}"
1817,3694,3679,1887,850,0.6246411800384521,765,569,-7.3012986584016435,72.41341049063323,"{""type"":""Point"",""coordinates"":[72.413420291123,-7.301321851404295]}"
1818,1231,978,868,652,0.20000000298023224,631,477,-7.328992658819865,72.39336098954634,"{""type"":""Point"",""coordinates"":[72.39332899635511,-7.329013184564203]}"
1819,3073,2851,1226,697,0.6071025729179382,671,500,-7.328832232859398,72.43822099045863,"{""type"":""Point"",""coordinates"":[72.4381836197396,-7.32887433907119]}"
1820,1359,1008,815,720,0.1666666716337204,591,415,-7.334816918123833,72.39937476731701,"{""type"":""Point"",""coordinates"":[72.39937534189183,-7.33483938349374]}"
1821,1334,1015,801,629,0.23479318618774414,660,500,-7.287077400791362,72.43111871094861,"{""type"":""Point"",""coordinates"":[72.43109592307842,-7.287096129230973]}"
1822,1347,1018,834,662,0.21190476417541504,649,483,-7.280475521125853,72.40854992611916,"{""type"":""Point"",""coordinates"":[72.40853805312369,-7.280462002121406]}"
1823,1234,933,726,622,0.2,613,452,-7.293116575973492,72.37265002562663,"{""type"":""Point"",""coordinates"":[72.37263114470717,-7.293110589211016]}"
1824,1393,1063,888,722,0.1910364180803299,707,537,-7.2867432645435875,72.43943624910341,"{""type"":""Point"",""coordinates"":[72.43945576165217,-7.286770580979731]}"
1825,1276,961,814,652,0.19156850588964663,623,457,-7.303615134301206,72.36956317217167,"{""type"":""Point"",""coordinates"":[72.3695458822691,-7.3036304485240455]}"
1826,1267,1022,815,640,0.22984355688095093,614,484,-7.337449945335051,72.39749533483906,"{""type"":""Point"",""coordinates"":[72.3975226012013,-7.3374769375755635]}"
1828,1242,894,712,569,0.22214627265930176,610,454,-7.341827204775219,72.37989061926721,"{""type"":""Point"",""coordinates"":[72.37987749993086,-7.341844421424031]}"
1830,1352,1004,792,658,0.2081829160451889,649,487,-7.280890857523619,72.4133462131785,"{""type"":""Point"",""coordinates"":[72.41335327562018,-7.280873739361348]}"
1831,1198,893,761,602,0.1946488320827484,630,485,-7.342030966146106,72.37681678813816,"{""type"":""Point"",""coordinates"":[72.37684548032047,-7.342033454247929]}"
1832,2765,2391,997,688,0.553101658821106,662,483,-7.294372448648222,72.40983079553664,"{""type"":""Point"",""coordinates"":[72.40987408865236,-7.294393128286182]}"
1833,1232,930,794,593,0.22127379477024078,619,455,-7.309954016976081,72.37928842990397,"{""type"":""Point"",""coordinates"":[72.37933105897433,-7.309996139142542]}"
1834,1286,939,757,622,0.20307494699954987,566,438,-7.315522459824688,72.39533927325697,"{""type"":""Point"",""coordinates"":[72.39533378273048,-7.3155009503200406]}"
1835,1439,1078,804,642,0.25348836183547974,609,457,-7.286486263460007,72.40181250273956,"{""type"":""Point"",""coordinates"":[72.40184989813604,-7.286477832785618]}"
1836,1474,1139,870,711,0.2313513457775116,702,525,-7.285993441213335,72.39529718053912,"{""type"":""Point"",""coordinates"":[72.39531965366476,-7.285994526562424]}"
1837,1272,950,760,656,0.18306350708007812,598,471,-7.307938760681665,72.37104272939156,"{""type"":""Point"",""coordinates"":[72.37107846997226,-7.307976117231311]}"
1838,1367,1134,779,627,0.2879045903682709,598,454,-7.313044131041546,72.40065674529141,"{""type"":""Point"",""coordinates"":[72.40064911202433,-7.313051975026943]}"
1839,1318,1077,966,696,0.2148900181055069,662,510,-7.345592956263706,72.40732587958956,"{""type"":""Point"",""coordinates"":[72.40729008920928,-7.34562728111853]}"
1840,1385,1167,883,679,0.26435536294691225,616,462,-7.291628498449241,72.37842717404433,"{""type"":""Point"",""coordinates"":[72.37842456284106,-7.291630612479457]}"
1841,1399,987,812,696,0.17290551960468292,541,397,-7.336235647957039,72.40282260119373,"{""type"":""Point"",""coordinates"":[72.40286702967973,-7.3362589812916825]}"
1842,1428,1067,861,681,0.22082379460334778,665,490,-7.3018307197251815,72.43846629802658,"{""type"":""Point"",""coordinates"":[72.43848069742177,-7.30179647898001]}"
1843,1210,977,927,616,0.22661644220352173,678,536,-7.342160283094312,72.40748061089337,"{""type"":""Point"",""coordinates"":[72.40745077606778,-7.342156995032699]}"
1844,1117,838,709,532,0.2233576625585556,502,317,-7.334136185763992,72.36988292089303,"{""type"":""Point"",""coordinates"":[72.36987874967738,-7.3341587399647015]}"
1845,1429,1057,858,671,0.22337962687015533,668,500,-7.291207937449854,72.42228731738456,"{""type"":""Point"",""coordinates"":[72.42228815637964,-7.291190476223656]}"
1846,3461,3815,2674,1157,0.5345937013626099,837,609,-7.330426009220532,72.43054543414229,"{""type"":""Point"",""coordinates"":[72.43055209307674,-7.330418598311727]}"
1847,1293,959,779,649,0.1927860677242279,587,431,-7.324002327758021,72.3964888373405,"{""type"":""Point"",""coordinates"":[72.3964990234205,-7.323991455891222]}"
1848,1355,1076,953,749,0.17917808890342712,716,511,-7.337013510883377,72.39550213301405,"{""type"":""Point"",""coordinates"":[72.39554082286587,-7.336970423618549]}"
1850,2704,2755,1801,823,0.5399664640426636,755,551,-7.295953241292967,72.40378328326578,"{""type"":""Point"",""coordinates"":[72.40375274529109,-7.295960874220853]}"
1851,1210,962,794,615,0.220038041472435,612,437,-7.300628698516129,72.3824742684338,"{""type"":""Point"",""coordinates"":[72.3824361518571,-7.300606327161878]}"
1852,1373,1048,862,684,0.21016165614128113,634,472,-7.28812933247779,72.43528678673285,"{""type"":""Point"",""coordinates"":[72.43528138779847,-7.288124771122325]}"
1853,1361,1040,892,745,0.16526611149311066,631,441,-7.3355787983331355,72.38219511945061,"{""type"":""Point"",""coordinates"":[72.38218017934855,-7.335602250386113]}"
1854,3472,3663,2372,788,0.6459222435951233,787,595,-7.299579594701073,72.4138496424062,"{""type"":""Point"",""coordinates"":[72.41385999511415,-7.299551256180627]}"
1855,1531,1118,812,692,0.23535911738872528,669,501,-7.3012888267298,72.42661466052789,"{""type"":""Point"",""coordinates"":[72.42660364394122,-7.301319916147267]}"
1856,1472,1128,885,691,0.2402418851852417,690,521,-7.296241879074762,72.42531007062182,"{""type"":""Point"",""coordinates"":[72.4252696070685,-7.2962150414921165]}"
1857,1452,1068,796,606,0.2759856581687927,602,442,-7.343721530014847,72.42775305658019,"{""type"":""Point"",""coordinates"":[72.4277903365366,-7.343731903340302]}"
1858,1407,1067,840,673,0.2264367789030075,640,481,-7.285238770171352,72.41157038921965,"{""type"":""Point"",""coordinates"":[72.41158236292644,-7.285270235851528]}"
1859,1498,1125,856,656,0.2633351981639862,651,492,-7.289529283079596,72.41739092495311,"{""type"":""Point"",""coordinates"":[72.4174153666343,-7.289568127748235]}"
1860,1229,929,781,611,0.2064935064935065,567,426,-7.295119406420966,72.37049439737872,"{""type"":""Point"",""coordinates"":[72.37049174914897,-7.295157423524032]}"
1861,1469,1127,896,706,0.22967812418937683,668,500,-7.287107000744355,72.41529248402723,"{""type"":""Point"",""coordinates"":[72.41533200228301,-7.287084195706067]}"
1863,1206,887,770,556,0.22938323020935059,602,463,-7.337482787743876,72.39315400185818,"{""type"":""Point"",""coordinates"":[72.39319575104977,-7.337489015598007]}"
1865,1265,994,856,665,0.19831223785877228,620,471,-7.339175198459525,72.3962421409292,"{""type"":""Point"",""coordinates"":[72.3962782248759,-7.339145565546517]}"
1867,1807,1332,887,685,0.3207734227180481,682,503,-7.305962190032958,72.42954437750954,"{""type"":""Point"",""coordinates"":[72.42953426252322,-7.305985859744023]}"
1868,1177,928,847,575,0.23486360907554626,615,461,-7.311456525498608,72.38364112676271,"{""type"":""Point"",""coordinates"":[72.38363526627062,-7.311490900174257]}"
1869,1373,1107,867,694,0.22931703925132751,632,474,-7.2982720865928865,72.38363230051014,"{""type"":""Point"",""coordinates"":[72.38366458129492,-7.2982879028517464]}"
1870,1194,847,684,550,0.21259842813014984,568,440,-7.334663731499696,72.37178636996352,"{""type"":""Point"",""coordinates"":[72.37177105458602,-7.334707527294049]}"
1872,3635,3576,3187,2133,0.25275880098342896,806,503,-7.297715363495878,72.3856178486988,"{""type"":""Point"",""coordinates"":[72.38562474158628,-7.297736598378207]}"
1873,1472,1125,781,570,0.32743361592292786,565,422,-7.340380599679668,72.42772744166778,"{""type"":""Point"",""coordinates"":[72.4277552289081,-7.3403805074743085]}"
1875,2339,2509,1923,959,0.4469434916973114,728,528,-7.335137939776057,72.42841083960175,"{""type"":""Point"",""coordinates"":[72.4284329270068,-7.335107218218354]}"
1876,3859,4417,4556,3882,0.06446559727191925,1563,608,-7.321766634749331,72.42930337237203,"{""type"":""Point"",""coordinates"":[72.42934862500796,-7.32178019189435]}"
1877,1126,853,702,507,0.2544117569923401,635,477,-7.333173745181669,72.40171394281755,"{""type"":""Point"",""coordinates"":[72.401731246438,-7.333176200722228]}"
1878,1218,850,787,568,0.1988716572523117,689,542,-7.332504640941026,72.40659304032695,"{""type"":""Point"",""coordinates"":[72.4066349516302,-7.33245995259895]}"
1881,1169,791,646,455,0.26966291666030884,565,427,-7.349095288642456,72.40988521312134,"{""type"":""Point"",""coordinates"":[72.40989145256435,-7.3491040916650405]}"
1882,2034,1888,1811,1510,0.1112419068813324,1650,1292,-7.348873368983794,72.41531054126904,"{""type"":""Point"",""coordinates"":[72.4152925728847,-7.348898624518536]}"
1883,1313,965,790,619,0.21843434870243073,657,494,-7.285686172865964,72.42405409359876,"{""type"":""Point"",""coordinates"":[72.42402898465156,-7.285714375488366]}"
1884,1357,1048,837,677,0.21507246792316437,669,502,-7.2805061737510455,72.40448048967349,"{""type"":""Point"",""coordinates"":[72.40451337638781,-7.2804737837020115]}"
1885,1100,881,763,502,0.27404195070266724,594,443,-7.307354296149013,72.37673640801971,"{""type"":""Point"",""coordinates"":[72.37676750709,-7.307354589368813]}"
1886,1491,1135,835,667,0.25971144437789917,641,480,-7.2889033632256695,72.41657223511203,"{""type"":""Point"",""coordinates"":[72.41656929476757,-7.288877151015784]}"
1887,1494,1098,835,660,0.24914675951004028,667,509,-7.296616101316019,72.42359458485518,"{""type"":""Point"",""coordinates"":[72.42363516188806,-7.296580455635932]}"
1888,1289,1002,821,650,0.21307505667209625,619,460,-7.342432311234436,72.3714831181559,"{""type"":""Point"",""coordinates"":[72.37146798024098,-7.3423935831711615]}"
1890,1226,963,846,606,0.2275334596633911,590,425,-7.33629642551431,72.38283369755614,"{""type"":""Point"",""coordinates"":[72.3828032694363,-7.3362837991716665]}"
1891,1176,816,618,528,0.2142857164144516,516,390,-7.311710431761144,72.38590417436454,"{""type"":""Point"",""coordinates"":[72.38586765024883,-7.311672778187155]}"
1892,2515,2102,2068,1900,0.05047476291656494,2106,1797,-7.34336803264445,72.41490666588155,"{""type"":""Point"",""coordinates"":[72.41492516525994,-7.343360705104103]}"
1894,1498,1262,923,715,0.2766818411734952,626,465,-7.288128418691795,72.37550679435341,"{""type"":""Point"",""coordinates"":[72.3754625984536,-7.288088676468363]}"
1895,3927,4150,2350,835,0.664995014667511,772,579,-7.336532189340127,72.43502408775254,"{""type"":""Point"",""coordinates"":[72.43498382402903,-7.336499781467158]}"
1896,1231,1008,907,624,0.23529411852359772,568,419,-7.3472574732401,72.37830352914881,"{""type"":""Point"",""coordinates"":[72.37827198001173,-7.347280326665334]}"
1897,1073,776,554,428,0.2890365421772003,294,187,-7.32998370082063,72.3696707648017,"{""type"":""Point"",""coordinates"":[72.36967459370233,-7.329984322625084]}"
1898,1432,1089,879,698,0.21880246698856354,710,528,-7.283088812540472,72.42123083964513,"{""type"":""Point"",""coordinates"":[72.42126628031647,-7.283111240017072]}"
1899,3827,4074,2807,943,0.6240781545639038,828,626,-7.300306076465296,72.41331251501444,"{""type"":""Point"",""coordinates"":[72.41330057678184,-7.300271239402512]}"
1901,1357,1029,858,666,0.214159294962883,698,524,-7.28745437217769,72.42904154713332,"{""type"":""Point"",""coordinates"":[72.42902245545484,-7.287460450504093]}"
1903,1308,956,814,678,0.17013463377952576,607,454,-7.326306995469076,72.40220446569705,"{""type"":""Point"",""coordinates"":[72.40218580701364,-7.326263903868516]}"
1904,3421,3147,3032,2942,0.033667270094156265,2680,2113,-7.343008912077638,72.4146325754718,"{""type"":""Point"",""coordinates"":[72.41467145733719,-7.342999777882322]}"
1905,1372,1033,845,707,0.18735632300376892,719,536,-7.27973621917608,72.422742802024,"{""type"":""Point"",""coordinates"":[72.42273238376427,-7.27971394229058]}"
1906,1576,1137,809,655,0.2689732015132904,664,495,-7.3220710607969925,72.41302575647097,"{""type"":""Point"",""coordinates"":[72.4130452692536,-7.322098236745874]}"
1907,1172,848,729,537,0.22454874217510223,594,449,-7.332111396538442,72.39890197957217,"{""type"":""Point"",""coordinates"":[72.39894647283352,-7.332106896558416]}"
1908,3622,3806,2258,859,0.6317256093025208,805,632,-7.298708085682587,72.40968277476935,"{""type"":""Point"",""coordinates"":[72.40972120264676,-7.298664218266622]}"
1910,1318,996,727,667,0.19783523678779602,562,425,-7.308333304949804,72.39067226270834,"{""type"":""Point"",""coordinates"":[72.39068109814596,-7.308364314936505]}"
1911,1815,1387,904,734,0.3078736364841461,718,548,-7.30426239662213,72.42745128805748,"{""type"":""Point"",""coordinates"":[72.42743458429551,-7.304228090980721]}"
1912,3609,3780,2288,893,0.6178044080734253,817,604,-7.3120147347905196,72.42922883039573,"{""type"":""Point"",""coordinates"":[72.42920209623036,-7.311970234657794]}"
1913,1227,948,796,622,0.2076433151960373,640,479,-7.3386285214713185,72.42065912989716,"{""type"":""Point"",""coordinates"":[72.42061823960935,-7.338662235468365]}"
1914,1571,1255,1002,845,0.19523809850215912,748,595,-7.348408587954982,72.42887439842872,"{""type"":""Point"",""coordinates"":[72.42888845252119,-7.3484114371627065]}"
1915,3012,3418,2482,1227,0.47168998923573735,1210,708,-7.282961698083259,72.37809085796455,"{""type"":""Point"",""coordinates"":[72.37806372597605,-7.282923853840072]}"
1916,3732,4114,3104,1233,0.5388067960739136,850,628,-7.306462701751913,72.41118866578041,"{""type"":""Point"",""coordinates"":[72.41121581647312,-7.306446815513]}"
1917,1304,1018,862,697,0.18717201054096222,661,476,-7.343138431065865,72.40947795733689,"{""type"":""Point"",""coordinates"":[72.40944737850211,-7.343140197036251]}"
1918,1399,1071,846,684,0.22051282227039337,653,490,-7.287622606194563,72.43067068231608,"{""type"":""Point"",""coordinates"":[72.43070162398364,-7.287644437023421]}"
1919,1280,971,785,632,0.21147847175598145,630,475,-7.28204450918998,72.43985255941313,"{""type"":""Point"",""coordinates"":[72.43985973850211,-7.28208707552801]}"
1920,1232,903,726,595,0.20560747385025024,570,438,-7.328853009934858,72.38793303318815,"{""type"":""Point"",""coordinates"":[72.38797489979882,-7.328861110865589]}"
1921,1218,906,740,606,0.1984127014875412,554,420,-7.318063973921668,72.36958115239725,"{""type"":""Point"",""coordinates"":[72.36960438161756,-7.3180755068778565]}"
1922,1579,1199,924,731,0.24248704314231873,740,552,-7.313845416711591,72.4378347422972,"{""type"":""Point"",""coordinates"":[72.43781426126702,-7.313828552252309]}"
1923,1294,1036,854,655,0.22531045973300934,613,476,-7.347360722361881,72.37658569775422,"{""type"":""Point"",""coordinates"":[72.3765719142592,-7.347388449764708]}"
1924,3396,3582,2289,1137,0.5181182622909546,963,706,-7.3135332199053575,72.43141102823088,"{""type"":""Point"",""coordinates"":[72.43143960610048,-7.313526564519876]}"
1926,1272,981,757,639,0.21111111342906952,606,446,-7.330336890024559,72.39472789921803,"{""type"":""Point"",""coordinates"":[72.3947421175881,-7.330306503219068]}"
1928,1317,990,770,672,0.1913357377052307,597,414,-7.321968684941537,72.37874578034818,"{""type"":""Point"",""coordinates"":[72.37874553275893,-7.321935764318228]}"
1929,1204,923,788,594,0.21687541902065277,605,460,-7.325473056575073,72.39306298851935,"{""type"":""Point"",""coordinates"":[72.39308843587392,-7.325516854848358]}"
1931,1223,885,715,573,0.21399177610874176,563,438,-7.32086105962556,72.40587139316155,"{""type"":""Point"",""coordinates"":[72.40588117353734,-7.320848638577438]}"
1932,1346,1005,864,684,0.1900532841682434,674,504,-7.289906078202111,72.42725147374105,"{""type"":""Point"",""coordinates"":[72.42727547546657,-7.289924293451902]}"
1933,2409,2339,1336,826,0.4780410826206207,780,562,-7.296534683383539,72.38651338500215,"{""type"":""Point"",""coordinates"":[72.38654206786832,-7.296542031429727]}"
1934,2496,2295,1148,780,0.49268293380737305,803,600,-7.343458544486676,72.43851427824386,"{""type"":""Point"",""coordinates"":[72.43855247283723,-7.343476452246808]}"
1935,1961,1806,1301,1104,0.2412371188402176,1186,843,-7.295454649750511,72.41001987529724,"{""type"":""Point"",""coordinates"":[72.40999848896386,-7.295412400106692]}"
1936,1191,845,674,525,0.23357664048671722,591,439,-7.33302041677894,72.3861555749708,"{""type"":""Point"",""coordinates"":[72.38618649540342,-7.333051293076251]}"
1938,1360,1027,797,619,0.24787363409996033,650,476,-7.286705455316584,72.42062523894515,"{""type"":""Point"",""coordinates"":[72.42061016956664,-7.286677403968054]}"
1939,1215,874,738,561,0.21811847388744354,572,461,-7.341585879903856,72.38793897911714,"{""type"":""Point"",""coordinates"":[72.38793035987622,-7.341546988705724]}"
1941,1283,944,720,656,0.18,554,389,-7.296909885196687,72.37258801167734,"{""type"":""Point"",""coordinates"":[72.37261439646682,-7.296866246094645]}"
1942,1273,914,760,639,0.17707662284374237,620,470,-7.3316270336650895,72.40323980253997,"{""type"":""Point"",""coordinates"":[72.40326952406943,-7.331612146532426]}"
1943,1315,986,811,693,0.17450863122940063,564,404,-7.325453212506261,72.40762476190687,"{""type"":""Point"",""coordinates"":[72.40765120615697,-7.325447328443986]}"
1944,1366,1081,858,710,0.20714683830738068,685,528,-7.278643665150775,72.41197266169681,"{""type"":""Point"",""coordinates"":[72.41195179499212,-7.278678625903554]}"
1945,1244,980,833,663,0.19293974339962006,681,513,-7.33794376140697,72.40383053196382,"{""type"":""Point"",""coordinates"":[72.4038443127279,-7.337980203741328]}"
1946,1221,914,778,605,0.20342330634593964,581,428,-7.333575849632572,72.3843507814965,"{""type"":""Point"",""coordinates"":[72.38433195577468,-7.333583542650512]}"
1947,1272,950,802,629,0.2032932235592147,628,485,-7.294637495616786,72.37456072390749,"{""type"":""Point"",""coordinates"":[72.37454534280849,-7.294604489975614]}"
1948,1066,750,563,399,0.30548304319381714,344,258,-7.307995208006869,72.37556543557433,"{""type"":""Point"",""coordinates"":[72.3755311031792,-7.30803974249076]}"
1950,1308,974,786,625,0.21826142072677612,590,443,-7.339057929712287,72.42355673393872,"{""type"":""Point"",""coordinates"":[72.4235630428195,-7.339095454302806]}"
1951,2470,2012,1097,687,0.49092257022857666,642,472,-7.306458361639938,72.42366953426914,"{""type"":""Point"",""coordinates"":[72.42371167456022,-7.306480647649738]}"
1952,2060,2257,1881,1205,0.3038705885410309,543,343,-7.347308433930621,72.43103671702252,"{""type"":""Point"",""coordinates"":[72.43100576701741,-7.347324721962908]}"
1953,1279,967,814,653,0.19382716715335846,632,457,-7.3157800307913226,72.37309144774878,"{""type"":""Point"",""coordinates"":[72.37304737249603,-7.315744332235556]}"
1954,1455,1216,906,705,0.26600728787090056,664,491,-7.292253156111343,72.37942672318489,"{""type"":""Point"",""coordinates"":[72.37946747884067,-7.2922237174550615]}"
1955,1177,890,790,566,0.22252747416496277,611,492,-7.323332698945358,72.37748978434695,"{""type"":""Point"",""coordinates"":[72.3774554449424,-7.3233101748788645]}"
1956,1483,1151,890,732,0.22251726686954498,737,546,-7.2814214563017625,72.39083125307243,"{""type"":""Point"",""coordinates"":[72.39084557804206,-7.281385980459921]}"
1957,1272,953,799,648,0.19050593674182892,646,473,-7.345209859490581,72.37439857210853,"{""type"":""Point"",""coordinates"":[72.37443290016839,-7.34518354271477]}"
1958,1356,1023,824,629,0.23849879205226898,647,482,-7.282250091275736,72.41272344636783,"{""type"":""Point"",""coordinates"":[72.4127608576917,-7.282292942600888]}"
1959,1449,1097,874,688,0.22913165390491486,676,503,-7.291391956185157,72.42183652695296,"{""type"":""Point"",""coordinates"":[72.42187221220597,-7.291406074808632]}"
1960,1332,987,844,653,0.20365853607654572,591,444,-7.308775366638431,72.37991267801922,"{""type"":""Point"",""coordinates"":[72.37988885093728,-7.308756044053043]}"
1962,1252,925,778,627,0.1920103132724762,639,472,-7.310274475844321,72.38471756081309,"{""type"":""Point"",""coordinates"":[72.38468171639721,-7.310313146478694]}"
1963,3633,3541,1657,823,0.6228231191635132,791,583,-7.3304872809088355,72.43434458544785,"{""type"":""Point"",""coordinates"":[72.43438638313253,-7.330472229681552]}"
1965,1166,897,789,523,0.2633802890777588,618,472,-7.314198655297208,72.39125922837677,"{""type"":""Point"",""coordinates"":[72.3912217716815,-7.314207506705597]}"
1966,3030,3002,1598,759,0.5963839292526245,725,531,-7.321717628516399,72.43572445194695,"{""type"":""Point"",""coordinates"":[72.43570407185894,-7.321761952392077]}"
1967,1515,1301,916,674,0.3174683451652527,664,490,-7.320882786296954,72.41491604657635,"{""type"":""Point"",""coordinates"":[72.41489864708869,-7.32084049192536]}"
1968,1172,852,707,523,0.23927272727272728,572,423,-7.295661887748972,72.37040801726434,"{""type"":""Point"",""coordinates"":[72.37041512312682,-7.2956647644556725]}"
1970,1601,1211,893,714,0.2581818103790283,709,528,-7.286194414200574,72.39258551400727,"{""type"":""Point"",""coordinates"":[72.39255145386029,-7.286164248868191]}"
1971,2774,2364,959,684,0.5511810779571533,647,494,-7.332073831412114,72.43942165926005,"{""type"":""Point"",""coordinates"":[72.43945071494642,-7.332078333959668]}"
1972,1540,1222,1104,820,0.19686581194400787,756,543,-7.349253061540256,72.4247202205386,"{""type"":""Point"",""coordinates"":[72.4247261762836,-7.349247635425877]}"
1973,3285,3612,2499,1052,0.5488850474357605,953,702,-7.285554031211526,72.38163746918053,"{""type"":""Point"",""coordinates"":[72.38166161470113,-7.285569857929443]}"
1974,1241,941,784,624,0.20255590975284576,629,463,-7.3165205197369625,72.39471370788668,"{""type"":""Point"",""coordinates"":[72.39475630058534,-7.316504073921032]}"
1975,1241,970,822,630,0.2125,610,437,-7.2962473482982055,72.37665298722676,"{""type"":""Point"",""coordinates"":[72.37668001641924,-7.296240632164039]}"
1976,3791,3787,3278,2148,0.2761583924293518,791,465,-7.341271111184647,72.42936232051045,"{""type"":""Point"",""coordinates"":[72.42934786039619,-7.341270604318141]}"
1977,1261,894,729,627,0.17554239928722382,617,466,-7.33412855176183,72.38290776031556,"{""type"":""Point"",""coordinates"":[72.38295031914556,-7.33410458145109]}"
1978,1232,933,790,625,0.19768933951854706,611,454,-7.344646600057521,72.42486580715176,"{""type"":""Point"",""coordinates"":[72.42490960368768,-7.344638913996067]}"
1979,1657,1276,931,711,0.2843482494354248,690,515,-7.299243605687395,72.4224388718803,"{""type"":""Point"",""coordinates"":[72.42245286811473,-7.2992172342475845]}"
1980,1213,839,686,551,0.2071942389011383,590,463,-7.3221350123776086,72.3806464405425,"{""type"":""Point"",""coordinates"":[72.38063523867169,-7.3220986891768085]}"
1981,1367,995,776,649,0.210462287068367,629,474,-7.2952970222624565,72.43081960051126,"{""type"":""Point"",""coordinates"":[72.43085786211594,-7.295313877314238]}"
1982,2082,2111,1492,880,0.4115680456161499,721,528,-7.295821785949067,72.3852418305758,"{""type"":""Point"",""coordinates"":[72.38528505282395,-7.295793560853582]}"
1983,3423,3300,1479,710,0.6458852887153625,707,537,-7.330474832477895,72.43597249195244,"{""type"":""Point"",""coordinates"":[72.43593919391932,-7.330481513152124]}"
1984,1411,1025,762,565,0.28930819034576416,588,433,-7.3282520388538135,72.41958493283222,"{""type"":""Point"",""coordinates"":[72.41961658020817,-7.3282952579494225]}"
1985,1926,1954,1619,1099,0.28005239367485046,715,512,-7.293045541899059,72.38214593027253,"{""type"":""Point"",""coordinates"":[72.38214369156523,-7.293018182252503]}"
1986,2820,2968,2179,1022,0.4877192974090576,922,681,-7.295438720050769,72.40016177101367,"{""type"":""Point"",""coordinates"":[72.40016824842978,-7.295459776415349]}"
1987,1460,1085,801,640,0.25797101855278015,633,485,-7.285029239331713,72.40342939251839,"{""type"":""Point"",""coordinates"":[72.403467249815,-7.28501572340258]}"
1988,1213,977,854,647,0.20320196449756622,632,466,-7.3311192954121385,72.41065262009795,"{""type"":""Point"",""coordinates"":[72.41068550530225,-7.331158433481874]}"
1989,1340,1001,862,679,0.19166666269302368,657,492,-7.328610965722607,72.39607153439286,"{""type"":""Point"",""coordinates"":[72.39605592145746,-7.328573293844825]}"
1990,1303,946,834,631,0.19974635383639822,628,453,-7.294174497095497,72.37609477766142,"{""type"":""Point"",""coordinates"":[72.37607569059135,-7.294178215679109]}"
1991,1399,981,716,598,0.2425585836172104,552,425,-7.326022139159834,72.4159501019823,"{""type"":""Point"",""coordinates"":[72.41594843939276,-7.326045512593471]}"
1992,1317,988,823,643,0.21152667701244354,672,508,-7.286826674759415,72.44034123867287,"{""type"":""Point"",""coordinates"":[72.44032243379151,-7.286814352069742]}"
1993,1322,959,795,659,0.18541409075260162,621,470,-7.348193439628395,72.38590866032627,"{""type"":""Point"",""coordinates"":[72.38594109914719,-7.348170218161682]}"
1994,1319,1020,914,663,0.21212121844291687,801,628,-7.330067217117782,72.37057589736725,"{""type"":""Point"",""coordinates"":[72.37061285155416,-7.330036989665096]}"
1995,1351,1038,813,720,0.180887371301651,646,472,-7.344698229231759,72.40623365710891,"{""type"":""Point"",""coordinates"":[72.40625087837329,-7.344711381596429]}"
1996,2047,1739,1091,812,0.3633868992328644,798,603,-7.297949460151504,72.41447034841822,"{""type"":""Point"",""coordinates"":[72.41451474106417,-7.297992952868773]}"
1997,3646,4086,2790,1074,0.5837209224700928,890,650,-7.343859914897871,72.43327142783326,"{""type"":""Point"",""coordinates"":[72.43331072273246,-7.343899807128756]}"
1998,1366,942,671,576,0.24110671877861023,555,439,-7.324328482898735,72.41304294494837,"{""type"":""Point"",""coordinates"":[72.41301561083033,-7.324354259954388]}"
1999,1461,1160,837,645,0.2853185534477234,611,459,-7.315483545878824,72.40049433981969,"{""type"":""Point"",""coordinates"":[72.40047340950044,-7.315449214466008]}"
