system:index,B2,B3,B4,B8,NDWI,SWIR1,SWIR2,latitude,longitude,.geo
0,914,587,378,235,0.4282238483428955,140,96,-7.305338538319927,72.38061037758625,"{""type"":""Point"",""coordinates"":[72.38063659631389,-7.305317212050705]}"
2,1936,1558,1270,1214,0.12409812211990356,1242,1023,-7.2919221263388785,72.41144013520086,"{""type"":""Point"",""coordinates"":[72.41147124948338,-7.291902466439484]}"
10,977,641,449,300,0.3623804450035095,175,106,-7.3064099244244085,72.38224644101064,"{""type"":""Point"",""coordinates"":[72.3822645797805,-7.306376494361725]}"
14,1533,1167,976,821,0.17404426634311676,794,592,-7.27876621559299,72.41966063745211,"{""type"":""Point"",""coordinates"":[72.41965064787304,-7.278762792735771]}"
18,1737,1388,1184,980,0.17229729890823364,917,683,-7.283067318977889,72.43597167253292,"{""type"":""Point"",""coordinates"":[72.43599390664346,-7.283061890623814]}"
19,2712,2435,2318,2015,0.09438202530145645,1968,1407,-7.293467397216758,72.42203317991277,"{""type"":""Point"",""coordinates"":[72.4220764105749,-7.293463767283009]}"
25,926,596,402,252,0.40566039085388184,133,85,-7.307469752910195,72.38541998046493,"{""type"":""Point"",""coordinates"":[72.38541734040828,-7.307475166008451]}"
26,2414,2274,2189,1816,0.11198043823242188,1654,1228,-7.303999168392871,72.43830200805088,"{""type"":""Point"",""coordinates"":[72.4383433338656,-7.304038722869171]}"
27,1441,1152,969,778,0.19378238916397095,719,521,-7.277419709622115,72.40662766787575,"{""type"":""Point"",""coordinates"":[72.40661531128436,-7.277450938346338]}"
30,1521,1192,902,834,0.17670286278381048,736,550,-7.298890416981077,72.37341685522361,"{""type"":""Point"",""coordinates"":[72.37341588433925,-7.298880214905205]}"
34,926,608,410,266,0.3913043439388275,153,97,-7.306936107101189,72.38433062639359,"{""type"":""Point"",""coordinates"":[72.38431142613102,-7.306894410172699]}"
35,3598,3432,3363,3253,0.02677636407315731,2857,2119,-7.300851156926822,72.40092621863589,"{""type"":""Point"",""coordinates"":[72.40095017058218,-7.300861149661112]}"
37,1254,905,608,479,0.3078034818172455,531,436,-7.2934535214892104,72.3999658917156,"{""type"":""Point"",""coordinates"":[72.40000739156552,-7.293430455749643]}"
38,3904,3717,3416,3490,0.031497154384851456,3105,2415,-7.307616017216765,72.41391068292948,"{""type"":""Point"",""coordinates"":[72.41390703608396,-7.307622174247585]}"
40,2304,1823,1556,1505,0.09555288404226303,1364,1082,-7.2893471817180595,72.40563255146323,"{""type"":""Point"",""coordinates"":[72.40559447276803,-7.289329283144756]}"
42,977,607,393,245,0.4248826205730438,151,116,-7.296008382732512,72.43227203096693,"{""type"":""Point"",""coordinates"":[72.43230030086958,-7.295970358177805]}"
43,1870,1589,1472,1192,0.14275440573692322,1248,1058,-7.283145239472815,72.43760009327583,"{""type"":""Point"",""coordinates"":[72.43761286723661,-7.28315645073755]}"
45,1367,960,728,576,0.25,452,309,-7.28928803155712,72.43728521901356,"{""type"":""Point"",""coordinates"":[72.43727816836655,-7.289263955593564]}"
49,2115,1659,1441,1317,0.11491935700178146,1230,891,-7.293418682589001,72.42845390459667,"{""type"":""Point"",""coordinates"":[72.42847112667052,-7.2934460981268705]}"
50,1366,1078,885,668,0.23482245206832886,813,668,-7.279517661494048,72.40383996701567,"{""type"":""Point"",""coordinates"":[72.40380231361928,-7.279496888803794]}"
52,2618,2501,1298,636,0.5945170521736145,482,322,-7.285813424788194,72.38317690169343,"{""type"":""Point"",""coordinates"":[72.3831447366959,-7.285821187709846]}"
53,1137,766,548,387,0.3287077248096466,298,196,-7.282929991982939,72.43027321350294,"{""type"":""Point"",""coordinates"":[72.43028768695359,-7.28292812562504]}"
56,3607,3646,3695,3354,0.04171428456902504,3362,2478,-7.301654289899515,72.40219847879074,"{""type"":""Point"",""coordinates"":[72.40224163180089,-7.301658405247487]}"
59,4284,4022,4022,3783,0.030621396377682686,3216,2363,-7.309255706403211,72.4000853915777,"{""type"":""Point"",""coordinates"":[72.40007558757166,-7.309277358951208]}"
60,1593,1251,1134,873,0.17796610295772552,918,693,-7.2836180221477465,72.43480021515033,"{""type"":""Point"",""coordinates"":[72.43478583046947,-7.283645756758588]}"
65,1616,1282,990,936,0.15599639314697927,551,341,-7.304732875485849,72.3770784862602,"{""type"":""Point"",""coordinates"":[72.37708320055148,-7.304750620851315]}"
71,2541,2137,1855,1856,0.07037315517663956,1615,1293,-7.289927124370855,72.40057233734126,"{""type"":""Point"",""coordinates"":[72.40055611966189,-7.28990385738101]}"
72,2279,1944,1472,1564,0.108323834836483,1055,578,-7.294273016115356,72.39906767749603,"{""type"":""Point"",""coordinates"":[72.39909743036533,-7.294314824898849]}"
73,1553,1207,972,798,0.20399002730846405,846,634,-7.289671532707548,72.42245651510015,"{""type"":""Point"",""coordinates"":[72.42241269271821,-7.2896986372706225]}"
74,1052,684,431,316,0.36800000071525574,180,109,-7.297699902178828,72.43545026725872,"{""type"":""Point"",""coordinates"":[72.43548912551468,-7.2977283718838395]}"
76,3880,3655,3562,3357,0.042498573660850525,2787,2107,-7.310729134082933,72.39629790201566,"{""type"":""Point"",""coordinates"":[72.39632453083884,-7.310770733449905]}"
78,4353,4120,4265,4026,0.011539406143128872,3904,3137,-7.306765063214874,72.407030623071,"{""type"":""Point"",""coordinates"":[72.40705950545755,-7.306805006586283]}"
80,1528,1177,996,809,0.18529708683490753,779,573,-7.280740495049275,72.39733768611919,"{""type"":""Point"",""coordinates"":[72.39730824630759,-7.280781821038398]}"
84,1322,962,753,586,0.24289405345916748,392,239,-7.294538205326382,72.43560700011821,"{""type"":""Point"",""coordinates"":[72.43559019420859,-7.294545480257808]}"
89,1196,824,559,395,0.35192781686782837,303,211,-7.283291270783048,72.39437243485459,"{""type"":""Point"",""coordinates"":[72.39432947084211,-7.283285055679533]}"
92,3416,3671,2045,976,0.5799440499246826,853,625,-7.281074171521482,72.37690099655237,"{""type"":""Point"",""coordinates"":[72.3769031645478,-7.281111980992677]}"
93,3364,3165,3037,3155,0.0015822785208001733,2959,2281,-7.30812909798246,72.40577477097395,"{""type"":""Point"",""coordinates"":[72.40577044438275,-7.308159356801883]}"
94,1195,811,611,442,0.2944932281970978,376,270,-7.28651021056675,72.43446051824168,"{""type"":""Point"",""coordinates"":[72.43444204512814,-7.286506602369845]}"
95,3155,3000,1812,1272,0.40449437499046326,1089,788,-7.305121089169498,72.42139833037407,"{""type"":""Point"",""coordinates"":[72.4213684800517,-7.305159162438634]}"
97,1636,1183,659,827,0.17711442708969116,236,102,-7.303185827666829,72.43838622476915,"{""type"":""Point"",""coordinates"":[72.43839957512054,-7.303167104346565]}"
98,1527,1129,783,768,0.19030047953128815,712,565,-7.298364421015955,72.38336166676629,"{""type"":""Point"",""coordinates"":[72.38336134941783,-7.298399696298055]}"
99,1748,1589,1270,1074,0.19339090585708618,958,724,-7.301816853586449,72.42842747395133,"{""type"":""Point"",""coordinates"":[72.42843644113923,-7.301849948957244]}"
100,1244,922,772,492,0.304101824760437,468,363,-7.287524756563032,72.43166473553667,"{""type"":""Point"",""coordinates"":[72.43166293728773,-7.28753523764252]}"
102,1719,1564,1297,1097,0.17549793422222137,993,751,-7.283805706731013,72.42195977215707,"{""type"":""Point"",""coordinates"":[72.42199939513999,-7.2838469603196625]}"
107,6084,6400,7241,6159,0.01918942667543888,4856,3139,-7.305601004055318,72.44138919265664,"{""type"":""Point"",""coordinates"":[72.44142494061337,-7.305602894540363]}"
108,1607,1233,996,857,0.17990431189537048,780,572,-7.283751666680254,72.4171662258441,"{""type"":""Point"",""coordinates"":[72.41719746767069,-7.283795045877486]}"
110,1144,755,416,254,0.496531218290329,115,66,-7.3093003650302535,72.42993162653553,"{""type"":""Point"",""coordinates"":[72.42992473937385,-7.309342716003706]}"
111,2443,2083,1854,1758,0.0846133828163147,1398,862,-7.308100931639316,72.39754423602886,"{""type"":""Point"",""coordinates"":[72.39756158405619,-7.308081800919398]}"
112,2701,2419,2293,2042,0.0845101997256279,2016,1536,-7.285477557384201,72.41582275563958,"{""type"":""Point"",""coordinates"":[72.41581286766981,-7.2854875950311255]}"
113,1453,1186,1050,834,0.17425742574257425,747,534,-7.2995360445677555,72.37161281766187,"{""type"":""Point"",""coordinates"":[72.3716179337331,-7.299562302146859]}"
114,1065,803,581,463,0.2685624012638231,278,161,-7.311390674410108,72.3803845907319,"{""type"":""Point"",""coordinates"":[72.38036065599302,-7.3114316197178075]}"
115,1283,950,764,524,0.2890095114707947,621,493,-7.2806943163088285,72.39145885417693,"{""type"":""Point"",""coordinates"":[72.39143049408437,-7.280665054196813]}"
126,1313,921,630,511,0.28631284832954407,334,218,-7.3047732086548764,72.43152497777857,"{""type"":""Point"",""coordinates"":[72.43155146815079,-7.304732794442635]}"
128,2479,2279,2150,1924,0.08446347713470459,2073,1595,-7.292065660333006,72.40438695934886,"{""type"":""Point"",""coordinates"":[72.40440929837071,-7.292052600699789]}"
131,1265,900,663,493,0.29217517375946045,424,298,-7.291830735506304,72.43540546088758,"{""type"":""Point"",""coordinates"":[72.43538927570071,-7.291817204974968]}"
134,4651,4384,4427,4130,0.029833216220140457,3828,2702,-7.301746720204897,72.41386609597934,"{""type"":""Point"",""coordinates"":[72.41386649634181,-7.301767234665106]}"
136,1286,958,733,546,0.2739361822605133,521,390,-7.278991520517066,72.40175594251679,"{""type"":""Point"",""coordinates"":[72.40179899713327,-7.27896163614438]}"
137,2220,1786,1562,1468,0.09772587567567825,1561,1323,-7.281752152187586,72.41886935689632,"{""type"":""Point"",""coordinates"":[72.41884451101774,-7.28177686358246]}"
140,2530,2479,1627,1109,0.38182830810546875,1035,741,-7.2824845076557665,72.38152399830958,"{""type"":""Point"",""coordinates"":[72.38148041008402,-7.282507316379067]}"
142,1739,1405,1229,997,0.16985845565795898,1182,1036,-7.280415080871058,72.4403827311336,"{""type"":""Point"",""coordinates"":[72.44035468924298,-7.280383810014598]}"
145,2140,1638,1118,898,0.29179811477661133,852,629,-7.305458923147258,72.42447588327003,"{""type"":""Point"",""coordinates"":[72.42451724052654,-7.305448387612961]}"
150,1113,717,397,239,0.5,107,69,-7.307499276372573,72.42928478996339,"{""type"":""Point"",""coordinates"":[72.42925871185837,-7.30750294445765]}"
152,1624,1166,871,836,0.16483516991138458,816,658,-7.290024911013838,72.39957824039261,"{""type"":""Point"",""coordinates"":[72.39960093339764,-7.289987100471772]}"
153,4679,4464,4318,4232,0.026678932830691338,3613,2661,-7.305193750694913,72.41181212336204,"{""type"":""Point"",""coordinates"":[72.41185712444573,-7.305227004062949]}"
155,4225,3895,3832,3657,0.03151483088731766,3285,2348,-7.298229246525723,72.41329675260523,"{""type"":""Point"",""coordinates"":[72.41333759104157,-7.298218373434738]}"
159,1431,1046,811,776,0.14818880351262348,689,521,-7.30502815663956,72.37382469040722,"{""type"":""Point"",""coordinates"":[72.37386281110409,-7.30500683130847]}"
160,1135,839,646,472,0.2799389778794813,346,257,-7.307925901808045,72.37276110241935,"{""type"":""Point"",""coordinates"":[72.37276914807316,-7.3079042316102765]}"
163,910,572,336,193,0.4954248368740082,88,45,-7.304458917115222,72.4372202569655,"{""type"":""Point"",""coordinates"":[72.43719783795052,-7.3044555926334445]}"
165,3708,3227,3040,2982,0.03945884853601456,2844,2328,-7.295384178005707,72.419334591907,"{""type"":""Point"",""coordinates"":[72.41934933574002,-7.295393139398007]}"
167,1520,1310,1103,895,0.18820861678004536,857,613,-7.2938173527926855,72.37554944330944,"{""type"":""Point"",""coordinates"":[72.3755226552435,-7.2938087372543405]}"
168,3735,3452,3155,3287,0.02448434568941593,2684,1812,-7.30588532105413,72.40394891394901,"{""type"":""Point"",""coordinates"":[72.40394823336324,-7.305901116159244]}"
170,1537,1194,1025,836,0.17635467648506165,833,593,-7.28113921309732,72.41633249572004,"{""type"":""Point"",""coordinates"":[72.41637241026736,-7.28112849061252]}"
171,1451,878,555,561,0.220291867852211,301,227,-7.288224388606945,72.39884113492204,"{""type"":""Point"",""coordinates"":[72.39881280908203,-7.288254127725115]}"
174,1119,777,511,384,0.33850130438804626,208,120,-7.312418648354253,72.43547235511262,"{""type"":""Point"",""coordinates"":[72.43546547547871,-7.3124011849302875]}"
175,1872,1584,1462,1155,0.15662650763988495,1296,1003,-7.284502047243506,72.42540163892242,"{""type"":""Point"",""coordinates"":[72.42541017876566,-7.284488230455718]}"
176,3588,3367,3312,2968,0.0629834234714508,2880,2242,-7.295951979898711,72.41590221828737,"{""type"":""Point"",""coordinates"":[72.4159235964598,-7.295932081799127]}"
178,4844,4786,4951,4457,0.035594504326581955,4207,3135,-7.311745596166124,72.3932304791824,"{""type"":""Point"",""coordinates"":[72.39327072494936,-7.311719889164522]}"
179,3345,3273,3365,2853,0.06856023520231247,2964,2312,-7.29601077076257,72.4200628655332,"{""type"":""Point"",""coordinates"":[72.42003306783694,-7.295981246792022]}"
180,889,582,369,229,0.4352651048088779,140,93,-7.312250174048124,72.37415027760298,"{""type"":""Point"",""coordinates"":[72.37415603150627,-7.312269123410979]}"
184,4971,4844,4724,4478,0.03926195949316025,3832,2759,-7.302739301256791,72.4139640745608,"{""type"":""Point"",""coordinates"":[72.41396725694717,-7.302758230749318]}"
187,2577,2595,1608,907,0.48201027984009137,906,681,-7.2802445810064205,72.37915577398951,"{""type"":""Point"",""coordinates"":[72.3791705945647,-7.280249504365828]}"
190,1510,1087,866,763,0.17513513565063477,642,478,-7.28575828232608,72.43834350781815,"{""type"":""Point"",""coordinates"":[72.43838242474776,-7.285769383873302]}"
192,1907,1451,981,794,0.29265034198760986,777,591,-7.281473618408365,72.38386784123524,"{""type"":""Point"",""coordinates"":[72.38389953354748,-7.281483628166508]}"
197,3725,3453,3395,3070,0.05871531367301941,2940,2204,-7.298586823837527,72.42568968205612,"{""type"":""Point"",""coordinates"":[72.4256934459274,-7.298566482354027]}"
198,4154,3758,3494,3663,0.012801509350538254,3230,2367,-7.305671236730709,72.4083789593542,"{""type"":""Point"",""coordinates"":[72.40836366620825,-7.305655732043717]}"
204,4272,4064,3909,3932,0.016508253291249275,3341,2398,-7.306475704413091,72.40947036707944,"{""type"":""Point"",""coordinates"":[72.40950839183091,-7.306444839108472]}"
205,2108,1771,1575,1458,0.09693403542041779,1097,655,-7.3070316653280925,72.39563683884023,"{""type"":""Point"",""coordinates"":[72.39564469905505,-7.307058129115621]}"
206,1009,654,360,210,0.5138888955116272,83,64,-7.3082967875127345,72.43128056957578,"{""type"":""Point"",""coordinates"":[72.43129092203533,-7.30829092653471]}"
207,1474,1129,963,707,0.2298474907875061,775,608,-7.290549125604747,72.42580937194147,"{""type"":""Point"",""coordinates"":[72.42578148456651,-7.290513139778281]}"
208,1957,1732,1613,1313,0.13760262727737427,1249,789,-7.278427914974411,72.44045800466033,"{""type"":""Point"",""coordinates"":[72.44042468530203,-7.278383546192905]}"
210,2028,1717,1693,1318,0.13146622478961945,1370,1023,-7.29388404944018,72.41471081438266,"{""type"":""Point"",""coordinates"":[72.41472831239601,-7.293871891217384]}"
211,1277,838,489,471,0.2803666889667511,230,150,-7.297195286336184,72.43056276108737,"{""type"":""Point"",""coordinates"":[72.43052758061307,-7.2972406822484555]}"
213,1360,977,686,535,0.29232802987098694,425,289,-7.285173958317437,72.39619539554292,"{""type"":""Point"",""coordinates"":[72.39616905996637,-7.285144084039992]}"
220,4219,3895,3732,3675,0.02906208671629429,3067,2203,-7.296664083300411,72.41726421596952,"{""type"":""Point"",""coordinates"":[72.41726173878068,-7.296682310796753]}"
221,1704,1305,1095,929,0.16830797493457794,887,670,-7.291783061656619,72.42979800618274,"{""type"":""Point"",""coordinates"":[72.42978283311662,-7.291797128336095]}"
223,2032,1954,2174,1498,0.13209733366966248,1878,1436,-7.2993831143274335,72.43971371130827,"{""type"":""Point"",""coordinates"":[72.4397365231811,-7.299339884179891]}"
225,1079,684,390,228,0.5,102,63,-7.307406227871132,72.42964584123867,"{""type"":""Point"",""coordinates"":[72.42968436289976,-7.307432219918021]}"
227,1581,1209,940,733,0.24510814249515533,726,516,-7.282232792146683,72.39101823309845,"{""type"":""Point"",""coordinates"":[72.39105747399272,-7.2822089883609635]}"
229,4476,4207,4333,3994,0.02597244270145893,3879,2903,-7.296985517442226,72.42251212953347,"{""type"":""Point"",""coordinates"":[72.42252924739438,-7.297022587330628]}"
230,2914,2872,2556,2405,0.08849725127220154,1442,813,-7.305263982046774,72.43822124606041,"{""type"":""Point"",""coordinates"":[72.438244370315,-7.30524811475873]}"
237,2430,2190,1599,1457,0.20098711269536607,1343,1011,-7.277366452363067,72.3775967473719,"{""type"":""Point"",""coordinates"":[72.37761930023343,-7.277402311744942]}"
238,1695,1392,968,875,0.22805469783855314,762,543,-7.2862584378468185,72.3719655753962,"{""type"":""Point"",""coordinates"":[72.3719923642922,-7.286233546375814]}"
239,1281,930,760,540,0.26530611515045166,581,467,-7.281779487974228,72.41525210978986,"{""type"":""Point"",""coordinates"":[72.41524447350079,-7.281824385278306]}"
244,1725,1356,1203,1065,0.12019826517967781,1102,844,-7.296312599709158,72.37999986171664,"{""type"":""Point"",""coordinates"":[72.37999930700781,-7.296276954931323]}"
245,4361,4251,4092,3825,0.05274888500571251,3610,2702,-7.304734734891672,72.41280349417073,"{""type"":""Point"",""coordinates"":[72.41284239897557,-7.304742304828302]}"
246,3765,3539,3454,3300,0.03494662791490555,3139,2433,-7.294761007470031,72.41815415188177,"{""type"":""Point"",""coordinates"":[72.41816504170401,-7.294783967547493]}"
247,1547,1167,940,805,0.1835699826478958,885,652,-7.299820068412763,72.38192552684168,"{""type"":""Point"",""coordinates"":[72.3818930036593,-7.299849919202391]}"
248,904,557,329,192,0.48731642961502075,79,46,-7.303743453726637,72.43631039520237,"{""type"":""Point"",""coordinates"":[72.43634627229142,-7.303781975171122]}"
251,1929,1635,1445,1371,0.08782435129740519,1309,1123,-7.294344950437014,72.3774526949471,"{""type"":""Point"",""coordinates"":[72.3774557227211,-7.294333638895813]}"
252,979,611,375,285,0.3638392984867096,150,92,-7.307460918530709,72.38659569095582,"{""type"":""Point"",""coordinates"":[72.38658495604459,-7.307451325197546]}"
254,1230,903,656,499,0.2881597578525543,409,264,-7.278984057141236,72.39072248653761,"{""type"":""Point"",""coordinates"":[72.39069477087304,-7.279000264163614]}"
257,1435,1079,881,721,0.1988888829946518,678,481,-7.2772690559844,72.40264732025038,"{""type"":""Point"",""coordinates"":[72.40261960076246,-7.277309414970022]}"
258,4365,4147,3827,3706,0.05615688115358353,2949,2037,-7.304291464393284,72.41171483174695,"{""type"":""Point"",""coordinates"":[72.4116946070621,-7.304308299830814]}"
262,954,619,429,249,0.42626728110599077,153,97,-7.304271209492412,72.37843168455281,"{""type"":""Point"",""coordinates"":[72.37840311525109,-7.3042856343797995]}"
265,1149,735,532,447,0.24365481734275818,266,217,-7.311979290242547,72.38617753791925,"{""type"":""Point"",""coordinates"":[72.38620294470738,-7.312013740957192]}"
266,1167,857,687,459,0.3024316132068634,414,312,-7.287034790734355,72.43672541029315,"{""type"":""Point"",""coordinates"":[72.43672705421888,-7.287035328426813]}"
267,2186,2482,2258,1786,0.1630740463733673,1790,1192,-7.299112920529846,72.43962120695367,"{""type"":""Point"",""coordinates"":[72.43958865208482,-7.299113435292016]}"
270,2983,3038,1829,1048,0.4870288670063019,916,664,-7.283753442726605,72.38090043763934,"{""type"":""Point"",""coordinates"":[72.38091782931308,-7.283746530437481]}"
274,1382,1188,1091,793,0.19939424097537994,752,557,-7.302705595006462,72.38248989385967,"{""type"":""Point"",""coordinates"":[72.3824743008794,-7.302731290471912]}"
275,1862,1480,1075,854,0.2682090699672699,856,637,-7.278154161929387,72.38094889144008,"{""type"":""Point"",""coordinates"":[72.38097033423632,-7.278119600096608]}"
279,965,615,398,258,0.40893471240997314,144,95,-7.296660490853945,72.4415016348969,"{""type"":""Point"",""coordinates"":[72.4414928842784,-7.29666309715571]}"
280,1212,851,557,406,0.3540174961090088,320,198,-7.291220564429537,72.39669318761999,"{""type"":""Point"",""coordinates"":[72.39671655333849,-7.291224004421032]}"
283,1450,1217,1013,836,0.1855820750121773,752,557,-7.291151561233612,72.36974114653826,"{""type"":""Point"",""coordinates"":[72.36975920854753,-7.291142444026624]}"
285,1251,865,551,391,0.37738853693008423,287,209,-7.2863722962454,72.39294861148191,"{""type"":""Point"",""coordinates"":[72.3929038683872,-7.286390290873048]}"
288,1982,1683,1518,1341,0.1130952388048172,1229,921,-7.2819311857948374,72.40711393530044,"{""type"":""Point"",""coordinates"":[72.40713404881036,-7.2819163797360655]}"
289,4133,4390,4516,3818,0.0696881115436554,3175,2061,-7.303535968373711,72.43983592292489,"{""type"":""Point"",""coordinates"":[72.43987015259198,-7.303532417743306]}"
292,2005,1482,1156,1149,0.12656784057617188,727,536,-7.293249235408464,72.41506775369191,"{""type"":""Point"",""coordinates"":[72.41510839934493,-7.293241145066838]}"
293,1507,1234,1011,836,0.19227053225040436,733,536,-7.302151582324378,72.38411370943079,"{""type"":""Point"",""coordinates"":[72.38415095120736,-7.302131845887103]}"
295,1974,1820,1526,1089,0.25128909945487976,919,652,-7.300937618256608,72.38944070897423,"{""type"":""Point"",""coordinates"":[72.38947556961645,-7.300956964692752]}"
297,4270,4036,4130,3774,0.03354673460125923,3474,2509,-7.306785876799843,72.43995124047393,"{""type"":""Point"",""coordinates"":[72.43993604523,-7.3067789237844725]}"
299,3334,3170,3341,2857,0.05193296819925308,3277,2856,-7.2798400309704725,72.40899730610604,"{""type"":""Point"",""coordinates"":[72.40899382324801,-7.27987355078549]}"
301,1363,983,788,593,0.2474619299173355,541,391,-7.286452199096633,72.43020958880551,"{""type"":""Point"",""coordinates"":[72.43020793626657,-7.286477315781501]}"
303,1596,1299,1153,895,0.18413856625556946,841,595,-7.27751569456754,72.42977985375302,"{""type"":""Point"",""coordinates"":[72.42976342941267,-7.277558554877762]}"
306,1480,1143,953,731,0.2198505869797225,761,548,-7.307193340598096,72.37411228458981,"{""type"":""Point"",""coordinates"":[72.37415628649721,-7.307164917897012]}"
309,2997,2683,2362,2399,0.055883511900901794,1953,1294,-7.29395509367048,72.40530564894217,"{""type"":""Point"",""coordinates"":[72.40526965864555,-7.29394978517264]}"
310,3776,3435,3412,3096,0.051906291395425797,2813,2033,-7.296426588888111,72.42476884536323,"{""type"":""Point"",""coordinates"":[72.4247428958207,-7.296444140752434]}"
315,1225,842,548,371,0.38829347491264343,285,194,-7.284395221467212,72.39166757644999,"{""type"":""Point"",""coordinates"":[72.39165299707051,-7.284402341798242]}"
316,4536,4269,4327,4109,0.01909763738512993,3694,2928,-7.3095797872746395,72.39303322426213,"{""type"":""Point"",""coordinates"":[72.3929997448579,-7.3096067908581785]}"
318,1829,1649,1546,1446,0.06558965891599655,1396,979,-7.301321736055562,72.39839740481783,"{""type"":""Point"",""coordinates"":[72.39836384516069,-7.301294709707556]}"
322,1437,1129,941,804,0.16813243925571442,673,463,-7.305115850702183,72.38621623967241,"{""type"":""Point"",""coordinates"":[72.38625865320368,-7.30508396921429]}"
324,970,606,378,232,0.4463007152080536,122,83,-7.29554796493908,72.4334442087317,"{""type"":""Point"",""coordinates"":[72.43346107357823,-7.295516652927737]}"
325,1508,1109,868,700,0.22609175741672516,510,326,-7.292668148691989,72.43215611888304,"{""type"":""Point"",""coordinates"":[72.43216449190764,-7.292652077267506]}"
326,4176,3860,3783,3593,0.035824500024318695,3185,2322,-7.298454255303698,72.41935792646393,"{""type"":""Point"",""coordinates"":[72.419328112634,-7.298479218987787]}"
327,2031,1686,1520,1282,0.13611860573291779,1295,1020,-7.283848115087342,72.41635302586522,"{""type"":""Point"",""coordinates"":[72.41635343706712,-7.28383220630048]}"
328,1300,941,687,504,0.3024221360683441,397,254,-7.2851698807376515,72.39673799839049,"{""type"":""Point"",""coordinates"":[72.3967581364492,-7.28517405343136]}"
330,2412,1903,1246,1008,0.30745449662208557,883,654,-7.304750293015644,72.42266167491006,"{""type"":""Point"",""coordinates"":[72.42264363983482,-7.304736205519362]}"
333,1343,908,632,542,0.2524137794971466,356,179,-7.30573545352607,72.43560211180277,"{""type"":""Point"",""coordinates"":[72.43561005813133,-7.305778911896896]}"
334,4223,3899,3766,3576,0.0432107038795948,3058,2155,-7.296947981985039,72.41554802222905,"{""type"":""Point"",""coordinates"":[72.41557741484935,-7.296936515423074]}"
336,1771,1327,1122,966,0.15743567049503326,929,694,-7.289163307155495,72.41802121235733,"{""type"":""Point"",""coordinates"":[72.41804877178319,-7.289167875601336]}"
337,3891,3462,3354,3202,0.03901560604572296,3058,2364,-7.297630620166658,72.42079869388641,"{""type"":""Point"",""coordinates"":[72.42079005533706,-7.297649418824319]}"
338,2248,2269,1664,1055,0.36522262334536704,1055,549,-7.288463930766978,72.3789460798261,"{""type"":""Point"",""coordinates"":[72.3789175870706,-7.288421460093267]}"
339,1793,1391,1028,808,0.2651205062866211,715,497,-7.2821668975296525,72.38776193454379,"{""type"":""Point"",""coordinates"":[72.38774186055774,-7.282207288541146]}"
340,1132,891,691,874,0.009631727822124958,1227,596,-7.296971924135606,72.38841596107866,"{""type"":""Point"",""coordinates"":[72.38845061024587,-7.296976141287207]}"
343,1442,1102,855,755,0.18686052773290254,810,571,-7.295632830850732,72.37429685879043,"{""type"":""Point"",""coordinates"":[72.37427144541087,-7.29567617191119]}"
345,2297,1925,1748,1586,0.09655369073152542,1495,1105,-7.281343353115146,72.40123105835713,"{""type"":""Point"",""coordinates"":[72.401272658684,-7.281340225525981]}"
347,2955,2654,2574,2350,0.06075139716267586,2281,1842,-7.3100449020690546,72.39122785132336,"{""type"":""Point"",""coordinates"":[72.39121942779406,-7.310023708438992]}"
348,1510,1166,979,790,0.1922290325164795,809,616,-7.279556311214474,72.4226510011289,"{""type"":""Point"",""coordinates"":[72.42262537253524,-7.2795434613321985]}"
350,1851,1374,1190,1062,0.12807881832122803,1309,1141,-7.290973904485727,72.40546397583903,"{""type"":""Point"",""coordinates"":[72.40547829261963,-7.290996878263]}"
351,1571,1210,977,832,0.18511264026165009,771,569,-7.278076634522597,72.41531450158169,"{""type"":""Point"",""coordinates"":[72.41532586018347,-7.278057993907394]}"
352,1600,1239,1070,832,0.19652341306209564,856,647,-7.289250866416341,72.41838362794982,"{""type"":""Point"",""coordinates"":[72.41840757042515,-7.289256551446778]}"
356,1524,1126,911,784,0.17905759811401367,782,596,-7.279408544000747,72.41830897237475,"{""type"":""Point"",""coordinates"":[72.418321834279,-7.279371534459056]}"
359,1150,798,573,474,0.25471698113207547,275,176,-7.3089056652774,72.37457737531267,"{""type"":""Point"",""coordinates"":[72.37456730838313,-7.308881995554053]}"
363,1438,1111,852,678,0.2420346587896347,740,568,-7.298357638150315,72.38426604321708,"{""type"":""Point"",""coordinates"":[72.38424028070196,-7.298313037438544]}"
365,3539,3022,2574,3001,0.0034866344649344683,2176,1518,-7.295877262551555,72.40188345775312,"{""type"":""Point"",""coordinates"":[72.40186365282173,-7.295896875054409]}"
366,3463,3403,3333,3216,0.028252001851797104,2853,2082,-7.299423426559464,72.3986543830935,"{""type"":""Point"",""coordinates"":[72.39866405955,-7.29938268917261]}"
370,1929,1498,1411,1164,0.12546956539154053,1179,1001,-7.286288350259852,72.43988495205652,"{""type"":""Point"",""coordinates"":[72.43990788727262,-7.28627937982388]}"
373,1354,1073,1029,671,0.2305045871559633,746,571,-7.300352132324497,72.37116671483702,"{""type"":""Point"",""coordinates"":[72.3712013022244,-7.300313317589197]}"
378,1237,867,605,554,0.22026741731175228,376,211,-7.308840416164704,72.37123038829327,"{""type"":""Point"",""coordinates"":[72.37127115623198,-7.308832263092928]}"
380,2338,1806,1281,1583,0.06580112129449844,1061,793,-7.29165738286001,72.41062417889967,"{""type"":""Point"",""coordinates"":[72.410627738271,-7.291651927056981]}"
381,1303,1059,948,599,0.27744270205066346,727,532,-7.299904007011476,72.37071113426965,"{""type"":""Point"",""coordinates"":[72.37073176196202,-7.299909237781655]}"
383,1820,1385,861,676,0.3440077602863312,586,397,-7.2842593683387316,72.385697549965,"{""type"":""Point"",""coordinates"":[72.38565535377167,-7.284255829097142]}"
384,904,582,385,238,0.41951218247413635,129,89,-7.307951130833824,72.38144404045889,"{""type"":""Point"",""coordinates"":[72.38148479323003,-7.30790682720919]}"
385,994,659,462,282,0.4006376266479492,244,176,-7.2957713361818275,72.43968609315272,"{""type"":""Point"",""coordinates"":[72.43965041061841,-7.295783619476536]}"
387,1819,1631,1301,875,0.3016759753227234,864,638,-7.2968191519150105,72.38470668081226,"{""type"":""Point"",""coordinates"":[72.38470930603977,-7.296825766229617]}"
391,1199,742,493,368,0.33693695068359375,207,185,-7.301794842984249,72.43132136133406,"{""type"":""Point"",""coordinates"":[72.43127854412411,-7.3018129809619365]}"
396,1246,989,870,618,0.23086496577473553,700,550,-7.293027626254966,72.37246847377943,"{""type"":""Point"",""coordinates"":[72.37250437014809,-7.293019990869889]}"
398,2716,2292,2032,1962,0.07757404446601868,1790,1396,-7.285112952777354,72.41627217736446,"{""type"":""Point"",""coordinates"":[72.41631034995682,-7.285141240577361]}"
400,2165,1866,1686,1443,0.12783318758010864,1401,1169,-7.2846678666601345,72.43923953674845,"{""type"":""Point"",""coordinates"":[72.43923816272898,-7.284678269352306]}"
401,979,613,365,210,0.4896719455718994,94,62,-7.30800523288232,72.43399154922825,"{""type"":""Point"",""coordinates"":[72.434003165056,-7.307967295072333]}"
402,1845,1553,1481,1192,0.1315118372440338,1331,1029,-7.27921885130502,72.40754562401209,"{""type"":""Point"",""coordinates"":[72.40758912570055,-7.279214203932276]}"
403,1923,1602,1520,1218,0.13617020845413208,1324,1058,-7.290741005016339,72.43621107374378,"{""type"":""Point"",""coordinates"":[72.43620738725019,-7.290763908854322]}"
406,943,663,426,337,0.32600000500679016,171,101,-7.309708884025486,72.38787886654555,"{""type"":""Point"",""coordinates"":[72.38785803865329,-7.309718630505602]}"
408,1894,1563,1424,1155,0.1501103788614273,1072,838,-7.302726078105855,72.43946797088746,"{""type"":""Point"",""coordinates"":[72.4394462257571,-7.302713966395973]}"
409,943,592,341,212,0.4726368188858032,101,54,-7.302133304992162,72.43430843247182,"{""type"":""Point"",""coordinates"":[72.43427751746874,-7.3021554679821765]}"
410,2155,1715,1100,897,0.3131699860095978,855,632,-7.280764073475167,72.38214416994094,"{""type"":""Point"",""coordinates"":[72.38213010045081,-7.280800601048721]}"
413,1453,1190,1026,770,0.21428571428571427,764,562,-7.29896989518501,72.3748645513282,"{""type"":""Point"",""coordinates"":[72.37483184183074,-7.29894563243862]}"
417,1375,957,707,635,0.2022613065326633,521,378,-7.305489811971007,72.37247147908828,"{""type"":""Point"",""coordinates"":[72.37249985496373,-7.305463640437861]}"
420,5515,5563,5905,5349,0.019611436873674393,3799,2081,-7.3050661420080765,72.44048070764696,"{""type"":""Point"",""coordinates"":[72.4405084635534,-7.305071222475175]}"
421,1176,830,651,439,0.308116614818573,393,325,-7.287393218295658,72.43708988743455,"{""type"":""Point"",""coordinates"":[72.43708790024667,-7.287424478391232]}"
427,1614,658,403,541,0.09758131951093674,149,99,-7.298658000585734,72.44006991612898,"{""type"":""Point"",""coordinates"":[72.44009927564123,-7.298618839356194]}"
428,2459,2242,1862,1160,0.3180482089519501,1657,1356,-7.3014252082066005,72.40861808452809,"{""type"":""Point"",""coordinates"":[72.4085823965846,-7.301389761985168]}"
433,2954,3000,1778,983,0.5064022093899071,911,653,-7.278729059832728,72.37652167782055,"{""type"":""Point"",""coordinates"":[72.37653215900971,-7.278770326063445]}"
438,1495,1185,996,817,0.18381617963314056,797,603,-7.2784268958319,72.41676412621057,"{""type"":""Point"",""coordinates"":[72.416753710086,-7.278435597572718]}"
439,1504,1158,918,825,0.16792738275340394,711,519,-7.300138388715726,72.37559687112075,"{""type"":""Point"",""coordinates"":[72.37556153102013,-7.3001685504749405]}"
440,904,566,335,192,0.49340370297431946,74,42,-7.303286465309152,72.43703041254446,"{""type"":""Point"",""coordinates"":[72.43704480377009,-7.303309388861925]}"
441,1444,1168,1041,851,0.1570084200099059,919,694,-7.301488157177224,72.37624011281126,"{""type"":""Point"",""coordinates"":[72.37624972059079,-7.301489368297635]}"
445,1965,1720,1618,1344,0.12271540611982346,1303,1040,-7.27985991593808,72.39434660043791,"{""type"":""Point"",""coordinates"":[72.39438980198997,-7.279823566111179]}"
446,3063,2691,2499,2460,0.04484565928578377,2312,1767,-7.292884477087301,72.40357919356907,"{""type"":""Point"",""coordinates"":[72.40360650709663,-7.292882990886814]}"
447,2501,2217,2084,1864,0.08649840950965881,1756,1264,-7.292556939412082,72.41108318961237,"{""type"":""Point"",""coordinates"":[72.41110385973597,-7.292590474143205]}"
454,3169,2935,2946,2621,0.05651547759771347,2678,2136,-7.290765076159632,72.43304597793905,"{""type"":""Point"",""coordinates"":[72.43301638079407,-7.29079832820604]}"
456,1442,1066,787,698,0.20861677825450897,494,341,-7.288249179300282,72.43139894558342,"{""type"":""Point"",""coordinates"":[72.43138466991009,-7.2882112809032]}"
457,3466,3203,3119,2785,0.06980627775192261,2557,1812,-7.299412685224604,72.41203956936786,"{""type"":""Point"",""coordinates"":[72.41199950275188,-7.299395429967238]}"
462,3940,3655,3557,3416,0.03380002826452255,2831,1949,-7.310014245385515,72.39529761089265,"{""type"":""Point"",""coordinates"":[72.39530986456252,-7.310057450405257]}"
464,1490,1174,938,829,0.17224163754368446,805,593,-7.2929312450672334,72.37328173547053,"{""type"":""Point"",""coordinates"":[72.37328257609808,-7.292919540272499]}"
465,3749,3661,3587,3478,0.02563384175300598,3159,2428,-7.297955481204958,72.40171829066341,"{""type"":""Point"",""coordinates"":[72.4016848873907,-7.297974134935686]}"
466,906,605,405,258,0.4020857512950897,148,95,-7.306851240262063,72.3836064314755,"{""type"":""Point"",""coordinates"":[72.38361226135986,-7.306863955121836]}"
468,2523,2456,1475,907,0.4606006541778174,802,591,-7.2777337294901825,72.376785544695,"{""type"":""Point"",""coordinates"":[72.37680505368542,-7.277760859950108]}"
470,3873,3616,2982,3182,0.0638423040509224,2740,2068,-7.307962125685083,72.41590303406007,"{""type"":""Point"",""coordinates"":[72.41593964033834,-7.307973609245799]}"
471,1210,814,528,385,0.35779815912246704,270,188,-7.283398539265701,72.39211227101106,"{""type"":""Point"",""coordinates"":[72.3920677240623,-7.2834008145813405]}"
472,1210,896,655,478,0.3042212426662445,302,197,-7.303470754396329,72.3888267045942,"{""type"":""Point"",""coordinates"":[72.38885219305277,-7.303473484061385]}"
473,1462,1144,921,724,0.22483940422534943,625,419,-7.280972287065255,72.4264600403707,"{""type"":""Point"",""coordinates"":[72.42642576515205,-7.281015564045957]}"
477,1343,1016,834,610,0.24969249963760376,592,423,-7.278254206842808,72.39171181785733,"{""type"":""Point"",""coordinates"":[72.391698745006,-7.278280441570101]}"
479,1869,1579,1341,1265,0.11040787623066103,1186,945,-7.296320049290062,72.37900504768494,"{""type"":""Point"",""coordinates"":[72.37897447521965,-7.296326698380936]}"
481,898,591,457,243,0.41726619005203247,163,126,-7.309225206320583,72.43978904203233,"{""type"":""Point"",""coordinates"":[72.4397735038348,-7.309220207747901]}"
484,1285,1070,1030,655,0.24057971014492754,774,558,-7.296291968427546,72.37068406756444,"{""type"":""Point"",""coordinates"":[72.3707161093433,-7.296285412478306]}"
485,1484,1158,921,780,0.19504643976688385,709,499,-7.300522794844729,72.38455366567952,"{""type"":""Point"",""coordinates"":[72.38454640039686,-7.3005601698101]}"
486,1407,967,660,574,0.25502920150756836,387,266,-7.2876825984192175,72.39883704681048,"{""type"":""Point"",""coordinates"":[72.39883104099724,-7.287723326926757]}"
488,1142,734,408,255,0.48432761430740356,113,71,-7.307140159301231,72.42901072742033,"{""type"":""Point"",""coordinates"":[72.42896635658047,-7.307107783366773]}"
489,954,611,343,195,0.5161290168762207,70,43,-7.310891913058754,72.4343753850594,"{""type"":""Point"",""coordinates"":[72.43438521088235,-7.310889084533236]}"
493,1886,1836,1254,881,0.3514906146485094,793,518,-7.28480687595495,72.372859123466,"{""type"":""Point"",""coordinates"":[72.37284218437713,-7.28482128798749]}"
494,1465,1121,927,767,0.1875,587,359,-7.277711702876862,72.40382633765257,"{""type"":""Point"",""coordinates"":[72.4038185264799,-7.277719652133289]}"
499,1272,878,549,379,0.39697691798210144,269,182,-7.2848677449254255,72.38886751027195,"{""type"":""Point"",""coordinates"":[72.38889630808332,-7.28486447851653]}"
501,1872,1471,1171,1059,0.16284584999084473,925,654,-7.2888540713730325,72.41114557624084,"{""type"":""Point"",""coordinates"":[72.41115982164965,-7.288832602916661]}"
503,1652,1244,1000,829,0.20019295811653137,792,587,-7.292394513346381,72.43251578093135,"{""type"":""Point"",""coordinates"":[72.4325053043351,-7.292431452075815]}"
506,1234,894,691,525,0.260042279958725,439,315,-7.2800480821242015,72.42925650274735,"{""type"":""Point"",""coordinates"":[72.42926298271625,-7.280012919711588]}"
507,1210,862,638,466,0.2981927692890167,392,274,-7.281069434010859,72.42555642471675,"{""type"":""Point"",""coordinates"":[72.42552311290704,-7.281061504829253]}"
508,2990,3071,1791,857,0.563645601272583,872,643,-7.2833841253108265,72.38198294661663,"{""type"":""Point"",""coordinates"":[72.38202001373804,-7.283369409438038]}"
509,4114,4200,4255,3635,0.0721123144030571,3733,2954,-7.300440090037501,72.41946346536821,"{""type"":""Point"",""coordinates"":[72.41945728824584,-7.300447536441686]}"
514,1756,1670,1633,1582,0.027060270309448242,1494,918,-7.290569490785262,72.38719203054109,"{""type"":""Point"",""coordinates"":[72.38722457262884,-7.290602227162653]}"
518,2112,1728,1420,1463,0.08304606706361642,1218,887,-7.293881266968023,72.379077177528,"{""type"":""Point"",""coordinates"":[72.37905879608375,-7.293853286633957]}"
519,1105,743,457,310,0.41120606660842896,188,112,-7.3109987530077625,72.4322056236777,"{""type"":""Point"",""coordinates"":[72.43216931756193,-7.310954409686652]}"
520,1339,939,789,576,0.23960396647453308,552,474,-7.28823475113333,72.4332979970535,"{""type"":""Point"",""coordinates"":[72.43329014292738,-7.288219008610183]}"
522,1502,1333,1025,873,0.2085222121486854,795,581,-7.286336589272058,72.3735941040402,"{""type"":""Point"",""coordinates"":[72.37357902501648,-7.2863242139078075]}"
523,4624,4446,4420,4416,0.0033852404449135065,4044,3122,-7.308883599510924,72.41346810638763,"{""type"":""Point"",""coordinates"":[72.4134900595642,-7.308866229843847]}"
525,1310,976,643,558,0.2724902331829071,353,264,-7.310459738604811,72.43183974037917,"{""type"":""Point"",""coordinates"":[72.43180298336759,-7.310444520778992]}"
526,4535,4321,4112,3913,0.04955064505338669,3394,2437,-7.304272978326239,72.41415660610272,"{""type"":""Point"",""coordinates"":[72.4141417353189,-7.304248026527234]}"
531,1764,1373,736,594,0.3960345685482025,393,253,-7.28865692352357,72.38934821459956,"{""type"":""Point"",""coordinates"":[72.38932590385096,-7.288696696371605]}"
534,5547,5252,5353,5147,0.010097124613821507,4431,3397,-7.312724698418866,72.40707583709411,"{""type"":""Point"",""coordinates"":[72.40707179146487,-7.3127685346388205]}"
535,1864,1462,1056,879,0.24903887510299683,848,640,-7.279497845257106,72.38240599014567,"{""type"":""Point"",""coordinates"":[72.38238482004675,-7.279523176176627]}"
542,3421,3592,2030,937,0.5862221121788025,893,666,-7.283931337229398,72.381263532414,"{""type"":""Point"",""coordinates"":[72.38129033835276,-7.283973703766475]}"
544,2238,1890,1660,1504,0.11373011022806168,1463,1110,-7.289039157858274,72.43438936439863,"{""type"":""Point"",""coordinates"":[72.43440934183023,-7.28903748496009]}"
545,2759,2477,1527,1288,0.3158034384250641,612,332,-7.310589279937367,72.42668558984356,"{""type"":""Point"",""coordinates"":[72.42666526521529,-7.310628931362105]}"
546,2183,2137,1448,1079,0.3289800995024876,958,694,-7.284441623500038,72.37339903524597,"{""type"":""Point"",""coordinates"":[72.37342929521225,-7.284400256579374]}"
547,3358,3222,3063,2906,0.051566578447818756,2822,2187,-7.307489381143082,72.4187031267517,"{""type"":""Point"",""coordinates"":[72.41873147235322,-7.3075087403469325]}"
548,4106,3957,3729,3671,0.037493444979190826,2931,1925,-7.311531588505061,72.39766063512334,"{""type"":""Point"",""coordinates"":[72.39764977415315,-7.31156328436703]}"
550,4035,3867,3908,3667,0.02654632367193699,3522,2670,-7.29544757527603,72.39898610853534,"{""type"":""Point"",""coordinates"":[72.39901003814279,-7.295485558744858]}"
553,2001,1318,964,1020,0.1274593621492386,808,662,-7.292332462405816,72.40493161476972,"{""type"":""Point"",""coordinates"":[72.40494679303355,-7.292370207447745]}"
555,1368,1068,903,625,0.2616656720638275,676,524,-7.297919024775035,72.38254433198315,"{""type"":""Point"",""coordinates"":[72.38252413633766,-7.297890626383026]}"
557,1021,679,461,306,0.37868019938468933,216,152,-7.293511907371303,72.43994013303983,"{""type"":""Point"",""coordinates"":[72.43993405488148,-7.293512626641498]}"
558,2368,2185,2143,1935,0.060679610818624496,1896,1548,-7.305979405463061,72.39146848950102,"{""type"":""Point"",""coordinates"":[72.39149663001136,-7.30599109694443]}"
561,1264,915,747,527,0.26907074451446533,561,441,-7.281295068944366,72.43152686268748,"{""type"":""Point"",""coordinates"":[72.4315341817148,-7.281314034543603]}"
567,2061,1769,1487,1357,0.13179782032966614,1128,811,-7.282311952467519,72.44030677193197,"{""type"":""Point"",""coordinates"":[72.44028546296002,-7.2823415439163055]}"
569,1447,1146,1003,802,0.17659138143062592,806,593,-7.3034123836734866,72.38457541967628,"{""type"":""Point"",""coordinates"":[72.38457059484894,-7.303444510983948]}"
571,1482,1077,729,554,0.32066217064857483,475,353,-7.285484917359407,72.39086182279955,"{""type"":""Point"",""coordinates"":[72.39082288267717,-7.2855045818121]}"
574,1372,996,795,631,0.22433927655220032,586,473,-7.282427982546091,72.42502413322238,"{""type"":""Point"",""coordinates"":[72.42506728660565,-7.282465255188318]}"
587,3492,3294,2747,2528,0.13156990706920624,2282,1765,-7.30404109700457,72.40899968691554,"{""type"":""Point"",""coordinates"":[72.40896008425982,-7.304033782927231]}"
588,913,589,388,253,0.39904987812042236,152,95,-7.307635399356332,72.38741100533463,"{""type"":""Point"",""coordinates"":[72.38744386108026,-7.307640699842637]}"
590,1467,1233,1110,869,0.1731684110371075,822,583,-7.300769815320679,72.37569205511784,"{""type"":""Point"",""coordinates"":[72.37572763987106,-7.300783875694319]}"
592,1207,868,649,482,0.2859259247779846,469,383,-7.280318874896046,72.3933552350974,"{""type"":""Point"",""coordinates"":[72.3933812953474,-7.2802854587700105]}"
594,2026,1621,1387,1258,0.12608544528484344,1089,819,-7.287810227156028,72.41783006910605,"{""type"":""Point"",""coordinates"":[72.41779730873246,-7.28779503545025]}"
598,4598,4327,4090,4006,0.03852153941988945,3542,2514,-7.303645693871265,72.41351875342393,"{""type"":""Point"",""coordinates"":[72.41353288545822,-7.303621674371687]}"
599,1042,689,483,350,0.3262752646775746,236,137,-7.3089763131332495,72.37720082897597,"{""type"":""Point"",""coordinates"":[72.37719315068476,-7.3089671769270605]}"
601,1720,1388,1215,1115,0.10906911641359329,917,621,-7.308436531980224,72.38895460136371,"{""type"":""Point"",""coordinates"":[72.38897647203339,-7.308418524031934]}"
602,1584,1292,972,814,0.22697055339813232,819,626,-7.299971494951939,72.38581571756193,"{""type"":""Point"",""coordinates"":[72.38579745582986,-7.299982269393807]}"
603,1530,1132,947,791,0.17732709646224976,733,537,-7.285207959720233,72.42757747329533,"{""type"":""Point"",""coordinates"":[72.42762280918609,-7.285232584461971]}"
605,1568,1230,1057,867,0.1731044352054596,863,658,-7.283181717812815,72.40893213665878,"{""type"":""Point"",""coordinates"":[72.40893812678394,-7.283172727139443]}"
607,3649,3488,3199,3259,0.033941011875867844,2824,2069,-7.307492125495378,72.41834138194149,"{""type"":""Point"",""coordinates"":[72.41838458836551,-7.307502779544028]}"
608,1689,1280,952,1002,0.12182296067476273,750,621,-7.31117271384058,72.3853574482328,"{""type"":""Point"",""coordinates"":[72.38534192352537,-7.311157490984401]}"
613,1486,1183,1001,785,0.20223577320575714,810,642,-7.282027827697131,72.41823839363971,"{""type"":""Point"",""coordinates"":[72.4182272196865,-7.282011705129473]}"
615,1769,1387,1061,1118,0.10738523304462433,794,589,-7.312513605129233,72.3871764669853,"{""type"":""Point"",""coordinates"":[72.38719028334785,-7.312512081197465]}"
617,1610,1251,1044,866,0.18186111748218536,846,642,-7.285628059018373,72.41980312755673,"{""type"":""Point"",""coordinates"":[72.41980546797951,-7.285625345739671]}"
619,961,668,403,309,0.36745136976242065,138,73,-7.309186803446071,72.3852520322065,"{""type"":""Point"",""coordinates"":[72.38522262634712,-7.309169127700667]}"
620,1374,989,723,560,0.276952862739563,441,295,-7.283030557017857,72.39301389025263,"{""type"":""Point"",""coordinates"":[72.3929779129559,-7.283045029045123]}"
621,2179,1796,1585,1406,0.12179887294769287,1293,1031,-7.288732234470814,72.42724254052783,"{""type"":""Point"",""coordinates"":[72.42722380916165,-7.2887423071458555]}"
622,1183,833,620,458,0.29047250747680664,382,266,-7.278879724251761,72.42852414072937,"{""type"":""Point"",""coordinates"":[72.42855593574461,-7.27886797734404]}"
623,1471,1159,1011,893,0.12962962962962962,729,533,-7.3030205555205185,72.37661339880592,"{""type"":""Point"",""coordinates"":[72.37665619134613,-7.303021782804244]}"
625,3401,3007,2836,2654,0.06235647574067116,2623,2119,-7.29948840805153,72.42587742771214,"{""type"":""Point"",""coordinates"":[72.42587819886222,-7.29947502710084]}"
627,2233,1998,1970,1518,0.13651877641677856,1632,1290,-7.29313567017325,72.41814180769907,"{""type"":""Point"",""coordinates"":[72.41816427433285,-7.293128983445448]}"
629,1177,852,612,419,0.3406766355037689,375,266,-7.278361450645341,72.38945167197123,"{""type"":""Point"",""coordinates"":[72.38947874552376,-7.278334404612777]}"
630,1623,1238,1038,836,0.19382834434509277,813,607,-7.291261885793685,72.42708091888866,"{""type"":""Point"",""coordinates"":[72.42709996960603,-7.291235657942152]}"
633,1943,1657,1433,1398,0.0847790539264679,1112,686,-7.306840844503352,72.39699204643968,"{""type"":""Point"",""coordinates"":[72.39696295941441,-7.306854375448059]}"
635,919,644,430,285,0.3864370286464691,158,100,-7.307918532533405,72.38578514067412,"{""type"":""Point"",""coordinates"":[72.38579091447497,-7.307953766682509]}"
640,3951,4034,4158,3599,0.056989386677742004,3430,2636,-7.311929600680962,72.39277964660839,"{""type"":""Point"",""coordinates"":[72.39277238751002,-7.311916021078593]}"
642,1817,1320,927,1058,0.11017661541700363,662,400,-7.307928516592077,72.39645761014411,"{""type"":""Point"",""coordinates"":[72.39647863714873,-7.307914232660583]}"
644,2531,2277,2233,1942,0.07940270006656647,2260,1874,-7.291132443078177,72.43223484772521,"{""type"":""Point"",""coordinates"":[72.43223468416465,-7.291093062773949]}"
648,3569,3234,3002,2834,0.06591957807540894,2378,1652,-7.300953740593591,72.42317540519159,"{""type"":""Point"",""coordinates"":[72.42313177662055,-7.300949136591043]}"
658,1589,1264,1027,843,0.19981016218662262,901,745,-7.282196141178466,72.39590164202028,"{""type"":""Point"",""coordinates"":[72.39592946664538,-7.282164920821054]}"
659,4789,4520,4567,4351,0.01905084028840065,3848,2895,-7.309880966469769,72.40099456095568,"{""type"":""Point"",""coordinates"":[72.40101548096499,-7.309865003043076]}"
660,1581,1180,1004,823,0.17823265492916107,849,628,-7.279076726883071,72.41441771449144,"{""type"":""Point"",""coordinates"":[72.4144428556136,-7.279089336743832]}"
661,1511,1190,1080,829,0.17880138754844666,1020,778,-7.281411194820966,72.40421601094477,"{""type"":""Point"",""coordinates"":[72.40419890321348,-7.281377529034457]}"
662,1313,957,807,591,0.23643410205841064,524,330,-7.287149148390004,72.43356103044385,"{""type"":""Point"",""coordinates"":[72.43352255458025,-7.287111680360972]}"
663,1587,1171,910,876,0.14411333203315735,819,621,-7.2999965995398535,72.38246951377539,"{""type"":""Point"",""coordinates"":[72.38247723495337,-7.300006591315695]}"
666,4030,3886,3483,3541,0.04645213484764099,3045,2325,-7.30788074026442,72.4147266717987,"{""type"":""Point"",""coordinates"":[72.41475134182984,-7.307921546553096]}"
667,1197,963,855,915,0.02555910497903824,981,546,-7.296683364704413,72.39076527671419,"{""type"":""Point"",""coordinates"":[72.39078315718977,-7.2966794457105975]}"
671,1823,1491,1068,945,0.22413793206214905,830,603,-7.298703907517263,72.38625838768036,"{""type"":""Point"",""coordinates"":[72.38628543138465,-7.2987286228760215]}"
672,3256,2823,2577,2649,0.03179824724793434,2346,1730,-7.2947500284611655,72.4076631026326,"{""type"":""Point"",""coordinates"":[72.40764734682246,-7.294779524175766]}"
674,1151,776,543,384,0.3379310369491577,296,211,-7.293073523359103,72.43821848696172,"{""type"":""Point"",""coordinates"":[72.43825153168872,-7.29311274953877]}"
675,1591,1228,906,653,0.3056884706020355,648,487,-7.284585317964323,72.39040285681354,"{""type"":""Point"",""coordinates"":[72.3903789474079,-7.284553254604246]}"
676,1546,1246,1098,831,0.19980742037296295,775,580,-7.300877205885311,72.38546076483493,"{""type"":""Point"",""coordinates"":[72.38546880226764,-7.300907473076115]}"
680,4553,4373,4423,4139,0.02749060094356537,3780,2725,-7.29885242861859,72.41447720316145,"{""type"":""Point"",""coordinates"":[72.41443287076477,-7.298885977627385]}"
681,1595,1396,1097,902,0.21496954560279846,967,835,-7.30163213708917,72.42896870112263,"{""type"":""Point"",""coordinates"":[72.42898268757673,-7.3016210026089405]}"
682,1979,1562,1255,1171,0.14306622743606567,1064,741,-7.2863796214949845,72.40398222361053,"{""type"":""Point"",""coordinates"":[72.40401684422731,-7.286398211504622]}"
683,1830,1548,1386,1137,0.15307262539863586,1070,809,-7.290385329406243,72.4354848684628,"{""type"":""Point"",""coordinates"":[72.43547530488144,-7.2903857537017025]}"
684,1872,1450,1214,1112,0.13192817568778992,970,706,-7.280618601325854,72.41352502504164,"{""type"":""Point"",""coordinates"":[72.41354196260185,-7.280655947373454]}"
687,4322,4103,4038,3854,0.03129320219159126,3338,2284,-7.299769768767869,72.41258492120575,"{""type"":""Point"",""coordinates"":[72.4125951013483,-7.299814330329993]}"
689,3041,2964,2171,1642,0.28701692819595337,1592,1147,-7.302241302534166,72.40817206562892,"{""type"":""Point"",""coordinates"":[72.40815339583166,-7.302283659856876]}"
690,1413,1097,954,698,0.22228412330150604,729,600,-7.278859023399133,72.40736203199967,"{""type"":""Point"",""coordinates"":[72.40736107010254,-7.278901603695093]}"
691,988,643,425,290,0.3783494234085083,268,306,-7.300922257835397,72.43918285593922,"{""type"":""Point"",""coordinates"":[72.43915677341026,-7.300964443161073]}"
692,3416,2613,2090,2507,0.02070312574505806,2075,1718,-7.295449866468523,72.41065291721557,"{""type"":""Point"",""coordinates"":[72.41066612397049,-7.295483194249212]}"
693,3874,3700,3768,3444,0.03583426773548126,3515,2656,-7.298341428194126,72.41040351801448,"{""type"":""Point"",""coordinates"":[72.41042698294348,-7.298345508035147]}"
694,981,613,371,240,0.43728017807006836,105,57,-7.302943204062294,72.43467637617525,"{""type"":""Point"",""coordinates"":[72.43471391741099,-7.30297320496458]}"
695,4324,4206,3549,2966,0.17289459705352783,3043,2367,-7.304435072339002,72.4165997470396,"{""type"":""Point"",""coordinates"":[72.41661267684019,-7.304462336785613]}"
697,2313,2001,1805,1664,0.09195088595151901,1309,793,-7.308105022949926,72.39700160601255,"{""type"":""Point"",""coordinates"":[72.39697680454218,-7.308147271338074]}"
703,1395,1033,807,674,0.21031048893928528,531,348,-7.281870172367578,72.40322466303306,"{""type"":""Point"",""coordinates"":[72.40323496039109,-7.281866447348121]}"
704,1048,690,445,259,0.45416226983070374,196,160,-7.308924032079174,72.43191844504307,"{""type"":""Point"",""coordinates"":[72.43190563107561,-7.30891109027721]}"
706,1338,1121,929,628,0.2818753719329834,708,609,-7.292283048923181,72.39950485055212,"{""type"":""Point"",""coordinates"":[72.39946203412441,-7.292320066713951]}"
707,1469,1165,642,396,0.4926329255104065,204,129,-7.309680819506087,72.42740218611063,"{""type"":""Point"",""coordinates"":[72.4274304505392,-7.309678974260074]}"
708,1506,1135,872,650,0.2717086970806122,757,587,-7.289480687717373,72.41187382977034,"{""type"":""Point"",""coordinates"":[72.41187356125238,-7.289477938534596]}"
709,940,593,385,228,0.4445797801017761,120,83,-7.2970478639973475,72.43806797893993,"{""type"":""Point"",""coordinates"":[72.43804700503465,-7.297019614716064]}"
710,1622,1382,935,742,0.3013182674199623,790,574,-7.285717981942369,72.37178064822366,"{""type"":""Point"",""coordinates"":[72.37181193570335,-7.285728096305568]}"
714,891,557,328,194,0.4833555221557617,71,38,-7.310682345456145,72.4381722804126,"{""type"":""Point"",""coordinates"":[72.43813484608673,-7.310703707489159]}"
716,1849,1527,1242,1089,0.16743119060993195,991,826,-7.2873132404231615,72.39991952913861,"{""type"":""Point"",""coordinates"":[72.39992361540948,-7.287279343905189]}"
718,974,647,439,277,0.4004329004329004,176,120,-7.303448340324842,72.3797821623714,"{""type"":""Point"",""coordinates"":[72.37981987701637,-7.303464855738775]}"
719,1642,1347,1192,928,0.18417581915855408,1160,952,-7.281213107869524,72.41850352476354,"{""type"":""Point"",""coordinates"":[72.41851746486739,-7.281233165882591]}"
720,3643,3157,2935,2938,0.035931091755628586,2325,1574,-7.309562752328697,72.39529419737401,"{""type"":""Point"",""coordinates"":[72.39525156558895,-7.309566910668862]}"
721,885,575,384,240,0.4110429447852761,140,94,-7.312163261351262,72.3736973921838,"{""type"":""Point"",""coordinates"":[72.37369056680976,-7.312177200802998]}"
723,1344,1081,966,712,0.20580033463469047,733,536,-7.3045617581535645,72.37581097499533,"{""type"":""Point"",""coordinates"":[72.37582847006139,-7.304606298012965]}"
724,3373,3089,2750,2948,0.02335597202181816,2341,1542,-7.305966738002068,72.40512528190527,"{""type"":""Point"",""coordinates"":[72.40516631075994,-7.306009701244041]}"
726,2126,1938,1499,1600,0.09553419798612595,1238,835,-7.3047880853729215,72.4057494448274,"{""type"":""Point"",""coordinates"":[72.40577769815381,-7.3047861182860325]}"
730,1396,1087,936,739,0.19058050215244293,777,569,-7.300541789534664,72.38202139802155,"{""type"":""Point"",""coordinates"":[72.38198349297176,-7.300540681673251]}"
733,4865,4690,4750,4448,0.02648281864821911,3940,2817,-7.299367499554377,72.41800827318684,"{""type"":""Point"",""coordinates"":[72.41799974274986,-7.299374850924429]}"
734,1677,1451,1363,1123,0.12742812742812742,1268,972,-7.296603812670755,72.37728876359114,"{""type"":""Point"",""coordinates"":[72.37730272028301,-7.296596713537174]}"
735,1063,750,554,404,0.2998266816139221,313,200,-7.308448093589654,72.38741713394035,"{""type"":""Point"",""coordinates"":[72.3874278970013,-7.3084314781330715]}"
740,956,654,479,324,0.3374233128834356,268,172,-7.312234583743228,72.37623042623171,"{""type"":""Point"",""coordinates"":[72.37620515762077,-7.312267802547025]}"
742,1793,1676,1052,568,0.4937611520290375,381,238,-7.298957829561322,72.38852136301502,"{""type"":""Point"",""coordinates"":[72.38850182422271,-7.298918139537914]}"
745,4226,3922,4043,3652,0.035648271441459656,3613,2842,-7.2962713774545875,72.42142143075291,"{""type"":""Point"",""coordinates"":[72.42138826459858,-7.296248369912991]}"
746,1161,776,558,387,0.33447977900505066,292,200,-7.293029329455117,72.43215887284488,"{""type"":""Point"",""coordinates"":[72.4321556644243,-7.292996198662618]}"
747,1791,1602,1399,1531,0.022661985829472542,1059,728,-7.293010967903406,72.38675819251196,"{""type"":""Point"",""coordinates"":[72.38673622490937,-7.293003530559289]}"
748,1274,936,734,553,0.2572196125984192,515,379,-7.280879251214312,72.41488354494757,"{""type"":""Point"",""coordinates"":[72.41491501418058,-7.2809018263940315]}"
749,4220,3970,4011,3653,0.04158467799425125,2886,1856,-7.304352068217135,72.43938997492396,"{""type"":""Point"",""coordinates"":[72.43937448616721,-7.304380539647562]}"
759,1350,971,838,691,0.16847172379493713,748,550,-7.2981057258329,72.38173175029841,"{""type"":""Point"",""coordinates"":[72.38169565808306,-7.298105944806099]}"
763,1391,1092,911,719,0.20596355604638322,785,584,-7.293101033133056,72.37473008905205,"{""type"":""Point"",""coordinates"":[72.37475317479564,-7.29305883771307]}"
764,1662,1400,1244,970,0.18143460154533386,940,753,-7.280955716914982,72.39272695904867,"{""type"":""Point"",""coordinates"":[72.3927285795287,-7.280958939102864]}"
769,1118,708,504,320,0.3774318993091583,245,194,-7.2952163488183475,72.42955285528545,"{""type"":""Point"",""coordinates"":[72.4295612748165,-7.29522225939992]}"
771,989,628,354,206,0.5059952139854431,81,51,-7.311619788960565,72.43365742613422,"{""type"":""Point"",""coordinates"":[72.43368358790906,-7.311609292368262]}"
772,3101,2791,2607,2307,0.09493919461965561,2142,1702,-7.30091527334467,72.42823972051178,"{""type"":""Point"",""coordinates"":[72.42827540145329,-7.30094750661804]}"
777,1701,1340,1002,920,0.18584071099758148,758,562,-7.288409412775048,72.41023782571726,"{""type"":""Point"",""coordinates"":[72.41022321999851,-7.2883953070862955]}"
781,1856,1587,1234,968,0.24227005243301392,936,694,-7.298887221680686,72.38589799723695,"{""type"":""Point"",""coordinates"":[72.38587161169431,-7.2988520571606585]}"
784,1580,1257,1016,923,0.15321100917431194,789,572,-7.2984064345062505,72.3777545135164,"{""type"":""Point"",""coordinates"":[72.37777266816798,-7.298405841457352]}"
785,3961,3415,3078,3316,0.014708067290484905,2799,2074,-7.2959033358941205,72.4223230197345,"{""type"":""Point"",""coordinates"":[72.42236572191374,-7.295879525330786]}"
789,996,662,449,291,0.38929695697796435,180,114,-7.30200353877698,72.3797712996019,"{""type"":""Point"",""coordinates"":[72.37977289854389,-7.3020195507355385]}"
790,3433,3546,1904,941,0.5805660797860486,884,647,-7.279533661882767,72.37761297635474,"{""type"":""Point"",""coordinates"":[72.37760003920117,-7.279525003346869]}"
795,3003,2628,2322,2355,0.05478627234697342,1720,1044,-7.3074640691834265,72.39817252234154,"{""type"":""Point"",""coordinates"":[72.39816438200484,-7.307493986821067]}"
796,1515,1198,1015,853,0.1682106289614822,818,588,-7.299413954421367,72.37586276451052,"{""type"":""Point"",""coordinates"":[72.37588703896172,-7.299425027210596]}"
797,1595,1231,1029,842,0.18765075504779816,882,654,-7.282462282094949,72.39653671573983,"{""type"":""Point"",""coordinates"":[72.39656267484648,-7.282479266833932]}"
802,1235,839,525,344,0.4184277355670929,286,258,-7.304071490024117,72.42880642985376,"{""type"":""Point"",""coordinates"":[72.42878451997285,-7.304042283120318]}"
803,1427,1003,629,481,0.35175201296806335,337,232,-7.285497805711235,72.38914356766323,"{""type"":""Point"",""coordinates"":[72.38912754887605,-7.2855083229361615]}"
805,1413,1073,865,704,0.20765334367752075,613,428,-7.281037217879732,72.42980663593293,"{""type"":""Point"",""coordinates"":[72.42979974938126,-7.281024906507862]}"
807,982,675,485,351,0.31578946113586426,250,147,-7.3083543943432705,72.3878686494194,"{""type"":""Point"",""coordinates"":[72.38783001051492,-7.308349045487805]}"
808,1347,1090,1033,707,0.21313299238681793,837,589,-7.300256645690895,72.38391856079514,"{""type"":""Point"",""coordinates"":[72.3839560388927,-7.300228245655475]}"
809,1148,842,639,450,0.30340557275541796,366,278,-7.307997240494849,72.37529411447001,"{""type"":""Point"",""coordinates"":[72.37527365589634,-7.307986127237356]}"
810,1554,1250,908,774,0.23517786561264822,778,556,-7.287420198129108,72.37360221840291,"{""type"":""Point"",""coordinates"":[72.3735962424264,-7.2874069918019275]}"
812,1826,1418,1062,839,0.25653523206710815,858,624,-7.284052339036568,72.38922313617357,"{""type"":""Point"",""coordinates"":[72.38921050777755,-7.284062240315997]}"
813,1978,1585,1360,1194,0.14069809019565582,1064,803,-7.287826533582695,72.42759739546644,"{""type"":""Point"",""coordinates"":[72.42761548362678,-7.287821500166415]}"
815,1830,1651,1500,1596,0.0169387124478817,1552,1173,-7.293681749518135,72.39363677244155,"{""type"":""Point"",""coordinates"":[72.39367468266039,-7.293671369112457]}"
818,1516,1185,960,789,0.20060789585113525,716,546,-7.281589067191974,72.40457910394672,"{""type"":""Point"",""coordinates"":[72.40459885932738,-7.281579178986828]}"
819,916,566,332,186,0.5053191781044006,71,42,-7.308430501959382,72.43743152168814,"{""type"":""Point"",""coordinates"":[72.43747502327726,-7.308453335994165]}"
820,1434,1022,615,771,0.13998883962631226,409,297,-7.305605957754103,72.3930936527712,"{""type"":""Point"",""coordinates"":[72.39313560720845,-7.305639450188472]}"
821,1454,1127,960,822,0.15649050795279631,747,542,-7.3003311695851485,72.37397032686067,"{""type"":""Point"",""coordinates"":[72.37398194713597,-7.300341760840964]}"
823,2509,1797,1390,1580,0.06425821781158447,1004,671,-7.294143992362178,72.41615981074183,"{""type"":""Point"",""coordinates"":[72.41613052744037,-7.294166643706253]}"
825,1699,1529,1522,1079,0.17254601418972015,1351,1152,-7.280710263476763,72.41334484602287,"{""type"":""Point"",""coordinates"":[72.41335502183428,-7.280755138888876]}"
826,4677,4510,4443,4377,0.014965680427849293,3818,2801,-7.30681635903697,72.41218621204217,"{""type"":""Point"",""coordinates"":[72.4122254616084,-7.306824776053292]}"
828,2438,2082,1903,1775,0.07959554344415665,1848,1587,-7.287993615153655,72.44125450528632,"{""type"":""Point"",""coordinates"":[72.44126344436245,-7.288016015934366]}"
830,1890,1530,1215,1160,0.13754646480083466,832,577,-7.286853582478927,72.40100132693946,"{""type"":""Point"",""coordinates"":[72.40101308703348,-7.28687778220449]}"
836,2029,1600,1342,1276,0.11265646666288376,1064,755,-7.290007636294565,72.43765245626794,"{""type"":""Point"",""coordinates"":[72.43768341339423,-7.290040765733794]}"
838,1519,1080,651,690,0.22033898532390594,378,224,-7.289340610098269,72.39450845029644,"{""type"":""Point"",""coordinates"":[72.39453197350227,-7.289337128902523]}"
840,1555,1134,893,805,0.1696750968694687,679,478,-7.283597719459243,72.41363802033865,"{""type"":""Point"",""coordinates"":[72.4136558553473,-7.283586798642633]}"
841,1727,1319,1130,951,0.16211453080177307,959,718,-7.29007311533507,72.41712373793598,"{""type"":""Point"",""coordinates"":[72.41715621269479,-7.2900515580097025]}"
842,3621,3547,3490,3455,0.013139103539288044,3099,2496,-7.308488921211597,72.40595838485248,"{""type"":""Point"",""coordinates"":[72.40593984143342,-7.308514747655994]}"
843,1230,900,618,559,0.2337217272104181,425,297,-7.310040246011837,72.37983175176649,"{""type"":""Point"",""coordinates"":[72.37987661529962,-7.3100622343054775]}"
845,1062,711,487,309,0.39411765336990356,190,124,-7.295667138756582,72.42964672914037,"{""type"":""Point"",""coordinates"":[72.42966991032503,-7.295625502827325]}"
848,1133,752,547,371,0.33926981687545776,280,196,-7.282859586902572,72.4276500486842,"{""type"":""Point"",""coordinates"":[72.42765226131549,-7.282896395258916]}"
849,3904,3748,3127,3014,0.10854776948690414,2522,1827,-7.306406510205035,72.41860444517168,"{""type"":""Point"",""coordinates"":[72.41860845709263,-7.306413193422926]}"
850,2663,2377,2326,2037,0.07702764123678207,2239,1843,-7.2782727600375186,72.43711077602245,"{""type"":""Point"",""coordinates"":[72.43713255073267,-7.278251379310883]}"
851,2555,2478,1306,642,0.5884615182876587,570,390,-7.285640947593781,72.38209032324762,"{""type"":""Point"",""coordinates"":[72.382046432346,-7.285627565457295]}"
854,3121,2681,2480,2408,0.053645115345716476,2127,1743,-7.298747493250281,72.42831363316527,"{""type"":""Point"",""coordinates"":[72.4283306411584,-7.298725838873058]}"
855,989,662,435,326,0.34008097648620605,168,103,-7.309127744840485,72.38109111773385,"{""type"":""Point"",""coordinates"":[72.38105703261047,-7.309158566248769]}"
858,1176,815,595,498,0.2414318323135376,280,169,-7.305837567086458,72.38631212238731,"{""type"":""Point"",""coordinates"":[72.38635100133665,-7.305824341815557]}"
859,1609,1308,1237,925,0.17151813209056854,1061,859,-7.2810318311787245,72.41859258637304,"{""type"":""Point"",""coordinates"":[72.41861443125974,-7.280989579181343]}"
860,1414,1040,921,657,0.22569239139556885,617,449,-7.288781332362378,72.43266910939691,"{""type"":""Point"",""coordinates"":[72.43263859673912,-7.2888160605058765]}"
862,4066,3872,3860,3683,0.02501654624938965,3333,2446,-7.294604909912688,72.40295912232317,"{""type"":""Point"",""coordinates"":[72.40297166159937,-7.294574396735385]}"
864,3533,3264,3051,2833,0.07069050520658493,2545,1793,-7.299602170533519,72.41086528082585,"{""type"":""Point"",""coordinates"":[72.410847092452,-7.299621186966006]}"
867,4621,4432,4155,3958,0.056495826691389084,4025,3244,-7.302242588098003,72.41992937566674,"{""type"":""Point"",""coordinates"":[72.41990618516424,-7.302259631913668]}"
870,1345,1108,1028,691,0.23179544191217344,749,540,-7.300258451541044,72.3716182338248,"{""type"":""Point"",""coordinates"":[72.37160389033787,-7.300269003014405]}"
871,1066,764,581,395,0.3183779119930975,328,242,-7.306809783226846,72.37709409565215,"{""type"":""Point"",""coordinates"":[72.3770616122731,-7.306843209625548]}"
874,2047,1507,1109,895,0.2547876834869385,861,633,-7.301670616270379,72.42390438161979,"{""type"":""Point"",""coordinates"":[72.42386392397047,-7.301689970603841]}"
875,1137,786,540,370,0.3598615825176239,273,184,-7.284194258798732,72.3943792354631,"{""type"":""Point"",""coordinates"":[72.39433820529976,-7.28415732453095]}"
876,1243,1077,911,837,0.1253918558359146,761,476,-7.293166453785575,72.39010568965763,"{""type"":""Point"",""coordinates"":[72.39008389359275,-7.293142310224728]}"
878,1226,954,633,460,0.3493635058403015,251,165,-7.302193648429101,72.39053549355037,"{""type"":""Point"",""coordinates"":[72.39056557298566,-7.30222271157565]}"
880,1463,1340,1148,1178,0.06433677673339844,1048,664,-7.291086857239673,72.39045179208296,"{""type"":""Point"",""coordinates"":[72.39045240442955,-7.291126307303198]}"
881,3563,3569,3583,3129,0.06569124758243561,3256,2604,-7.2994835999121594,72.42651046476675,"{""type"":""Point"",""coordinates"":[72.42654751474643,-7.299523069551353]}"
885,1346,977,728,585,0.2509603202342987,432,271,-7.277628891876304,72.39080273712786,"{""type"":""Point"",""coordinates"":[72.39077464763557,-7.277647321113362]}"
887,1448,1043,828,717,0.18522727489471436,606,489,-7.286118772777928,72.43843669411719,"{""type"":""Point"",""coordinates"":[72.43847653176333,-7.286161872013935]}"
888,1390,1110,1086,790,0.16842105263157894,765,578,-7.30096530371113,72.37370375249434,"{""type"":""Point"",""coordinates"":[72.37370432363105,-7.30096421825997]}"
889,3359,3221,3226,2898,0.05278640240430832,3012,2351,-7.296258440309272,72.41120168541738,"{""type"":""Point"",""coordinates"":[72.4111928683692,-7.2962996169018846]}"
897,1594,1214,1003,863,0.16899374127388,829,638,-7.284194759861765,72.40631710518988,"{""type"":""Point"",""coordinates"":[72.40634491915316,-7.284196807609858]}"
898,1451,1105,942,752,0.1900915503501892,775,566,-7.282196649201303,72.43171459550294,"{""type"":""Point"",""coordinates"":[72.43171518898387,-7.282211542194902]}"
899,1533,1243,1065,819,0.20562560856342316,808,614,-7.301594170528851,72.38618970907451,"{""type"":""Point"",""coordinates"":[72.38618871978633,-7.301579295666568]}"
902,1096,786,592,401,0.3243470935130581,263,148,-7.3053609120313245,72.3776258744115,"{""type"":""Point"",""coordinates"":[72.37764737356186,-7.305347354181785]}"
903,1717,1483,1424,1009,0.19020867347717285,1120,874,-7.288100164739658,72.42723773094801,"{""type"":""Point"",""coordinates"":[72.42727041348759,-7.28809289251958]}"
904,2018,1334,938,1139,0.0788515955209732,650,475,-7.288686764465328,72.39739759223107,"{""type"":""Point"",""coordinates"":[72.39741241616002,-7.288685473449012]}"
907,1663,1556,1216,942,0.24579663730984788,877,608,-7.286248313822508,72.3733221193423,"{""type"":""Point"",""coordinates"":[72.37332384765544,-7.286240727559726]}"
909,1149,711,432,368,0.31788691878318787,196,113,-7.302411076695183,72.4334061647144,"{""type"":""Point"",""coordinates"":[72.43343059622657,-7.302428861671239]}"
912,1831,1632,1517,1420,0.06946264952421188,1386,904,-7.30231569947948,72.39831447606491,"{""type"":""Point"",""coordinates"":[72.39832710360429,-7.302355975672709]}"
914,1586,1183,955,786,0.20162518322467804,843,618,-7.286503613293993,72.41148952843297,"{""type"":""Point"",""coordinates"":[72.41151622395734,-7.286545088332924]}"
916,1979,1763,1483,1103,0.230286106467247,808,602,-7.295743015327884,72.3837037212522,"{""type"":""Point"",""coordinates"":[72.38372990522411,-7.295779793271536]}"
917,2281,1868,1301,1556,0.09112149477005005,1067,625,-7.292996123966421,72.41271442148036,"{""type"":""Point"",""coordinates"":[72.41274845570739,-7.292968014900044]}"
920,1609,1282,1095,885,0.1832025796175003,991,794,-7.287762980506746,72.42406987816284,"{""type"":""Point"",""coordinates"":[72.42410787187765,-7.287780137430249]}"
921,4136,3973,3936,3788,0.0238371342420578,3470,2523,-7.305942812813033,72.40829057736025,"{""type"":""Point"",""coordinates"":[72.40829566726235,-7.305931981430218]}"
928,1211,889,721,561,0.22620689655172413,493,332,-7.312946813098428,72.37759247772982,"{""type"":""Point"",""coordinates"":[72.37757467909394,-7.312939398286196]}"
931,4312,3911,3901,3765,0.01902032271027565,3490,2603,-7.296709141548207,72.42323353770773,"{""type"":""Point"",""coordinates"":[72.42320065478792,-7.29673845398113]}"
933,2371,2103,2047,1727,0.09817232191562653,2039,1674,-7.29623364101668,72.42639526956323,"{""type"":""Point"",""coordinates"":[72.42639954149764,-7.296273789204566]}"
934,879,572,383,233,0.42111801242236024,148,98,-7.3114320477407535,72.37486769893317,"{""type"":""Point"",""coordinates"":[72.37484187756816,-7.3113929037896215]}"
938,1592,1231,1071,866,0.17405818402767181,939,726,-7.292514534263409,72.44047512910812,"{""type"":""Point"",""coordinates"":[72.44045830104616,-7.292527566221283]}"
940,3326,3058,2992,2959,0.01645338162779808,2673,1900,-7.29948372736413,72.40263426219305,"{""type"":""Point"",""coordinates"":[72.40265586997293,-7.299494477354253]}"
943,3493,3305,3420,2904,0.0645836666226387,2985,2399,-7.29655049250599,72.42033828543195,"{""type"":""Point"",""coordinates"":[72.42032902063762,-7.296576354799875]}"
944,942,631,424,250,0.4324631094932556,193,144,-7.30823472944129,72.4394196977385,"{""type"":""Point"",""coordinates"":[72.43940247586838,-7.308258934995002]}"
947,1710,1385,1223,963,0.17972742021083832,979,760,-7.284277717803924,72.41925025992732,"{""type"":""Point"",""coordinates"":[72.41925366991131,-7.284277425076395]}"
948,1177,804,563,396,0.3400000035762787,313,211,-7.283835779672596,72.3940147801002,"{""type"":""Point"",""coordinates"":[72.39400071193656,-7.283865576545324]}"
951,992,666,451,296,0.38461538461538464,174,107,-7.305086622601464,72.37807603601608,"{""type"":""Point"",""coordinates"":[72.3780778276167,-7.305065441184784]}"
952,1338,978,713,515,0.3101138770580292,450,331,-7.283303489933416,72.3927446281413,"{""type"":""Point"",""coordinates"":[72.39278476045368,-7.2833452783582135]}"
955,1135,796,557,380,0.35374149680137634,353,273,-7.277643120998334,72.38890364578587,"{""type"":""Point"",""coordinates"":[72.38891331333095,-7.277686214827695]}"
958,4598,4327,4090,4006,0.03852153941988945,3542,2514,-7.303645693871265,72.41351875342393,"{""type"":""Point"",""coordinates"":[72.41356241387524,-7.303637758126855]}"
963,4212,4139,2972,2439,0.25843721628189087,2476,1779,-7.304714186220524,72.41551657597424,"{""type"":""Point"",""coordinates"":[72.41551429569805,-7.304706052111064]}"
964,1701,1310,991,815,0.2329411804676056,820,609,-7.279653410488074,72.38575339789881,"{""type"":""Point"",""coordinates"":[72.38573939640331,-7.27965574152597]}"
967,2112,1606,1113,924,0.269565224647522,856,671,-7.302650133628749,72.42572063925131,"{""type"":""Point"",""coordinates"":[72.42573660898613,-7.302617279184566]}"
968,955,641,478,323,0.32987551867219916,253,173,-7.3113336136195075,72.37595231268809,"{""type"":""Point"",""coordinates"":[72.37591923697754,-7.3113212506751095]}"
969,3682,3587,3680,3183,0.05967503786087036,3219,2511,-7.296081184837743,72.42268612750185,"{""type"":""Point"",""coordinates"":[72.42272946484559,-7.296070481250575]}"
974,1671,1301,1022,817,0.22851747274398804,802,597,-7.278936427893033,72.38502450576388,"{""type"":""Point"",""coordinates"":[72.38501713330265,-7.278957819905209]}"
976,1594,1221,1007,790,0.21432122588157654,759,552,-7.285235699909472,72.39999429024637,"{""type"":""Point"",""coordinates"":[72.39999558823698,-7.285272821958323]}"
977,2297,1709,1118,897,0.3115886449813843,834,613,-7.305016373895608,72.42329678508598,"{""type"":""Point"",""coordinates"":[72.4232798922797,-7.305012213223069]}"
978,1293,1062,1011,636,0.2508833922261484,810,652,-7.29399863006871,72.37546036025556,"{""type"":""Point"",""coordinates"":[72.3754931968704,-7.2939820662745]}"
981,1590,1370,1349,1027,0.14309553802013397,1363,1261,-7.306436344350293,72.39074838883957,"{""type"":""Point"",""coordinates"":[72.39074084549648,-7.306442277718838]}"
982,909,562,322,184,0.5067024230957031,63,29,-7.311503279913258,72.43709328109429,"{""type"":""Point"",""coordinates"":[72.43706083632185,-7.3115164245008435]}"
985,4136,3973,3936,3788,0.0238371342420578,3470,2523,-7.305942812813033,72.40829057736025,"{""type"":""Point"",""coordinates"":[72.40830977067922,-7.30596738581857]}"
987,1831,1431,1041,851,0.2541630268096924,828,628,-7.277792285765261,72.38103661790021,"{""type"":""Point"",""coordinates"":[72.3810776221787,-7.277787589052667]}"
988,1359,1090,981,751,0.18413905486148832,767,597,-7.299990928673943,72.37116400701387,"{""type"":""Point"",""coordinates"":[72.37112737029705,-7.300011604178538]}"
989,2686,2148,1791,1860,0.071856290102005,1347,993,-7.289263181934945,72.41675584058999,"{""type"":""Point"",""coordinates"":[72.416774259145,-7.289301104776959]}"
992,1273,859,592,542,0.22626695217701642,397,274,-7.3076712407034785,72.3705884927796,"{""type"":""Point"",""coordinates"":[72.37054846292523,-7.307634138359158]}"
993,1201,834,612,450,0.29906541109085083,371,267,-7.285524523915057,72.43345821339857,"{""type"":""Point"",""coordinates"":[72.43345167711297,-7.285524902128433]}"
996,949,632,453,283,0.3814207650273224,196,134,-7.307429682580338,72.37872676764862,"{""type"":""Point"",""coordinates"":[72.3786860471143,-7.307430725434018]}"
997,4346,4215,3582,3354,0.11375346779823303,2476,1804,-7.303965077525791,72.41903807496752,"{""type"":""Point"",""coordinates"":[72.41902421048458,-7.303986476359216]}"
998,1564,1250,745,520,0.4124293923377991,343,234,-7.3091417979851325,72.42703630858564,"{""type"":""Point"",""coordinates"":[72.42705899198523,-7.3091860693893524]}"
1002,4364,4272,4302,4253,0.002228738972917199,3883,3005,-7.311420821795963,72.41231163746357,"{""type"":""Point"",""coordinates"":[72.41233622244457,-7.311424343181908]}"
1007,1638,1304,1092,948,0.15808170515097691,988,725,-7.291451957009107,72.37788319810805,"{""type"":""Point"",""coordinates"":[72.37787924798633,-7.2914890482903685]}"
1008,1690,1365,1165,963,0.17268040776252747,887,678,-7.288228565201053,72.4341118750729,"{""type"":""Point"",""coordinates"":[72.43410727851843,-7.288261212522808]}"
1011,1237,989,893,600,0.2448080553807426,748,564,-7.296182071563648,72.37330610229046,"{""type"":""Point"",""coordinates"":[72.37330521506509,-7.296171247035111]}"
1012,1627,1212,850,677,0.2832186222076416,604,445,-7.283696565408491,72.38849694618163,"{""type"":""Point"",""coordinates"":[72.38847236565303,-7.283710361991403]}"
1019,4479,4248,4281,4170,0.009265858680009842,3938,2929,-7.297385042096275,72.40551248820833,"{""type"":""Point"",""coordinates"":[72.40548857410262,-7.297428501387657]}"
1021,1261,909,722,474,0.31453362107276917,426,312,-7.284606689944983,72.41156560392707,"{""type"":""Point"",""coordinates"":[72.41159754695813,-7.284623440791484]}"
1027,1548,1142,800,651,0.2738427221775055,517,349,-7.279368969607164,72.38756003549085,"{""type"":""Point"",""coordinates"":[72.38758080205523,-7.279343890939439]}"
1029,1602,1317,1084,857,0.21159154176712036,907,657,-7.291989183374682,72.41451556242951,"{""type"":""Point"",""coordinates"":[72.41447681991295,-7.2920309699930375]}"
1030,1736,1373,966,825,0.24931755661964417,726,485,-7.288633165109039,72.39251344050429,"{""type"":""Point"",""coordinates"":[72.3925243425478,-7.2886196706655175]}"
1031,983,622,388,236,0.44988346099853516,120,86,-7.295552092372349,72.43290161427097,"{""type"":""Point"",""coordinates"":[72.43293495529038,-7.29556942951267]}"
1035,1434,1108,946,838,0.13874614594039056,710,574,-7.304482291338549,72.37436326161757,"{""type"":""Point"",""coordinates"":[72.37440120462286,-7.304502564697931]}"
1036,1801,1607,1445,1115,0.18074944615364075,1093,872,-7.292249813971949,72.41587411895567,"{""type"":""Point"",""coordinates"":[72.41589195063257,-7.292243528544592]}"
1037,4804,4584,4613,4463,0.013374599628150463,3979,2996,-7.306181540893688,72.41254315765202,"{""type"":""Point"",""coordinates"":[72.41256890651852,-7.306169713405558]}"
1040,1175,854,658,467,0.29295986890792847,378,285,-7.278800392849571,72.42707658130679,"{""type"":""Point"",""coordinates"":[72.42707796550158,-7.2788094352404915]}"
1042,1302,970,784,581,0.25080594420433044,545,391,-7.278152561643782,72.42915165491073,"{""type"":""Point"",""coordinates"":[72.42912700272873,-7.2781117479327815]}"
1044,4828,4754,4604,4278,0.05270150676369667,3927,2815,-7.302991696867172,72.41640789359367,"{""type"":""Point"",""coordinates"":[72.4163666763992,-7.3030360285057325]}"
1045,4226,3894,3824,3710,0.024197790771722794,3088,2283,-7.311719007343556,72.39675761114023,"{""type"":""Point"",""coordinates"":[72.39673836348743,-7.3117445217962915]}"
1047,1540,1269,1166,834,0.20684735476970673,1108,900,-7.291140002329188,72.43124009945282,"{""type"":""Point"",""coordinates"":[72.43127981194218,-7.291184151241951]}"
1054,4360,4070,4040,3804,0.03378206863999367,3399,2442,-7.297103235688458,72.41889546027318,"{""type"":""Point"",""coordinates"":[72.4189094096213,-7.2970661693383]}"
1056,5111,4817,4434,4503,0.033690985292196274,3891,2812,-7.302250131686291,72.41893458998449,"{""type"":""Point"",""coordinates"":[72.41893786506836,-7.3022610504484256]}"
1060,1787,1722,1737,1220,0.1706322282552719,1612,1446,-7.277562078260461,72.4355679870673,"{""type"":""Point"",""coordinates"":[72.43553443473414,-7.277535705943017]}"
1062,3265,2924,2738,2501,0.07797235250473022,1738,1044,-7.309267307243678,72.39854793918153,"{""type"":""Point"",""coordinates"":[72.39852919476536,-7.309311043729711]}"
1065,1058,719,498,336,0.3630331754684448,256,180,-7.279616480149943,72.42663060778486,"{""type"":""Point"",""coordinates"":[72.42665763227772,-7.279661090043235]}"
1066,1386,1033,915,650,0.2275698184967041,715,613,-7.2856666116351825,72.43852367862218,"{""type"":""Point"",""coordinates"":[72.4384829000672,-7.285693497166379]}"
1068,941,630,429,274,0.39380529522895813,159,97,-7.306501581687887,72.3820662419072,"{""type"":""Point"",""coordinates"":[72.38206330382178,-7.306541671470762]}"
1069,4286,4113,3984,3916,0.02453605644404888,3555,2825,-7.310668141619992,72.3924083366791,"{""type"":""Point"",""coordinates"":[72.39239372596047,-7.310658793763901]}"
1073,2164,1550,1199,1335,0.07452339679002762,1132,826,-7.284157305369522,72.42322855042816,"{""type"":""Point"",""coordinates"":[72.42318576053158,-7.2841664115663285]}"
1076,1397,1043,1083,578,0.2868599593639374,801,651,-7.299367875389487,72.42985582199779,"{""type"":""Point"",""coordinates"":[72.42986122321156,-7.299337789541163]}"
1079,1372,911,680,594,0.21063123643398285,497,426,-7.27923506183852,72.44118763125658,"{""type"":""Point"",""coordinates"":[72.44123049894908,-7.279228142235908]}"
1082,1154,818,613,421,0.32041969895362854,367,270,-7.287394594107398,72.43690902661682,"{""type"":""Point"",""coordinates"":[72.43694737454288,-7.287433846745475]}"
1083,1039,732,560,391,0.30365093499554763,343,284,-7.311306482820524,72.37956994541405,"{""type"":""Point"",""coordinates"":[72.37956756459533,-7.3113505686371845]}"
1088,1770,1491,1184,1080,0.15985997021198273,839,533,-7.292529596758864,72.41470053896721,"{""type"":""Point"",""coordinates"":[72.41471134815326,-7.29256992791987]}"
1089,1998,1645,1080,867,0.30971336364746094,838,637,-7.28121489690247,72.38223799107156,"{""type"":""Point"",""coordinates"":[72.38226193205081,-7.281210403898848]}"
1092,1680,1324,1053,858,0.21356554329395294,838,630,-7.27784944808822,72.38546854052845,"{""type"":""Point"",""coordinates"":[72.38548408793744,-7.277847022029334]}"
1094,1498,1086,769,595,0.29208803176879883,453,300,-7.286999634821597,72.39358641318971,"{""type"":""Point"",""coordinates"":[72.39360851800328,-7.286963467727243]}"
1095,2111,1451,1272,1164,0.10975143313407898,1622,1448,-7.290408923665476,72.40853462965211,"{""type"":""Point"",""coordinates"":[72.40855653697128,-7.290390946393433]}"
1097,1489,1143,873,747,0.20952381193637848,763,597,-7.291165569036213,72.41595633070307,"{""type"":""Point"",""coordinates"":[72.41599398738029,-7.291197793576837]}"
1098,4865,4492,4348,4294,0.02253585308790207,3722,2712,-7.301815099764822,72.4167607134382,"{""type"":""Point"",""coordinates"":[72.41676738907424,-7.301799267251494]}"
1104,1440,1154,1146,745,0.21537651121616364,967,860,-7.286040172658006,72.43689869378304,"{""type"":""Point"",""coordinates"":[72.43689212591245,-7.286032585474762]}"
1108,989,638,439,278,0.3930130898952484,203,148,-7.295341908608704,72.43678882160668,"{""type"":""Point"",""coordinates"":[72.4368039548743,-7.295369113899967]}"
1111,1166,878,626,397,0.3772549033164978,310,213,-7.307657833500414,72.43218009108199,"{""type"":""Point"",""coordinates"":[72.43215907536049,-7.307652431575694]}"
1112,1533,1167,976,821,0.17404426634311676,794,592,-7.27876621559299,72.41966063745211,"{""type"":""Point"",""coordinates"":[72.41965480571598,-7.2787405241956895]}"
1114,5587,5476,5630,5446,0.002746749669313431,4827,3632,-7.3104494692095745,72.4094100882477,"{""type"":""Point"",""coordinates"":[72.40939885777047,-7.310482159461367]}"
1117,3261,3337,3004,1873,0.28099808061420345,1024,694,-7.287402635954339,72.37595356208328,"{""type"":""Point"",""coordinates"":[72.37597299103115,-7.287428910736814]}"
1119,1917,1693,1378,1338,0.1171230599284172,927,631,-7.3101549384446995,72.38860578948449,"{""type"":""Point"",""coordinates"":[72.3886332408411,-7.310122654965467]}"
1122,1515,1192,921,945,0.11558259241927936,741,610,-7.3003257570300635,72.37469383829854,"{""type"":""Point"",""coordinates"":[72.37468408564985,-7.300309722355033]}"
1124,4636,4397,4225,4119,0.03264443576335907,3639,2638,-7.301926629340504,72.41395790285821,"{""type"":""Point"",""coordinates"":[72.41399273033876,-7.301921578830929]}"
1126,4862,4599,4654,4395,0.022681787610054016,4034,3027,-7.2990657577062175,72.4220757609762,"{""type"":""Point"",""coordinates"":[72.42206182501535,-7.2990346133787565]}"
1128,1574,1234,1006,840,0.18997107446193695,908,767,-7.281023616667458,72.3957119338117,"{""type"":""Point"",""coordinates"":[72.39567847612494,-7.281047926676542]}"
1131,1913,1488,1263,1098,0.1508120596408844,1028,736,-7.286376896507123,72.40434395690362,"{""type"":""Point"",""coordinates"":[72.40432181018757,-7.286380537433716]}"
1134,1564,1253,904,540,0.3976575434207916,216,120,-7.304520329478166,72.39335678498615,"{""type"":""Point"",""coordinates"":[72.39335427632129,-7.304560347775603]}"
1135,1827,1528,1413,1189,0.12476996687523004,1240,1008,-7.296508774207451,72.377921150741,"{""type"":""Point"",""coordinates"":[72.37792888759131,-7.296551667268059]}"
1136,1509,1167,933,785,0.19569672644138336,719,462,-7.282735153865289,72.42023335697264,"{""type"":""Point"",""coordinates"":[72.42020321605484,-7.282717550890766]}"
1142,4129,3881,3653,3624,0.034243836998939514,2976,2238,-7.311089646156468,72.3963910730845,"{""type"":""Point"",""coordinates"":[72.3964153752511,-7.311104292174096]}"
1148,953,596,353,211,0.47707557678222656,108,66,-7.297550278757818,72.43137941269731,"{""type"":""Point"",""coordinates"":[72.43137669016185,-7.297564059699542]}"
1152,2234,1954,1960,1485,0.13637685775756836,1743,1332,-7.287728638449121,72.40471592669167,"{""type"":""Point"",""coordinates"":[72.40467267791752,-7.287708583917845]}"
1153,1685,1289,945,771,0.2514563202857971,774,576,-7.281174281255918,72.38766403675783,"{""type"":""Point"",""coordinates"":[72.38766675762753,-7.281163622052158]}"
1155,1231,995,889,605,0.24375,751,568,-7.298464596441268,72.36997679450715,"{""type"":""Point"",""coordinates"":[72.3700014797842,-7.298462144780134]}"
1160,1068,839,671,445,0.30685359239578247,275,163,-7.310100671249502,72.38381179996288,"{""type"":""Point"",""coordinates"":[72.38382066776516,-7.310140878708911]}"
1161,2376,1906,1328,1032,0.2974812686443329,998,704,-7.306723752496294,72.42439508276773,"{""type"":""Point"",""coordinates"":[72.42440656810204,-7.30675707618092]}"
1165,2315,2182,2098,1683,0.12910737097263336,1793,1384,-7.291511017247801,72.41803903330687,"{""type"":""Point"",""coordinates"":[72.41799784859484,-7.291473389044716]}"
1166,3683,3319,3173,2990,0.052147723734378815,2552,1831,-7.295802751374042,72.42367883437755,"{""type"":""Point"",""coordinates"":[72.42365433586308,-7.295767508988083]}"
1168,5906,5856,6105,5593,0.022971438243985176,4702,3064,-7.301542592199961,72.44072505129414,"{""type"":""Point"",""coordinates"":[72.44070137758433,-7.301585131828471]}"
1169,4625,4295,4409,4187,0.012732845731079578,3916,3083,-7.310572393050303,72.39313116853886,"{""type"":""Point"",""coordinates"":[72.39315637415447,-7.310578202132299]}"
1170,2717,2228,1935,1867,0.08815629035234451,1427,966,-7.2924953778792965,72.41922220606178,"{""type"":""Point"",""coordinates"":[72.41919736086133,-7.292457018970005]}"
1171,1375,1150,1062,759,0.20481927710843373,818,595,-7.303841385937222,72.37553423034325,"{""type"":""Point"",""coordinates"":[72.37551158785806,-7.303857854667651]}"
1173,1304,879,509,362,0.4165995121002197,251,172,-7.2872997210344534,72.38969976236216,"{""type"":""Point"",""coordinates"":[72.38969163195816,-7.287316789970049]}"
1176,3667,3591,3453,2907,0.10526315867900848,2867,2371,-7.301170032051259,72.40653600354995,"{""type"":""Point"",""coordinates"":[72.40649166367369,-7.301180238711396]}"
1178,3762,3391,3297,3109,0.0433846153318882,2887,2235,-7.295403354310189,72.41680244508285,"{""type"":""Point"",""coordinates"":[72.41680081871021,-7.295375925817759]}"
1179,4343,4304,4485,4089,0.025616584345698357,3879,2905,-7.297567685081896,72.405242549028,"{""type"":""Point"",""coordinates"":[72.40525731187869,-7.297560197645992]}"
1181,1451,1177,1052,764,0.21277691423892975,943,861,-7.293329269050451,72.4164249431313,"{""type"":""Point"",""coordinates"":[72.41642226726418,-7.293347856028949]}"
1182,3629,3229,3036,3058,0.02719898149371147,2681,2056,-7.294761632190876,72.40612571195629,"{""type"":""Point"",""coordinates"":[72.40613983911588,-7.294743440917427]}"
1183,1558,1149,903,721,0.2288770079612732,748,561,-7.288138520911823,72.41023577472369,"{""type"":""Point"",""coordinates"":[72.41024404315047,-7.2880975079177]}"
1187,1308,981,790,623,0.2231920199501247,747,551,-7.297254860630249,72.37476124049901,"{""type"":""Point"",""coordinates"":[72.37471998343031,-7.297213683258183]}"
1188,1778,1729,1617,1593,0.04093919321894646,1718,1383,-7.293590091027915,72.39381696310483,"{""type"":""Point"",""coordinates"":[72.3938016389006,-7.293594119485031]}"
1191,1133,747,519,355,0.35571688413619995,211,139,-7.288932029493151,72.42471182534386,"{""type"":""Point"",""coordinates"":[72.42467167677333,-7.288951123174824]}"
1193,1400,1018,834,629,0.23618701100349426,534,387,-7.283909006553746,72.42024226452412,"{""type"":""Point"",""coordinates"":[72.42020522149426,-7.283928463955856]}"
1194,1456,1192,1031,1113,0.03427331894636154,1077,755,-7.292922025132059,72.3865766405374,"{""type"":""Point"",""coordinates"":[72.38662125520543,-7.292962991272798]}"
1195,1480,1140,897,754,0.2038014829158783,557,374,-7.281065307546077,72.41416146253167,"{""type"":""Point"",""coordinates"":[72.41417812143136,-7.28102064233817]}"
1199,1729,1325,965,776,0.2613041400909424,702,523,-7.283261331240739,72.3863231292583,"{""type"":""Point"",""coordinates"":[72.38633042266794,-7.283246373427306]}"
1200,1655,1280,974,853,0.2001875340938568,776,558,-7.287949733744947,72.4113196036008,"{""type"":""Point"",""coordinates"":[72.41129605027994,-7.287922933563672]}"
1203,1642,1420,1426,983,0.18185600638389587,1180,1064,-7.280682524252243,72.44083694161766,"{""type"":""Point"",""coordinates"":[72.44088181037174,-7.2806802711034635]}"
1206,2874,2425,2285,2124,0.0661683902144432,2017,1518,-7.291004804965069,72.41333239609307,"{""type"":""Point"",""coordinates"":[72.41330983404231,-7.291009327384797]}"
1207,4030,3802,3650,3652,0.020123424008488655,3204,2517,-7.30816257230078,72.40134332116375,"{""type"":""Point"",""coordinates"":[72.40137698150718,-7.30812182805029]}"
1208,1328,1027,801,670,0.2103712433706541,539,365,-7.310201020192225,72.37042658480969,"{""type"":""Point"",""coordinates"":[72.37044264439194,-7.310211030894331]}"
1209,1324,1036,825,667,0.21667645331767468,534,390,-7.302741526053722,72.37769663370781,"{""type"":""Point"",""coordinates"":[72.3776703046837,-7.302757927309344]}"
1212,4554,4376,4442,4101,0.03244072198867798,3516,2546,-7.311267515007897,72.39675419535038,"{""type"":""Point"",""coordinates"":[72.3967335384653,-7.311254175223432]}"
1217,4957,4670,4662,4512,0.01720757968723774,3879,2716,-7.299564533228426,72.41583921152514,"{""type"":""Point"",""coordinates"":[72.41585802567612,-7.299530924144422]}"
1221,2176,1634,1106,899,0.29016974568367004,872,642,-7.3027479862553015,72.42472654666042,"{""type"":""Point"",""coordinates"":[72.42475803504446,-7.302703621340505]}"
1222,1372,1144,979,680,0.25438597798347473,578,387,-7.30290873650417,72.43919805280399,"{""type"":""Point"",""coordinates"":[72.43917504279801,-7.302892835481781]}"
1224,2399,2099,1975,1748,0.09123992919921875,1720,1332,-7.283488727015672,72.40414126211536,"{""type"":""Point"",""coordinates"":[72.40411122768126,-7.2835191964118655]}"
1227,1464,1318,1339,900,0.18845807015895844,951,782,-7.310810156149609,72.38553560493874,"{""type"":""Point"",""coordinates"":[72.38549071162878,-7.3107895776135985]}"
1229,1568,1378,1239,913,0.20296813618507203,982,716,-7.289563088252098,72.37687417152297,"{""type"":""Point"",""coordinates"":[72.37690572382667,-7.289520170890556]}"
1231,1165,814,605,406,0.33442622423171997,352,251,-7.294015012257309,72.43316120062626,"{""type"":""Point"",""coordinates"":[72.43317123114602,-7.293984628104056]}"
1236,3732,3191,2853,3056,0.021610373631119728,2225,1301,-7.308841726490931,72.39510785883438,"{""type"":""Point"",""coordinates"":[72.3951461239882,-7.308835359683534]}"
1241,1813,1615,1116,1038,0.2174896343761779,881,629,-7.290010533258416,72.37742017672417,"{""type"":""Point"",""coordinates"":[72.377375161886,-7.289985027830653]}"
1243,1311,1004,918,682,0.19098457888493475,780,625,-7.297195653679594,72.37060039430536,"{""type"":""Point"",""coordinates"":[72.37062607828193,-7.297179159101979]}"
1247,5449,5135,5261,5078,0.005581121891736984,4380,3235,-7.312283299841255,72.39377721137456,"{""type"":""Point"",""coordinates"":[72.39380626626165,-7.312287661028213]}"
1250,1401,988,488,312,0.5199999809265137,165,104,-7.309225901244623,72.42785091894568,"{""type"":""Point"",""coordinates"":[72.42787577825172,-7.309265123587205]}"
1256,1554,1191,984,862,0.16025328636169434,752,576,-7.278438504637778,72.4152268058228,"{""type"":""Point"",""coordinates"":[72.41524807718892,-7.278465864083443]}"
1257,1522,1128,898,785,0.17929953336715698,734,554,-7.287057054355857,72.42189402716406,"{""type"":""Point"",""coordinates"":[72.4218837351262,-7.287085700290827]}"
1260,3015,2679,2390,2394,0.056179776787757874,2104,1671,-7.2898957857999696,72.40473230937009,"{""type"":""Point"",""coordinates"":[72.40476945184558,-7.289862631328601]}"
1262,1587,1192,983,834,0.1767028570175171,770,600,-7.284027108951732,72.40459751838102,"{""type"":""Point"",""coordinates"":[72.40456799132346,-7.284046258984473]}"
1264,1889,2068,2229,1417,0.18680056929588318,1970,1484,-7.305086152016176,72.4378581288481,"{""type"":""Point"",""coordinates"":[72.43785288217745,-7.305046874050418]}"
1266,2982,2839,2805,2664,0.03180083632469177,2418,1706,-7.298972616177059,72.39856053483273,"{""type"":""Point"",""coordinates"":[72.39852715471356,-7.29900743886159]}"
1270,1128,773,575,388,0.33161067962646484,277,202,-7.296997502045749,72.43282220502323,"{""type"":""Point"",""coordinates"":[72.43282404194169,-7.296972771827958]}"
1273,1568,1141,901,750,0.20676890015602112,705,516,-7.291092272411856,72.42563262964637,"{""type"":""Point"",""coordinates"":[72.42564984538734,-7.291119928416989]}"
1274,1305,1041,964,691,0.20207852193995382,791,642,-7.292211541400503,72.37291457247373,"{""type"":""Point"",""coordinates"":[72.37293042512512,-7.292231483321979]}"
1277,1811,1388,1019,831,0.25101396441459656,787,578,-7.2825328380931245,72.38713161007418,"{""type"":""Point"",""coordinates"":[72.38711739904545,-7.282540649750472]}"
1279,1547,1175,971,793,0.19410568475723267,797,584,-7.289661937981842,72.42372256574855,"{""type"":""Point"",""coordinates"":[72.4237083342146,-7.2896451680877306]}"
1286,2116,1759,1664,1414,0.10872990638017654,1340,1126,-7.2782947371304125,72.43421705727918,"{""type"":""Point"",""coordinates"":[72.4342536342014,-7.2783093810813995]}"
1289,974,605,365,232,0.4456391930580139,117,80,-7.296091799229761,72.43317704540891,"{""type"":""Point"",""coordinates"":[72.43317643989408,-7.296102912582536]}"
1291,1795,1598,931,540,0.49485501646995544,395,254,-7.289296481321475,72.38835818257424,"{""type"":""Point"",""coordinates"":[72.38834113435291,-7.289255614098864]}"
1294,2597,2626,1417,692,0.5828812718391418,570,396,-7.286186131135861,72.38164221316536,"{""type"":""Point"",""coordinates"":[72.38161244899867,-7.286195869480579]}"
1296,1406,1055,838,779,0.1504907306434024,768,546,-7.297008971342609,72.37141298837098,"{""type"":""Point"",""coordinates"":[72.37145390430939,-7.2970402012466185]}"
1297,2178,2087,1708,1463,0.17577464878559113,1247,948,-7.291972778361667,72.38069080364505,"{""type"":""Point"",""coordinates"":[72.3806848245598,-7.2919383594915175]}"
1300,1714,1573,1475,1542,0.009951845742762089,1225,715,-7.295089212963843,72.38659294776981,"{""type"":""Point"",""coordinates"":[72.3865676887663,-7.295050336554155]}"
1301,1264,889,689,547,0.23816156387329102,420,293,-7.278517856492351,72.42861182450945,"{""type"":""Point"",""coordinates"":[72.42857687232176,-7.278478448657286]}"
1302,1116,790,574,402,0.3255033493041992,311,232,-7.2802512910380335,72.42627369092946,"{""type"":""Point"",""coordinates"":[72.4262677905063,-7.280254848149676]}"
1303,1708,1432,1040,928,0.2135593220338983,806,587,-7.286344689565779,72.37250886913138,"{""type"":""Point"",""coordinates"":[72.37246833594757,-7.286357933001933]}"
1305,1787,1483,1375,1061,0.1658805012702942,1159,915,-7.2880831692006565,72.41756082741774,"{""type"":""Point"",""coordinates"":[72.41752466784479,-7.28811485767403]}"
1306,4295,3990,3934,3965,0.003142677480354905,3637,2668,-7.307293853454754,72.40875303812824,"{""type"":""Point"",""coordinates"":[72.40874174534162,-7.307260453947304]}"
1308,1574,1325,1253,928,0.17620949447155,1059,849,-7.279311873800548,72.40718457986746,"{""type"":""Point"",""coordinates"":[72.40720822210905,-7.279271160707045]}"
1309,1427,1237,849,801,0.2139352262020111,699,324,-7.295097354150267,72.38550770642428,"{""type"":""Point"",""coordinates"":[72.3855426158822,-7.295102311689207]}"
1312,1011,676,538,340,0.33070866141732286,348,278,-7.311483689515217,72.38002350810922,"{""type"":""Point"",""coordinates"":[72.3800375475768,-7.311517830246165]}"
1317,1178,834,658,458,0.2910216748714447,573,443,-7.278981997639195,72.40302199065289,"{""type"":""Point"",""coordinates"":[72.40303259952996,-7.2789779652986875]}"
1318,3848,3418,2910,3348,0.010345847345888615,2542,1903,-7.295042077597654,72.40486167327919,"{""type"":""Point"",""coordinates"":[72.40482113822588,-7.295059334461638]}"
1319,1157,901,795,534,0.2557491362094879,459,368,-7.303252142927105,72.38186089934193,"{""type"":""Point"",""coordinates"":[72.38187902068361,-7.303281230384084]}"
1320,2833,2480,2042,1871,0.13996782898902893,1898,1429,-7.30006186147858,72.40978347943101,"{""type"":""Point"",""coordinates"":[72.4097720058526,-7.300081097855912]}"
1321,1134,762,507,342,0.3804347813129425,237,160,-7.289563415217915,72.42480706394714,"{""type"":""Point"",""coordinates"":[72.42479265471628,-7.289602507948832]}"
1325,1484,1181,965,836,0.17104610800743103,820,582,-7.297933258618891,72.38064513889435,"{""type"":""Point"",""coordinates"":[72.38066324242428,-7.297961595239121]}"
1326,2753,2339,2033,2099,0.05407841503620148,1632,1082,-7.292521922053629,72.40375733177298,"{""type"":""Point"",""coordinates"":[72.40372715040431,-7.292556755375028]}"
1328,2406,1822,1603,1547,0.08162659406661987,1446,1046,-7.289152946681507,72.40743985892753,"{""type"":""Point"",""coordinates"":[72.4074622163837,-7.289178225306977]}"
1330,1551,1181,905,975,0.09554730983302412,805,654,-7.291872620090651,72.36992742871945,"{""type"":""Point"",""coordinates"":[72.36991022611154,-7.291904100587049]}"
1332,5038,4812,4973,4807,5.198045400902629E-4,4377,3271,-7.295502433963686,72.40368943268521,"{""type"":""Point"",""coordinates"":[72.40371508539398,-7.295530508960534]}"
1333,992,613,353,218,0.4753309190273285,76,57,-7.306837599816901,72.43316866425344,"{""type"":""Point"",""coordinates"":[72.4331881529595,-7.306863936703872]}"
1335,1957,1446,983,1133,0.12136486917734146,727,517,-7.286859707681244,72.40018742313315,"{""type"":""Point"",""coordinates"":[72.40018557086226,-7.2868686781698955]}"
1336,1965,1539,1255,1174,0.13453741371631622,1067,879,-7.289123264198969,72.4352039316742,"{""type"":""Point"",""coordinates"":[72.43519165559846,-7.289091922421831]}"
1337,898,559,338,195,0.48275861144065857,77,47,-7.300397035160626,72.43700832217708,"{""type"":""Point"",""coordinates"":[72.43702887414725,-7.300385688095928]}"
1339,4274,3865,2653,1792,0.36644864082336426,830,563,-7.296997037726826,72.38506978862408,"{""type"":""Point"",""coordinates"":[72.38508635610073,-7.297016999585027]}"
1346,4574,4291,4339,4071,0.02630949579179287,3720,2790,-7.299253209353594,72.42117279259969,"{""type"":""Point"",""coordinates"":[72.42115555520658,-7.299284715544789]}"
1348,4768,4471,4548,4317,0.01752389594912529,4029,2973,-7.298742959731067,72.41700868953325,"{""type"":""Point"",""coordinates"":[72.41699875234386,-7.298708713149147]}"
1349,1287,933,735,563,0.24732621014118195,454,332,-7.282741166356701,72.43135699998636,"{""type"":""Point"",""coordinates"":[72.43134510679945,-7.282782114856968]}"
1350,1302,883,686,542,0.2392982393503189,396,274,-7.305425360082808,72.39309228905486,"{""type"":""Point"",""coordinates"":[72.39309083747479,-7.305455345316353]}"
1351,1065,732,413,320,0.3916349709033966,113,54,-7.312067815834582,72.43411305746949,"{""type"":""Point"",""coordinates"":[72.43411755159723,-7.312090077390749]}"
1353,4327,4080,4139,3857,0.028096258640289307,3618,2646,-7.300944314272311,72.41250339441898,"{""type"":""Point"",""coordinates"":[72.4125142368483,-7.300939153530369]}"
1356,1288,868,626,479,0.28878989815711975,276,192,-7.297919024100025,72.43038740376666,"{""type"":""Point"",""coordinates"":[72.43039070270919,-7.29791369649865]}"
1357,1535,1086,722,568,0.31318017840385437,476,353,-7.282886582221017,72.38812910014045,"{""type"":""Point"",""coordinates"":[72.38812065371229,-7.282888266735858]}"
1359,1480,1291,1012,751,0.2644466209598433,747,544,-7.285886435708254,72.37340985120309,"{""type"":""Point"",""coordinates"":[72.37338240613077,-7.285912586875375]}"
1361,2761,2396,2126,2036,0.08122743666172028,2009,1443,-7.296430830242814,72.41228827014788,"{""type"":""Point"",""coordinates"":[72.41225306399457,-7.296410296446568]}"
1365,1510,1161,989,799,0.18469387292861938,809,603,-7.2841865808721264,72.4074022967476,"{""type"":""Point"",""coordinates"":[72.40740176631344,-7.284229781219889]}"
1366,1614,1336,1196,938,0.17502199113368988,919,690,-7.282978398646757,72.43579012495626,"{""type"":""Point"",""coordinates"":[72.43579399906827,-7.283018766157548]}"
1367,4435,4104,4082,3874,0.02882928028702736,3308,2359,-7.2993489918519785,72.42045000471553,"{""type"":""Point"",""coordinates"":[72.42048338368006,-7.299388960156199]}"
1368,1275,940,891,637,0.19213696892834495,796,587,-7.300236809677881,72.37451228285319,"{""type"":""Point"",""coordinates"":[72.3745427945867,-7.30019951543525]}"
1369,4056,3771,3783,3592,0.024310743436217308,3410,2576,-7.305853883144086,72.40810901871244,"{""type"":""Point"",""coordinates"":[72.40815449533468,-7.305890119579819]}"
1370,1142,807,604,503,0.23206107318401337,333,281,-7.311105516083483,72.38228180046127,"{""type"":""Point"",""coordinates"":[72.38229955420871,-7.311134415011671]}"
1372,2030,1739,1469,1341,0.1292207792207792,1230,913,-7.293878559124526,72.37943892622035,"{""type"":""Point"",""coordinates"":[72.37948106074319,-7.293846459815525]}"
1373,1574,1338,1283,891,0.20053835213184357,1035,865,-7.285860270856651,72.43680688610551,"{""type"":""Point"",""coordinates"":[72.43679442893435,-7.285835611050624]}"
1374,959,618,396,249,0.42560553550720215,146,101,-7.295980169077364,72.43597975971329,"{""type"":""Point"",""coordinates"":[72.43596719915276,-7.295963577599719]}"
1375,984,636,345,205,0.512485146522522,74,46,-7.305485929376517,72.4327965771155,"{""type"":""Point"",""coordinates"":[72.43282280064486,-7.305519955241034]}"
1377,1178,840,663,452,0.30030959844589233,440,348,-7.289691842652493,72.43168124726799,"{""type"":""Point"",""coordinates"":[72.43168211069597,-7.289717070943185]}"
1379,1554,1154,860,666,0.26813188195228577,633,453,-7.288027458591001,72.40101018952392,"{""type"":""Point"",""coordinates"":[72.40104511985965,-7.288049825173445]}"
1383,4335,3969,3821,3967,2.5201612152159214E-4,3364,2566,-7.3070585094305445,72.404048245112,"{""type"":""Point"",""coordinates"":[72.40405147244033,-7.307083479011713]}"
1385,1149,769,571,354,0.3695458471775055,372,310,-7.290004606983203,72.42616697802926,"{""type"":""Point"",""coordinates"":[72.4261712055945,-7.290005865061271]}"
1388,4191,3495,3295,3378,0.017023133113980293,2272,1478,-7.311252504991643,72.39874385172644,"{""type"":""Point"",""coordinates"":[72.39875758582936,-7.311245302312463]}"
1389,1246,929,809,519,0.28314918279647827,615,569,-7.289051530630241,72.43276160520044,"{""type"":""Point"",""coordinates"":[72.43276312704695,-7.289065916690213]}"
1390,1168,761,484,400,0.31093883514404297,157,81,-7.3040260539502695,72.43477509027991,"{""type"":""Point"",""coordinates"":[72.43478418066351,-7.304049570086401]}"
1391,1032,716,476,315,0.38894277811050415,196,124,-7.295510099881999,72.43841797659097,"{""type"":""Point"",""coordinates"":[72.43842444800683,-7.295484976642179]}"
1394,1630,1207,843,659,0.29367631673812866,593,440,-7.2840564069842655,72.38868053042339,"{""type"":""Point"",""coordinates"":[72.38869521251385,-7.284052570767394]}"
1400,2449,1657,1088,1518,0.04377952590584755,697,393,-7.30345533191505,72.43856916397269,"{""type"":""Point"",""coordinates"":[72.4385454643181,-7.303485319073618]}"
1401,1847,1490,1217,1098,0.15146832168102264,991,794,-7.287673369865028,72.42397876008084,"{""type"":""Point"",""coordinates"":[72.42395226095068,-7.287693969347791]}"
1406,2756,2247,1862,2041,0.04804104566574097,1430,1044,-7.291837977334507,72.4106255470429,"{""type"":""Point"",""coordinates"":[72.41061418704552,-7.291801749739638]}"
1407,5265,5017,5039,4990,0.0026981113478541374,4293,3311,-7.3122355505509145,72.41204650102692,"{""type"":""Point"",""coordinates"":[72.41205553668364,-7.312206906914487]}"
1411,1391,1077,929,753,0.17704918032786884,722,534,-7.3026992797219075,72.37127475873807,"{""type"":""Point"",""coordinates"":[72.37130481187934,-7.302702146408928]}"
1413,1379,1128,996,776,0.18487394957983194,739,564,-7.30031560537557,72.37605042075943,"{""type"":""Point"",""coordinates"":[72.37602236827117,-7.300322706252321]}"
1414,1006,695,514,378,0.2954333643988816,313,186,-7.3117783353057115,72.3768601179936,"{""type"":""Point"",""coordinates"":[72.37685407618882,-7.311779789737664]}"
1415,1622,1281,1069,905,0.17200365662574768,827,606,-7.286968127822942,72.42171247774523,"{""type"":""Point"",""coordinates"":[72.42175693529828,-7.286985799290696]}"
1421,1955,1604,1435,1251,0.12364273518323898,1259,995,-7.290957350412616,72.43151001816317,"{""type"":""Point"",""coordinates"":[72.43149070423559,-7.29097166144454]}"
1423,1447,1079,870,727,0.1949058622121811,639,455,-7.28294856438437,72.41589402409447,"{""type"":""Point"",""coordinates"":[72.41585582365241,-7.282961003747343]}"
1429,4062,3817,3891,3443,0.05151515081524849,3340,2461,-7.297952881856949,72.41401817496167,"{""type"":""Point"",""coordinates"":[72.41401508213492,-7.297950560839184]}"
1431,4252,3858,3773,3698,0.02117522433400154,2916,1860,-7.296506078978445,72.41427851386227,"{""type"":""Point"",""coordinates"":[72.41429187551718,-7.296533993291473]}"
1432,1540,1156,972,773,0.19854846596717834,818,620,-7.289856921115144,72.42182486138788,"{""type"":""Point"",""coordinates"":[72.42184795032814,-7.289894948745079]}"
1434,1002,643,431,269,0.4100877046585083,173,125,-7.294058497444518,72.4393112534159,"{""type"":""Point"",""coordinates"":[72.43931516715152,-7.294016933538314]}"
1435,1113,783,560,382,0.3442060053348541,278,172,-7.282616057390407,72.41209315828193,"{""type"":""Point"",""coordinates"":[72.412126047845,-7.282621212270347]}"
1436,1181,820,596,430,0.31200000643730164,378,273,-7.292446280975295,72.43758063973907,"{""type"":""Point"",""coordinates"":[72.43757488280144,-7.292435823841613]}"
1439,967,682,487,364,0.30401530861854553,192,117,-7.310620038614923,72.38680040172305,"{""type"":""Point"",""coordinates"":[72.38681367024152,-7.31061349280467]}"
1441,1660,1334,1189,906,0.19107143580913544,1348,1160,-7.283856046885739,72.40333009443312,"{""type"":""Point"",""coordinates"":[72.40336779969732,-7.283885132533199]}"
1442,1491,1165,1001,788,0.19303634762763977,814,620,-7.280497570316412,72.41759373955773,"{""type"":""Point"",""coordinates"":[72.41755286398103,-7.2805066598675445]}"
1445,1664,1272,1051,867,0.18934081494808197,765,548,-7.292693571334536,72.42881013153415,"{""type"":""Point"",""coordinates"":[72.42876735451603,-7.292706958354483]}"
1448,3131,3151,1950,1317,0.4104744791984558,1027,736,-7.282491946548442,72.38052921636141,"{""type"":""Point"",""coordinates"":[72.38053539814426,-7.2825113536200545]}"
1450,1565,1361,1224,1267,0.035768646746873856,1494,1015,-7.29383315985243,72.38549819630164,"{""type"":""Point"",""coordinates"":[72.38545811367246,-7.2938524768974675]}"
1454,1260,893,610,595,0.20026881992816925,252,123,-7.311070855572845,72.38689424712464,"{""type"":""Point"",""coordinates"":[72.3868592270996,-7.311062476918751]}"
1455,2397,1984,1716,1652,0.09130913019180298,1450,1042,-7.285010349395211,72.41789926567813,"{""type"":""Point"",""coordinates"":[72.41791740507234,-7.285047294385529]}"
1456,2091,1774,1366,1543,0.06964123994112015,815,467,-7.304983394715891,72.39182274564939,"{""type"":""Point"",""coordinates"":[72.39181018101459,-7.304969299161186]}"
1460,1505,1253,1025,861,0.18543046357615894,853,631,-7.296838502441589,72.37005505649937,"{""type"":""Point"",""coordinates"":[72.37006591328627,-7.296813697661046]}"
1461,1487,1162,911,802,0.18329939246177673,482,253,-7.277971103062698,72.39333757014924,"{""type"":""Point"",""coordinates"":[72.39335084156153,-7.278008266504865]}"
1462,1620,1301,1125,895,0.18488159775733948,1003,805,-7.286001559742208,72.4181780957827,"{""type"":""Point"",""coordinates"":[72.41813870887034,-7.286037290414965]}"
1464,4560,4395,4456,4167,0.026629291474819183,3751,2948,-7.309593680541722,72.40316302584043,"{""type"":""Point"",""coordinates"":[72.40315543018714,-7.309621172436636]}"
1467,1798,1401,1025,981,0.17632241547107697,808,609,-7.296387316165341,72.38208060283266,"{""type"":""Point"",""coordinates"":[72.38208393591832,-7.296349641288777]}"
1468,1686,1312,980,740,0.2787524461746216,761,572,-7.283693853795335,72.3888586831636,"{""type"":""Point"",""coordinates"":[72.38889628384895,-7.283682637755818]}"
1469,4150,3867,3623,3508,0.0486779659986496,3174,2301,-7.301960037020133,72.42146470796125,"{""type"":""Point"",""coordinates"":[72.42145235682858,-7.302004191263687]}"
1472,1465,1111,838,793,0.16701680672268907,681,492,-7.297547397872754,72.37186924189618,"{""type"":""Point"",""coordinates"":[72.37190621315885,-7.297542634667502]}"
1476,1369,1077,952,679,0.22665147483348846,811,601,-7.280066254104738,72.40293973519654,"{""type"":""Point"",""coordinates"":[72.402930128874,-7.280023422015952]}"
1478,2189,1946,1865,1516,0.12420566380023956,1563,1404,-7.2808906210646755,72.43722116340915,"{""type"":""Point"",""coordinates"":[72.43720966409131,-7.2809181026373055]}"
1479,3495,3182,3168,2973,0.0339561328291893,2961,2354,-7.280377043561154,72.40963442339941,"{""type"":""Point"",""coordinates"":[72.4096676284957,-7.280373167584499]}"
1481,1249,921,726,548,0.2539142273655548,481,345,-7.291840203684748,72.37426842574259,"{""type"":""Point"",""coordinates"":[72.37431259093381,-7.291835015063265]}"
1484,1343,1057,949,689,0.21076746849942726,796,604,-7.294199509887632,72.3727485832019,"{""type"":""Point"",""coordinates"":[72.37277993192457,-7.294223257048701]}"
1485,1435,1181,923,789,0.1989847719669342,899,713,-7.291250475910024,72.39271403925441,"{""type"":""Point"",""coordinates"":[72.39271176801417,-7.291242156578888]}"
1486,3730,3481,3460,3122,0.05436922609806061,2944,2175,-7.2987694754482675,72.42541975621104,"{""type"":""Point"",""coordinates"":[72.42542619845285,-7.298809591788204]}"
1487,1976,1791,1818,1338,0.1447746902704239,1753,1620,-7.277915015888595,72.43665588113048,"{""type"":""Point"",""coordinates"":[72.4366438465725,-7.277942062920327]}"
1489,913,572,339,191,0.49934470653533936,75,41,-7.306725938515905,72.4359714444849,"{""type"":""Point"",""coordinates"":[72.43594682844027,-7.306759555422212]}"
1490,4131,3869,3824,3557,0.04201454296708107,3190,2308,-7.298450828018969,72.41981009789133,"{""type"":""Point"",""coordinates"":[72.4198064806365,-7.298441066662187]}"
1491,2310,1894,1640,1581,0.09007193893194199,1432,1020,-7.28162648863161,72.39960531299464,"{""type"":""Point"",""coordinates"":[72.39962004537547,-7.281623947858391]}"
1494,1417,1185,713,620,0.31301939487457275,422,210,-7.290102390168661,72.38926865252058,"{""type"":""Point"",""coordinates"":[72.38923501339612,-7.290066145644523]}"
1496,2592,2358,1928,1962,0.09166666865348816,1806,1296,-7.289781618185983,72.40789680982692,"{""type"":""Point"",""coordinates"":[72.40792079557187,-7.28978140675843]}"
1498,1532,1153,956,811,0.17413441836833954,777,544,-7.279704708995386,72.41496508604314,"{""type"":""Point"",""coordinates"":[72.41499873736811,-7.27972224875631]}"
1500,1544,1253,1140,913,0.1569713758079409,790,556,-7.298715900965147,72.37260155210382,"{""type"":""Point"",""coordinates"":[72.37257786295028,-7.298684890615635]}"
1501,1275,870,579,423,0.34570765495300293,332,220,-7.281338615328333,72.38983580415973,"{""type"":""Point"",""coordinates"":[72.38980927452384,-7.28134556429656]}"
1502,3144,3060,3108,2773,0.049202810972929,3107,2635,-7.294033791591573,72.40684372171113,"{""type"":""Point"",""coordinates"":[72.40683720544168,-7.294057243489785]}"
1506,3004,3020,1888,1137,0.4529708924705316,1035,743,-7.281146231858593,72.37934341052444,"{""type"":""Point"",""coordinates"":[72.379318133887,-7.281140518906761]}"
1507,1525,1093,785,649,0.2548794448375702,500,320,-7.282500297984588,72.39147243970035,"{""type"":""Point"",""coordinates"":[72.39146221232492,-7.282508683760615]}"
1508,1497,1151,946,707,0.23896662890911102,736,559,-7.284557995000067,72.40604853693132,"{""type"":""Point"",""coordinates"":[72.40600527961647,-7.284576600920395]}"
1509,1232,835,521,287,0.488413542509079,207,148,-7.3049771961679255,72.42845158023623,"{""type"":""Point"",""coordinates"":[72.42848876804126,-7.304938128896186]}"
1510,1377,1094,1000,789,0.16197557089750397,781,589,-7.299627697325337,72.37143261654842,"{""type"":""Point"",""coordinates"":[72.37143488094276,-7.299602600688145]}"
1513,1744,1474,1362,1099,0.14574426412582397,695,468,-7.27762651555979,72.4151302220795,"{""type"":""Point"",""coordinates"":[72.41516373209218,-7.277631532453473]}"
1514,1620,1242,954,881,0.17004239559173584,709,466,-7.278696886061467,72.39289084076532,"{""type"":""Point"",""coordinates"":[72.39289735550392,-7.278738419211385]}"
1518,1834,1689,1159,806,0.3539078156312625,672,490,-7.288383098232773,72.37767929620172,"{""type"":""Point"",""coordinates"":[72.37771200583273,-7.28837862453055]}"
1519,1502,1092,802,726,0.2013201266527176,571,457,-7.287690918861661,72.43356515996702,"{""type"":""Point"",""coordinates"":[72.43357016017345,-7.287716850426911]}"
1521,2870,2302,1954,2038,0.06082949414849281,1354,866,-7.295423884660188,72.41408942304611,"{""type"":""Point"",""coordinates"":[72.41407904576984,-7.2954224015671345]}"
1522,1334,1102,902,651,0.25727325677871704,577,400,-7.303947391059647,72.38548388607205,"{""type"":""Point"",""coordinates"":[72.38547989347013,-7.303943926246561]}"
1523,1563,1297,1044,824,0.22300802171230316,822,651,-7.301939065041511,72.38836294251497,"{""type"":""Point"",""coordinates"":[72.38833276672202,-7.301915863751135]}"
1526,2104,1796,1563,1579,0.06429629772901535,1216,961,-7.305528590998203,72.39137464336015,"{""type"":""Point"",""coordinates"":[72.3913783201483,-7.305551298447433]}"
1528,1279,946,745,552,0.26301735639572144,467,363,-7.284697438212485,72.43535105375372,"{""type"":""Point"",""coordinates"":[72.43534813051357,-7.284714325716685]}"
1531,922,619,443,264,0.4020385146141052,341,322,-7.311544107171687,72.38400356846525,"{""type"":""Point"",""coordinates"":[72.38403751996817,-7.311585951295333]}"
1532,2101,1736,1551,1394,0.10926517844200134,1666,1329,-7.280041747471216,72.40619528783179,"{""type"":""Point"",""coordinates"":[72.40621676814943,-7.280055753225974]}"
1533,1456,1104,858,710,0.21719956398010254,578,436,-7.288505636433225,72.43330006192855,"{""type"":""Point"",""coordinates"":[72.43331301062663,-7.288542362615968]}"
1534,1443,1082,919,838,0.12708333333333333,795,642,-7.304318608037569,72.37210090980815,"{""type"":""Point"",""coordinates"":[72.37210602910974,-7.3043368377296565]}"
1535,1065,741,533,344,0.36589860916137695,322,238,-7.279612761378538,72.39117940498625,"{""type"":""Point"",""coordinates"":[72.39120581563056,-7.279583783988338]}"
1539,2465,2273,2101,2131,0.03224341571331024,1855,1307,-7.305811410253385,72.40177773357784,"{""type"":""Point"",""coordinates"":[72.40176751942293,-7.305846271158781]}"
1543,5268,4917,4866,4792,0.01287465263158083,4032,2891,-7.299639759545974,72.41782946268741,"{""type"":""Point"",""coordinates"":[72.41779297333818,-7.299611879451988]}"
1544,951,621,399,253,0.42105263157894735,148,94,-7.303990818868005,72.37969579732052,"{""type"":""Point"",""coordinates"":[72.37971596432895,-7.304009240732681]}"
1546,2163,2262,1536,1023,0.3771689497716895,934,668,-7.283461807962878,72.37158288621723,"{""type"":""Point"",""coordinates"":[72.37156761547561,-7.283432969596852]}"
1551,1495,1188,1050,829,0.17798711359500885,827,603,-7.282238484927103,72.41426078376976,"{""type"":""Point"",""coordinates"":[72.41428138733872,-7.282210095609538]}"
1553,4380,4177,4221,3918,0.03199505805969238,3606,2663,-7.301123539704239,72.4126856360473,"{""type"":""Point"",""coordinates"":[72.4126818309433,-7.301112332710833]}"
1554,2430,2114,2063,1735,0.0984671339392662,1848,1562,-7.2834106218046415,72.43832559542732,"{""type"":""Point"",""coordinates"":[72.43830533422346,-7.283418982885427]}"
1557,1709,1262,1031,882,0.1772388070821762,875,826,-7.289365788436013,72.41512873514995,"{""type"":""Point"",""coordinates"":[72.415171521669,-7.289342968921134]}"
1559,2182,1729,1344,1465,0.08265497535467148,963,684,-7.310015805881343,72.3830875993697,"{""type"":""Point"",""coordinates"":[72.38312440194129,-7.310009073880514]}"
1560,1352,971,695,486,0.3328757584095001,527,435,-7.281786721493004,72.39029136756064,"{""type"":""Point"",""coordinates"":[72.39026352605286,-7.281808957474702]}"
1561,2540,2234,2144,1911,0.07792521268129349,1951,1582,-7.2780791131943685,72.43882754043256,"{""type"":""Point"",""coordinates"":[72.43886586258137,-7.278036791491864]}"
1564,2325,2116,2056,1769,0.08931788802146912,1802,1451,-7.308057643445968,72.39130329027176,"{""type"":""Point"",""coordinates"":[72.39130416169729,-7.308099392258381]}"
1565,5396,5100,5281,4982,0.011704026721417904,4437,3447,-7.3112245084344245,72.40245183649981,"{""type"":""Point"",""coordinates"":[72.40247749268879,-7.311217483157942]}"
1569,1737,1389,1277,975,0.17512691020965576,963,726,-7.288577368428185,72.43574238411598,"{""type"":""Point"",""coordinates"":[72.43575009127665,-7.288553135756353]}"
1573,1485,1078,741,665,0.23694778978824615,444,295,-7.286345801361223,72.39647554572265,"{""type"":""Point"",""coordinates"":[72.39651974093711,-7.286385131492366]}"
1574,1566,1255,1109,952,0.13729043951064793,769,570,-7.291644055179479,72.37634712538348,"{""type"":""Point"",""coordinates"":[72.37632027616436,-7.291644690198429]}"
1575,1404,1141,1004,703,0.23752711713314056,729,522,-7.282458107204733,72.42104518039044,"{""type"":""Point"",""coordinates"":[72.42100252415513,-7.282425306174824]}"
1576,1932,1569,1409,1166,0.14734917879104614,1122,917,-7.283419561644044,72.43715001139648,"{""type"":""Point"",""coordinates"":[72.43712899162641,-7.283430739890577]}"
1577,1136,799,622,399,0.33388981223106384,329,224,-7.292544148114933,72.43658658351782,"{""type"":""Point"",""coordinates"":[72.4366269402785,-7.29257599166079]}"
1579,2964,2386,2354,2124,0.058093126863241196,1984,1531,-7.292589782996176,72.4186802929222,"{""type"":""Point"",""coordinates"":[72.41868850157088,-7.292559859898141]}"
1581,1157,809,588,413,0.3240589201450348,327,243,-7.284422682643127,72.41201639782894,"{""type"":""Point"",""coordinates"":[72.41198991793135,-7.2843986717824665]}"
1583,1561,1279,1123,849,0.20206766917293234,750,587,-7.300868913863781,72.37451702649675,"{""type"":""Point"",""coordinates"":[72.37451130231551,-7.30088042034159]}"
1584,1201,630,407,353,0.28179043531417847,413,430,-7.298836520546602,72.4403425946068,"{""type"":""Point"",""coordinates"":[72.44037498760372,-7.298873656093257]}"
1585,1069,673,382,228,0.49389567971229553,107,64,-7.308213378522125,72.43037552801925,"{""type"":""Point"",""coordinates"":[72.43041549480466,-7.308206347507639]}"
1586,1351,1009,787,623,0.23651960492134094,382,247,-7.279092017939466,72.40040014130636,"{""type"":""Point"",""coordinates"":[72.40042066564948,-7.2790670634628984]}"
1589,1462,1093,866,676,0.23572640120983124,666,485,-7.287154122091678,72.40905262660488,"{""type"":""Point"",""coordinates"":[72.40908820899321,-7.287128277068476]}"
1590,4322,4178,3965,3681,0.06323959678411484,3220,2337,-7.30274888572672,72.41269797419135,"{""type"":""Point"",""coordinates"":[72.41272268451895,-7.302755603698238]}"
1592,2824,2359,2102,2100,0.058084771037101746,1486,1052,-7.277726868921436,72.43764921825655,"{""type"":""Point"",""coordinates"":[72.43768944409395,-7.277710842354328]}"
1593,1939,1520,717,515,0.4938575029373169,394,267,-7.285344318575857,72.38552482133233,"{""type"":""Point"",""coordinates"":[72.38552286562623,-7.2853103970701545]}"
1594,2232,1748,1123,937,0.3020484149456024,856,628,-7.307973457106608,72.42630386790313,"{""type"":""Point"",""coordinates"":[72.42627275009198,-7.307968683658942]}"
1596,1188,807,590,439,0.29534509778022766,381,258,-7.288121079590951,72.43637195473843,"{""type"":""Point"",""coordinates"":[72.43635032750605,-7.288129662061883]}"
1597,4326,4022,3950,3891,0.01655503548681736,3640,2985,-7.30993825760317,72.3933977096009,"{""type"":""Point"",""coordinates"":[72.39340351159423,-7.309916910864057]}"
1601,907,606,419,266,0.38990825688073394,164,110,-7.312720644745827,72.37162130761543,"{""type"":""Point"",""coordinates"":[72.37163078986413,-7.312755183642871]}"
1602,1860,1523,1333,1143,0.14253562688827515,1149,842,-7.280840297982424,72.42003810956327,"{""type"":""Point"",""coordinates"":[72.42006093149926,-7.280806548664376]}"
1603,1421,1016,677,467,0.37019553780555725,409,311,-7.283702665484623,72.3876830374666,"{""type"":""Point"",""coordinates"":[72.38767493011841,-7.283708051538214]}"
1605,1721,1466,1301,1000,0.18896998465061188,888,666,-7.28664034006115,72.42921622333743,"{""type"":""Point"",""coordinates"":[72.42917484184791,-7.286676190088221]}"
1606,1201,873,605,435,0.3348623812198639,299,191,-7.298460108495616,72.43048196889558,"{""type"":""Point"",""coordinates"":[72.43048802289174,-7.298463296497891]}"
1608,3760,3455,3273,3108,0.05287216231226921,2829,2077,-7.297683865989361,72.42568280508243,"{""type"":""Point"",""coordinates"":[72.42566090513569,-7.29765446529659]}"
1610,4139,4013,2686,2379,0.25563204288482666,1874,1328,-7.304876271503041,72.41795971645297,"{""type"":""Point"",""coordinates"":[72.41793975181533,-7.304895682261101]}"
1611,1429,1105,916,791,0.16561181434599156,714,548,-7.299682148436165,72.37622655258835,"{""type"":""Point"",""coordinates"":[72.37624725756434,-7.299664629456506]}"
1612,1315,994,873,698,0.17494089834515367,764,569,-7.297802074956125,72.37404179775373,"{""type"":""Point"",""coordinates"":[72.37400740883524,-7.297762026183024]}"
1613,4619,4432,4530,4242,0.021904543042182922,3893,2804,-7.297382346312803,72.41781230878844,"{""type"":""Point"",""coordinates"":[72.41781133017597,-7.297391358440061]}"
1614,959,634,427,283,0.38276990185387133,193,136,-7.308924625642476,72.37204503427402,"{""type"":""Point"",""coordinates"":[72.37203524098021,-7.308918873112727]}"
1617,1373,1075,943,778,0.16028062601187265,720,518,-7.295655808832566,72.37122196215562,"{""type"":""Point"",""coordinates"":[72.3712422723222,-7.295695593790143]}"
1618,1805,1524,1366,1098,0.16247139871120453,1151,933,-7.288366500325926,72.43971995016719,"{""type"":""Point"",""coordinates"":[72.43968046424999,-7.288345144262939]}"
1620,1738,1482,931,738,0.3351351320743561,501,280,-7.312003713949357,72.43067580679336,"{""type"":""Point"",""coordinates"":[72.43070695550362,-7.312004341789767]}"
1621,1624,1247,957,792,0.22314859926700592,781,587,-7.278466652176047,72.38746281976546,"{""type"":""Point"",""coordinates"":[72.38747495130778,-7.278422487028773]}"
1624,3100,3171,3031,1698,0.30252617597579956,935,559,-7.29860749808819,72.3870716446852,"{""type"":""Point"",""coordinates"":[72.38710028588612,-7.298587989803302]}"
1626,1644,1240,1031,849,0.18717089295387268,861,618,-7.290901389313166,72.4269877376084,"{""type"":""Point"",""coordinates"":[72.42695717852021,-7.2908678311727515]}"
1627,5513,5238,5189,5123,0.0110993143171072,3966,2861,-7.312821837893261,72.4061721384315,"{""type"":""Point"",""coordinates"":[72.40615199613585,-7.312854307939817]}"
1628,1462,1099,804,700,0.2217898815870285,584,406,-7.280701097219492,72.39055451991982,"{""type"":""Point"",""coordinates"":[72.39058552108091,-7.280704626232879]}"
1629,4232,3876,3666,3842,0.0044052861630916595,3387,2531,-7.297485575996639,72.40415663948278,"{""type"":""Point"",""coordinates"":[72.40414722184036,-7.297505982816387]}"
1635,4205,3816,3776,3550,0.03611186519265175,3314,2403,-7.299444087744928,72.41981765045938,"{""type"":""Point"",""coordinates"":[72.41977650896408,-7.2994696671782275]}"
1636,1588,1215,933,719,0.25646328926086426,782,599,-7.28017285757588,72.38874177707376,"{""type"":""Point"",""coordinates"":[72.38872924775842,-7.280214812231258]}"
1643,1776,1597,968,548,0.48904427886009216,484,369,-7.2862432494361755,72.38607421632938,"{""type"":""Point"",""coordinates"":[72.38609638117302,-7.286275248133773]}"
1648,967,620,374,226,0.4657210409641266,118,80,-7.30051763440396,72.43302995030749,"{""type"":""Point"",""coordinates"":[72.43304555419066,-7.300498414077942]}"
1649,1631,1281,1112,938,0.15457412600517273,1062,921,-7.2814591841727045,72.4336985485703,"{""type"":""Point"",""coordinates"":[72.43372754302308,-7.281490048896208]}"
1652,3754,3493,3219,3105,0.05880570039153099,2817,2096,-7.301312344515335,72.4116017800378,"{""type"":""Point"",""coordinates"":[72.4115903753588,-7.301274363460624]}"
1654,3120,2736,2652,2574,0.03050847537815571,2836,2374,-7.280569226293576,72.408098449885,"{""type"":""Point"",""coordinates"":[72.40812994827301,-7.28059341546515]}"
1656,1253,1183,995,695,0.2598509192466736,809,625,-7.3043631055295695,72.43794303643962,"{""type"":""Point"",""coordinates"":[72.43792161891105,-7.304346911637686]}"
1660,2770,2231,1745,2019,0.049882352352142334,1208,794,-7.281105765222427,72.3967978100534,"{""type"":""Point"",""coordinates"":[72.39681393427709,-7.281111230274038]}"
1662,1118,784,547,381,0.3459227383136749,270,182,-7.284246866253699,72.41138200525681,"{""type"":""Point"",""coordinates"":[72.41134519156424,-7.284202223238741]}"
1664,896,554,343,206,0.4578947424888611,99,60,-7.298307853310481,72.4386202356881,"{""type"":""Point"",""coordinates"":[72.43858338267937,-7.298285853931377]}"
1667,1684,1275,1035,932,0.15541459619998932,881,663,-7.285068412862304,72.41021253560093,"{""type"":""Point"",""coordinates"":[72.41017618646065,-7.285064223567464]}"
1668,3866,3650,3646,3358,0.0416666679084301,3089,2312,-7.30880967511466,72.3993584676358,"{""type"":""Point"",""coordinates"":[72.39936475274257,-7.308815385846085]}"
1670,3607,3436,3570,3036,0.061804696917533875,3132,2512,-7.2964601962072315,72.42033759896199,"{""type"":""Point"",""coordinates"":[72.42029391788142,-7.2964867431774385]}"
1671,1611,1240,988,863,0.17926771938800812,856,636,-7.28670468174633,72.40877791128943,"{""type"":""Point"",""coordinates"":[72.40877617912817,-7.2866678836566425]}"
1672,944,586,354,209,0.4742138385772705,126,70,-7.298537335250957,72.43220088811852,"{""type"":""Point"",""coordinates"":[72.43216753705535,-7.298501232471535]}"
1673,2998,2693,2672,2287,0.08152610808610916,2452,1952,-7.295522257604172,72.42494283868639,"{""type"":""Point"",""coordinates"":[72.42491172523614,-7.295556595438229]}"
1676,5525,5297,5479,5207,0.008568164892494678,4545,3528,-7.311485151608405,72.40381046633418,"{""type"":""Point"",""coordinates"":[72.40383868694688,-7.311466559489948]}"
1677,3926,3639,3632,3320,0.04583992063999176,3286,2406,-7.29787132289323,72.42477984409274,"{""type"":""Point"",""coordinates"":[72.42481248457803,-7.297900382668386]}"
1679,1498,1077,851,704,0.20943289995193481,736,600,-7.283036811235357,72.41616600298126,"{""type"":""Point"",""coordinates"":[72.4161494750536,-7.2830485709490995]}"
1682,1301,1043,919,622,0.2528528571128845,697,626,-7.28873112092854,72.43927055635393,"{""type"":""Point"",""coordinates"":[72.43929670847012,-7.288704982026614]}"
1685,1181,836,616,440,0.3103448152542114,307,208,-7.292804705408702,72.43794512364965,"{""type"":""Point"",""coordinates"":[72.43798129014277,-7.292837524183686]}"
1686,1051,720,524,386,0.3019891381263733,292,185,-7.308266814940967,72.38750621126063,"{""type"":""Point"",""coordinates"":[72.38746524843987,-7.3082592866509035]}"
1687,1653,1296,1190,911,0.17444494366645813,1041,786,-7.282018757532273,72.40747634635765,"{""type"":""Point"",""coordinates"":[72.40746936165289,-7.282002056705591]}"
1688,2854,2504,2350,2300,0.042464613914489746,2213,1754,-7.308129557153894,72.3937458193647,"{""type"":""Point"",""coordinates"":[72.39372719687798,-7.308140785442585]}"
1698,1369,1009,835,655,0.21274039149284363,586,408,-7.286247571752941,72.4333732875737,"{""type"":""Point"",""coordinates"":[72.4334101364718,-7.286244541107409]}"
1700,1440,1060,753,649,0.24049150943756104,428,273,-7.287416464823166,72.39820196442413,"{""type"":""Point"",""coordinates"":[72.39819441425914,-7.287392882841372]}"
1702,993,648,437,325,0.3319630010277492,256,153,-7.311635680706742,72.37179405244913,"{""type"":""Point"",""coordinates"":[72.3718356310441,-7.311612471696441]}"
1705,1396,1084,909,749,0.18276050190943807,828,621,-7.296535837208969,72.37430363080166,"{""type"":""Point"",""coordinates"":[72.3742709458828,-7.296522188975457]}"
1708,1373,1036,708,565,0.2941911220550537,483,357,-7.290259904796734,72.39234481417955,"{""type"":""Point"",""coordinates"":[72.39230689879084,-7.290218749774618]}"
1711,2098,1644,1299,1265,0.1302853226661682,1047,815,-7.291493214162901,72.42039028936644,"{""type"":""Point"",""coordinates"":[72.42035814944629,-7.291535908331411]}"
1712,3301,2995,2668,2454,0.09928426891565323,2257,1600,-7.302312986051885,72.42255267486696,"{""type"":""Point"",""coordinates"":[72.42257436715788,-7.302314589644408]}"
1715,5353,5230,5280,5008,0.02168392203748226,4133,2806,-7.299909278595733,72.41801239099334,"{""type"":""Point"",""coordinates"":[72.41805608743337,-7.29990688204207]}"
1716,2361,1672,1310,1358,0.10363036394119263,1071,871,-7.301199218157869,72.42652353817493,"{""type"":""Point"",""coordinates"":[72.42653414357004,-7.301178079425378]}"
1717,3654,3409,3221,3126,0.043305277824401855,2572,1690,-7.3117612638644545,72.39115036954689,"{""type"":""Point"",""coordinates"":[72.39114377481437,-7.311805399579882]}"
1718,3081,2857,2761,2770,0.015461169183254242,2413,1699,-7.300379883606936,72.40354545700374,"{""type"":""Point"",""coordinates"":[72.40350940690398,-7.300407855566726]}"
1721,1088,761,523,345,0.37613019347190857,314,238,-7.283153062019835,72.4127302827121,"{""type"":""Point"",""coordinates"":[72.41276314888856,-7.2831206199909495]}"
1722,4482,4350,4434,4271,0.009163670241832733,4003,3165,-7.3109652254691415,72.41285083098391,"{""type"":""Point"",""coordinates"":[72.41282651272573,-7.31094006056695]}"
1724,929,605,400,264,0.39240506291389465,153,95,-7.304525160006671,72.38069470309286,"{""type"":""Point"",""coordinates"":[72.38073029368796,-7.304558001750859]}"
1726,1238,873,617,437,0.3328244388103485,361,259,-7.283934903872202,72.39283982011027,"{""type"":""Point"",""coordinates"":[72.39284624615154,-7.283924991275228]}"
1729,1495,1082,820,711,0.20691578090190887,622,447,-7.287951492970463,72.43492368661235,"{""type"":""Point"",""coordinates"":[72.43495459917818,-7.28796730605861]}"
1730,996,671,462,324,0.3487437185929648,208,152,-7.310367407121649,72.37232720606744,"{""type"":""Point"",""coordinates"":[72.37229764147172,-7.310410269327369]}"
1734,1481,1174,1038,822,0.17635270541082165,819,617,-7.299202880332149,72.37993113564168,"{""type"":""Point"",""coordinates"":[72.37997206930397,-7.299164876860402]}"
1737,2449,2073,1847,1722,0.09249012172222137,1631,1244,-7.285955005198829,72.4243274462139,"{""type"":""Point"",""coordinates"":[72.42436657666343,-7.285951988958818]}"
1738,1496,1161,927,791,0.18954917788505554,705,498,-7.283408929817547,72.41472183392406,"{""type"":""Point"",""coordinates"":[72.41475824085528,-7.28338388828745]}"
1739,1928,1495,1081,869,0.264805406332016,861,642,-7.284791680504385,72.38696770596896,"{""type"":""Point"",""coordinates"":[72.38699736717322,-7.284807335987577]}"
1744,1360,1119,1021,784,0.17603783309459686,692,473,-7.303137411131394,72.38511601091281,"{""type"":""Point"",""coordinates"":[72.38511812235824,-7.303169023138465]}"
1752,978,623,379,218,0.4815695583820343,126,83,-7.30051969935063,72.43275865000413,"{""type"":""Point"",""coordinates"":[72.43279722119182,-7.300563937037696]}"
1755,1813,1672,1073,604,0.4692443013191223,415,257,-7.29824222647797,72.38761154849962,"{""type"":""Point"",""coordinates"":[72.3876447696848,-7.298239567327884]}"
1756,2180,1812,1531,1387,0.13285401463508606,1311,960,-7.2938621504401775,72.41760469250023,"{""type"":""Point"",""coordinates"":[72.41756215954605,-7.2938899253817935]}"
1758,1502,1184,1004,833,0.17402082681655884,764,568,-7.2776540417609406,72.39948492945182,"{""type"":""Point"",""coordinates"":[72.3995047688241,-7.277692747605964]}"
1759,1395,1055,911,688,0.2105565071105957,719,565,-7.290258551830782,72.44027701740082,"{""type"":""Point"",""coordinates"":[72.4402882433512,-7.290237525815928]}"
1761,4288,4016,3930,3728,0.03719008341431618,3338,2587,-7.296837827149279,72.41816992911502,"{""type"":""Point"",""coordinates"":[72.41815645020768,-7.296819637786642]}"
1762,1455,1131,923,744,0.20640000700950623,589,349,-7.27742184765125,72.39432825200177,"{""type"":""Point"",""coordinates"":[72.39432232556368,-7.277457724570782]}"
1763,2805,2339,1900,2046,0.06681869924068451,1370,928,-7.294006431833683,72.42239903176629,"{""type"":""Point"",""coordinates"":[72.42241662999709,-7.293990064305055]}"
1765,5053,4902,4881,4852,0.0051261018961668015,4247,3199,-7.311965344682542,72.4119540044448,"{""type"":""Point"",""coordinates"":[72.411982840207,-7.31196388774353]}"
1766,948,633,391,254,0.42728298902511597,177,152,-7.308055521188154,72.4392374462514,"{""type"":""Point"",""coordinates"":[72.43923357533166,-7.308050731867904]}"
1769,1540,1242,1055,823,0.2029055655002594,888,705,-7.282376059272095,72.39599343577449,"{""type"":""Point"",""coordinates"":[72.39601134615154,-7.2823399047348945]}"
1770,1417,1027,814,648,0.22626866400241852,637,491,-7.282729680337412,72.42095680525999,"{""type"":""Point"",""coordinates"":[72.4209719022017,-7.282739506208207]}"
1772,4747,4417,4479,4254,0.01879829354584217,3812,2810,-7.298382458231457,72.4169155110222,"{""type"":""Point"",""coordinates"":[72.41689667926067,-7.298404049275048]}"
1773,1679,1268,1025,880,0.18063314259052277,817,571,-7.284227449888868,72.40197632645224,"{""type"":""Point"",""coordinates"":[72.40200746240374,-7.28426526184049]}"
1774,1036,720,492,342,0.3559322033898305,248,176,-7.305910845377279,72.37654466948933,"{""type"":""Point"",""coordinates"":[72.37655177972228,-7.305890634913343]}"
1775,1356,990,782,575,0.2651757299900055,510,367,-7.287981727432541,72.43094472651356,"{""type"":""Point"",""coordinates"":[72.43093639737118,-7.288015651079136]}"
1778,4290,3905,3693,3632,0.03622130677103996,2881,1960,-7.299946257309407,72.41312890301701,"{""type"":""Point"",""coordinates"":[72.41316588223795,-7.299990314338245]}"
1779,1512,1166,956,897,0.1303926320891905,807,592,-7.303753793805028,72.37517179408253,"{""type"":""Point"",""coordinates"":[72.37513403813337,-7.303730401356715]}"
1780,1514,1092,798,590,0.298454225063324,531,407,-7.282237539354274,72.39038519676126,"{""type"":""Point"",""coordinates"":[72.3903910070736,-7.282281712356376]}"
1781,1715,1385,1156,987,0.16779088973999023,887,743,-7.285069168732647,72.4220598025977,"{""type"":""Point"",""coordinates"":[72.42201845598255,-7.285079358765551]}"
1782,1800,1346,803,1048,0.12447786331176758,567,344,-7.299185221793751,72.43012574504377,"{""type"":""Point"",""coordinates"":[72.43016631630067,-7.299199116901645]}"
1784,1673,1316,1091,897,0.18933574855327606,751,569,-7.2861006256848695,72.4289408069262,"{""type"":""Point"",""coordinates"":[72.42890569366622,-7.286145473682663]}"
1785,1454,1347,1343,930,0.1831357048748353,911,769,-7.28878753771796,72.37189406466416,"{""type"":""Point"",""coordinates"":[72.37185765214235,-7.288808111608317]}"
1786,1633,1279,1096,867,0.191985085606575,908,698,-7.2884279315482905,72.41973394467725,"{""type"":""Point"",""coordinates"":[72.41972862788589,-7.288413759918155]}"
1787,1684,1388,1213,1015,0.15522263944149017,1010,725,-7.2829266904645955,72.41878782844286,"{""type"":""Point"",""coordinates"":[72.41883017468322,-7.282950205537332]}"
1788,921,573,335,182,0.5178807973861694,70,35,-7.30736007055524,72.43570497517719,"{""type"":""Point"",""coordinates"":[72.43574847241199,-7.3073381958357535]}"
1789,1197,839,553,390,0.36533766984939575,403,365,-7.292555305518349,72.39932602625373,"{""type"":""Point"",""coordinates"":[72.39933423176183,-7.292544781935989]}"
1791,909,572,333,192,0.49738219380378723,81,46,-7.302205686111331,72.43666039401766,"{""type"":""Point"",""coordinates"":[72.43666522903418,-7.302163129174643]}"
1792,3962,3715,3706,3389,0.04588963836431503,3241,2307,-7.297600435275547,72.42477778166061,"{""type"":""Point"",""coordinates"":[72.4247858935252,-7.297594748894869]}"
1793,1495,1106,772,636,0.26980483531951904,730,522,-7.301136561123924,72.38700025014415,"{""type"":""Point"",""coordinates"":[72.38696146907614,-7.30115655217512]}"
1794,4093,3762,3752,3461,0.04167243465781212,3172,2375,-7.2943820107334165,72.4205026793405,"{""type"":""Point"",""coordinates"":[72.42048336630003,-7.294402147525924]}"
1797,1833,1506,1308,1081,0.16428294777870178,980,770,-7.283880660122905,72.43588743796415,"{""type"":""Point"",""coordinates"":[72.4359021670436,-7.283848270874474]}"
1798,4182,3881,3683,3610,0.03617674484848976,3026,2181,-7.298268864330097,72.41998959324815,"{""type"":""Point"",""coordinates"":[72.41996752407105,-7.29828413318529]}"
1799,1280,932,610,446,0.3526850640773773,378,270,-7.286640476754579,72.39331238925843,"{""type"":""Point"",""coordinates"":[72.39332714376164,-7.286615565819053]}"
1800,3352,3455,3606,3205,0.03753753751516342,3314,2490,-7.298039641947303,72.40253289624862,"{""type"":""Point"",""coordinates"":[72.40254066361754,-7.298058855587497]}"
1804,1347,980,778,610,0.23270440101623535,578,419,-7.278493856541577,72.43177684918491,"{""type"":""Point"",""coordinates"":[72.43181716235401,-7.27850128330662]}"
1805,1168,815,605,437,0.3019169270992279,419,338,-7.279694922798013,72.39226528192127,"{""type"":""Point"",""coordinates"":[72.39229526052753,-7.279717817950564]}"
1809,1385,1053,889,646,0.23955267667770386,754,567,-7.298472348019791,72.38101096272217,"{""type"":""Point"",""coordinates"":[72.38100277219797,-7.298507017253336]}"
1813,2753,2759,1690,923,0.49864205718040466,854,620,-7.284194795075637,72.38226034977458,"{""type"":""Point"",""coordinates"":[72.38230154651104,-7.284194257984957]}"
1816,2276,2057,1906,1587,0.1289791464805603,1447,1030,-7.294074218369763,72.41344610959898,"{""type"":""Point"",""coordinates"":[72.41341480424923,-7.294060127363359]}"
1817,4467,4215,4104,3960,0.031192660331726074,3545,2480,-7.3012986584016435,72.41341049063323,"{""type"":""Point"",""coordinates"":[72.413420291123,-7.301321851404295]}"
1821,1198,814,557,435,0.30344274640083313,294,203,-7.287077400791362,72.43111871094861,"{""type"":""Point"",""coordinates"":[72.43109592307842,-7.287096129230973]}"
1822,2792,2444,2301,2201,0.05231431499123573,2386,1923,-7.280475521125853,72.40854992611916,"{""type"":""Point"",""coordinates"":[72.40853805312369,-7.280462002121406]}"
1823,1415,1086,902,758,0.17787418655097614,725,522,-7.293116575973492,72.37265002562663,"{""type"":""Point"",""coordinates"":[72.37263114470717,-7.293110589211016]}"
1824,2176,2067,2134,1579,0.13384531438350677,1790,1453,-7.2867432645435875,72.43943624910341,"{""type"":""Point"",""coordinates"":[72.43945576165217,-7.286770580979731]}"
1825,1274,963,839,596,0.2354073123797306,757,607,-7.303615134301206,72.36956317217167,"{""type"":""Point"",""coordinates"":[72.3695458822691,-7.3036304485240455]}"
1830,2031,1891,1853,1430,0.13881361484527588,1671,1432,-7.280890857523619,72.4133462131785,"{""type"":""Point"",""coordinates"":[72.41335327562018,-7.280873739361348]}"
1832,2817,2429,2158,2104,0.0716964453458786,2004,1606,-7.294372448648222,72.40983079553664,"{""type"":""Point"",""coordinates"":[72.40987408865236,-7.294393128286182]}"
1833,1382,1042,769,751,0.162297824874512,423,274,-7.309954016976081,72.37928842990397,"{""type"":""Point"",""coordinates"":[72.37933105897433,-7.309996139142542]}"
1835,1540,1134,928,754,0.201271191239357,787,618,-7.286486263460007,72.40181250273956,"{""type"":""Point"",""coordinates"":[72.40184989813604,-7.286477832785618]}"
1836,1149,761,520,363,0.354092538356781,259,180,-7.285993441213335,72.39529718053912,"{""type"":""Point"",""coordinates"":[72.39531965366476,-7.285994526562424]}"
1837,1259,870,624,541,0.23316796598157336,412,254,-7.307938760681665,72.37104272939156,"{""type"":""Point"",""coordinates"":[72.37107846997226,-7.307976117231311]}"
1840,1701,1362,1034,976,0.165098374679213,918,684,-7.291628498449241,72.37842717404433,"{""type"":""Point"",""coordinates"":[72.37842456284106,-7.291630612479457]}"
1842,916,581,349,211,0.46717172861099243,102,56,-7.3018307197251815,72.43846629802658,"{""type"":""Point"",""coordinates"":[72.43848069742177,-7.30179647898001]}"
1845,2072,1503,1134,1211,0.10759027302265167,992,719,-7.291207937449854,72.42228731738456,"{""type"":""Point"",""coordinates"":[72.42228815637964,-7.291190476223656]}"
1850,5135,4919,5035,4835,0.008611851371824741,4481,3330,-7.295953241292967,72.40378328326578,"{""type"":""Point"",""coordinates"":[72.40375274529109,-7.295960874220853]}"
1851,1343,1022,917,631,0.23653963208198547,709,526,-7.300628698516129,72.3824742684338,"{""type"":""Point"",""coordinates"":[72.3824361518571,-7.300606327161878]}"
1852,1358,1024,776,643,0.22855429351329803,555,402,-7.28812933247779,72.43528678673285,"{""type"":""Point"",""coordinates"":[72.43528138779847,-7.288124771122325]}"
1854,4341,4007,3937,3762,0.031535591930150986,3330,2396,-7.299579594701073,72.4138496424062,"{""type"":""Point"",""coordinates"":[72.41385999511415,-7.299551256180627]}"
1855,2144,1726,1341,1285,0.14646296203136444,1243,1069,-7.3012888267298,72.42661466052789,"{""type"":""Point"",""coordinates"":[72.42660364394122,-7.301319916147267]}"
1856,3183,2849,2690,2501,0.06504672765731812,2412,1940,-7.296241879074762,72.42531007062182,"{""type"":""Point"",""coordinates"":[72.4252696070685,-7.2962150414921165]}"
1858,1907,1461,1100,1098,0.14185228943824768,943,660,-7.285238770171352,72.41157038921965,"{""type"":""Point"",""coordinates"":[72.41158236292644,-7.285270235851528]}"
1859,1856,1517,1342,1097,0.16067329049110413,1083,790,-7.289529283079596,72.41739092495311,"{""type"":""Point"",""coordinates"":[72.4174153666343,-7.289568127748235]}"
1860,1426,1106,913,774,0.17659574468085107,669,476,-7.295119406420966,72.37049439737872,"{""type"":""Point"",""coordinates"":[72.37049174914897,-7.295157423524032]}"
1861,1967,1887,1773,1341,0.16914498805999756,1462,1139,-7.287107000744355,72.41529248402723,"{""type"":""Point"",""coordinates"":[72.41533200228301,-7.287084195706067]}"
1867,1139,717,392,244,0.49219563603401184,106,74,-7.305962190032958,72.42954437750954,"{""type"":""Point"",""coordinates"":[72.42953426252322,-7.305985859744023]}"
1868,890,605,428,251,0.413551390171051,194,187,-7.311456525498608,72.38364112676271,"{""type"":""Point"",""coordinates"":[72.38363526627062,-7.311490900174257]}"
1869,1590,1299,1110,904,0.1793009489774704,837,593,-7.2982720865928865,72.38363230051014,"{""type"":""Point"",""coordinates"":[72.38366458129492,-7.2982879028517464]}"
1872,2056,1932,1564,1175,0.2436433881521225,965,680,-7.297715363495878,72.3856178486988,"{""type"":""Point"",""coordinates"":[72.38562474158628,-7.297736598378207]}"
1874,1512,1250,924,912,0.1563367247581482,599,384,-7.312173278715751,72.43212416158869,"{""type"":""Point"",""coordinates"":[72.4321083126802,-7.312217326066243]}"
1879,4403,4010,3911,3964,0.005768748465925455,3130,2170,-7.309222239466032,72.40451685798384,"{""type"":""Point"",""coordinates"":[72.40455507817994,-7.3092436447055915]}"
1883,2327,1881,1652,1550,0.096473328769207,1424,1130,-7.285686172865964,72.42405409359876,"{""type"":""Point"",""coordinates"":[72.42402898465156,-7.285714375488366]}"
1884,2093,1778,1721,1488,0.08879362791776657,1779,1451,-7.2805061737510455,72.40448048967349,"{""type"":""Point"",""coordinates"":[72.40451337638781,-7.2804737837020115]}"
1885,1010,689,498,331,0.3509803921568627,214,123,-7.307354296149013,72.37673640801971,"{""type"":""Point"",""coordinates"":[72.37676750709,-7.307354589368813]}"
1886,2345,1865,1625,1554,0.09096226841211319,1320,973,-7.2889033632256695,72.41657223511203,"{""type"":""Point"",""coordinates"":[72.41656929476757,-7.288877151015784]}"
1887,4044,3597,3600,3368,0.032878678292036057,3063,2236,-7.296616101316019,72.42359458485518,"{""type"":""Point"",""coordinates"":[72.42363516188806,-7.296580455635932]}"
1891,1241,890,617,556,0.23098202049732208,317,227,-7.311710431761144,72.38590417436454,"{""type"":""Point"",""coordinates"":[72.38586765024883,-7.311672778187155]}"
1893,4914,4741,4827,4701,0.0042363908141851425,4254,3285,-7.310825030323108,72.40751363639716,"{""type"":""Point"",""coordinates"":[72.40746954651796,-7.3108467611367365]}"
1894,1621,1395,950,845,0.24553571428571427,828,625,-7.288128418691795,72.37550679435341,"{""type"":""Point"",""coordinates"":[72.3754625984536,-7.288088676468363]}"
1898,1253,912,693,489,0.30192720890045166,450,360,-7.283088812540472,72.42123083964513,"{""type"":""Point"",""coordinates"":[72.42126628031647,-7.283111240017072]}"
1899,4409,4102,3998,3841,0.03285912051796913,3257,2306,-7.300306076465296,72.41331251501444,"{""type"":""Point"",""coordinates"":[72.41330057678184,-7.300271239402512]}"
1901,1524,1155,1017,753,0.21069182455539703,629,446,-7.28745437217769,72.42904154713332,"{""type"":""Point"",""coordinates"":[72.42902245545484,-7.287460450504093]}"
1905,1465,1179,1002,797,0.19331984221935272,824,622,-7.27973621917608,72.422742802024,"{""type"":""Point"",""coordinates"":[72.42273238376427,-7.27971394229058]}"
1908,3824,3368,2858,3143,0.034556902945041656,2742,2253,-7.298708085682587,72.40968277476935,"{""type"":""Point"",""coordinates"":[72.40972120264676,-7.298664218266622]}"
1910,1989,1887,1809,1483,0.11988130211830139,1442,1155,-7.308333304949804,72.39067226270834,"{""type"":""Point"",""coordinates"":[72.39068109814596,-7.308364314936505]}"
1911,2017,1539,1007,775,0.33016422390937805,765,574,-7.30426239662213,72.42745128805748,"{""type"":""Point"",""coordinates"":[72.42743458429551,-7.304228090980721]}"
1912,2669,2348,1864,2030,0.07263590395450592,1467,946,-7.3120147347905196,72.42922883039573,"{""type"":""Point"",""coordinates"":[72.42920209623036,-7.311970234657794]}"
1915,2806,2783,2008,2024,0.15789473684210525,1550,1127,-7.282961698083259,72.37809085796455,"{""type"":""Point"",""coordinates"":[72.37806372597605,-7.282923853840072]}"
1916,4505,4305,4279,4134,0.02026306465268135,3619,2579,-7.306462701751913,72.41118866578041,"{""type"":""Point"",""coordinates"":[72.41121581647312,-7.306446815513]}"
1918,1414,1061,877,649,0.24093566834926605,564,375,-7.287622606194563,72.43067068231608,"{""type"":""Point"",""coordinates"":[72.43070162398364,-7.287644437023421]}"
1919,2178,1801,1582,1460,0.10456915199756622,1154,859,-7.28204450918998,72.43985255941313,"{""type"":""Point"",""coordinates"":[72.43985973850211,-7.28208707552801]}"
1930,2392,2325,2237,1910,0.0979929193854332,2320,1780,-7.30568764477753,72.40620847370027,"{""type"":""Point"",""coordinates"":[72.40623022149339,-7.30564754919924]}"
1932,1380,983,789,624,0.2233976423740387,615,462,-7.289906078202111,72.42725147374105,"{""type"":""Point"",""coordinates"":[72.42727547546657,-7.289924293451902]}"
1933,1732,1565,1078,783,0.3330494165420532,959,746,-7.296534683383539,72.38651338500215,"{""type"":""Point"",""coordinates"":[72.38654206786832,-7.296542031429727]}"
1935,3305,2979,2750,2717,0.04599719122052193,2458,1794,-7.295454649750511,72.41001987529724,"{""type"":""Point"",""coordinates"":[72.40999848896386,-7.295412400106692]}"
1938,1585,1224,1009,824,0.1953125,781,585,-7.286705455316584,72.42062523894515,"{""type"":""Point"",""coordinates"":[72.42061016956664,-7.286677403968054]}"
1941,1432,1055,846,760,0.162534435261708,700,509,-7.296909885196687,72.37258801167734,"{""type"":""Point"",""coordinates"":[72.37261439646682,-7.296866246094645]}"
1944,1557,1277,1184,918,0.16355353593826294,1034,789,-7.278643665150775,72.41197266169681,"{""type"":""Point"",""coordinates"":[72.41195179499212,-7.278678625903554]}"
1947,1348,1082,1081,767,0.17036235803136832,863,674,-7.294637495616786,72.37456072390749,"{""type"":""Point"",""coordinates"":[72.37454534280849,-7.294604489975614]}"
1948,1170,867,707,540,0.232409381663113,466,338,-7.307995208006869,72.37556543557433,"{""type"":""Point"",""coordinates"":[72.3755311031792,-7.30803974249076]}"
1951,2707,2365,1745,1525,0.21593829989433289,1466,1050,-7.306458361639938,72.42366953426914,"{""type"":""Point"",""coordinates"":[72.42371167456022,-7.306480647649738]}"
1954,1791,1499,1225,1145,0.13388804841149773,979,750,-7.292253156111343,72.37942672318489,"{""type"":""Point"",""coordinates"":[72.37946747884067,-7.2922237174550615]}"
1956,1485,1109,834,684,0.2370329052209854,598,427,-7.2814214563017625,72.39083125307243,"{""type"":""Point"",""coordinates"":[72.39084557804206,-7.281385980459921]}"
1958,1153,795,557,395,0.3361344635486603,404,266,-7.282250091275736,72.41272344636783,"{""type"":""Point"",""coordinates"":[72.4127608576917,-7.282292942600888]}"
1959,2421,2013,1828,1666,0.09431910514831543,1506,1093,-7.291391956185157,72.42183652695296,"{""type"":""Point"",""coordinates"":[72.42187221220597,-7.291406074808632]}"
1960,909,602,402,258,0.4,156,96,-7.308775366638431,72.37991267801922,"{""type"":""Point"",""coordinates"":[72.37988885093728,-7.308756044053043]}"
1962,889,620,472,254,0.41876429319381714,181,123,-7.310274475844321,72.38471756081309,"{""type"":""Point"",""coordinates"":[72.38468171639721,-7.310313146478694]}"
1968,1275,992,820,651,0.20754716981132076,688,520,-7.295661887748972,72.37040801726434,"{""type"":""Point"",""coordinates"":[72.37041512312682,-7.2956647644556725]}"
1970,1203,828,525,349,0.4069668650627136,269,187,-7.286194414200574,72.39258551400727,"{""type"":""Point"",""coordinates"":[72.39255145386029,-7.286164248868191]}"
1973,3266,3356,1869,858,0.5927859544754028,741,520,-7.285554031211526,72.38163746918053,"{""type"":""Point"",""coordinates"":[72.38166161470113,-7.285569857929443]}"
1975,1602,1279,1197,974,0.1353750554815801,1015,781,-7.2962473482982055,72.37665298722676,"{""type"":""Point"",""coordinates"":[72.37668001641924,-7.296240632164039]}"
1979,4603,4332,4343,4092,0.028490029275417328,3665,2698,-7.299243605687395,72.4224388718803,"{""type"":""Point"",""coordinates"":[72.42245286811473,-7.2992172342475845]}"
1981,992,628,397,236,0.45370370149612427,146,100,-7.2952970222624565,72.43081960051126,"{""type"":""Point"",""coordinates"":[72.43085786211594,-7.295313877314238]}"
1982,2211,2163,1461,846,0.437686949968338,849,628,-7.295821785949067,72.3852418305758,"{""type"":""Point"",""coordinates"":[72.38528505282395,-7.295793560853582]}"
1985,2168,2083,1501,1097,0.31006288528442383,943,708,-7.293045541899059,72.38214593027253,"{""type"":""Point"",""coordinates"":[72.38214369156523,-7.293018182252503]}"
1986,3108,2745,2234,2478,0.05112004652619362,1657,1067,-7.295438720050769,72.40016177101367,"{""type"":""Point"",""coordinates"":[72.40016824842978,-7.295459776415349]}"
1987,1322,995,747,561,0.27892032265663147,511,386,-7.285029239331713,72.40342939251839,"{""type"":""Point"",""coordinates"":[72.403467249815,-7.28501572340258]}"
1990,1365,1109,996,698,0.22744881018262314,909,712,-7.294174497095497,72.37609477766142,"{""type"":""Point"",""coordinates"":[72.37607569059135,-7.294178215679109]}"
1992,2139,1826,1635,1446,0.11613691598176956,1332,994,-7.286826674759415,72.44034123867287,"{""type"":""Point"",""coordinates"":[72.44032243379151,-7.286814352069742]}"
1996,4078,3933,4067,3643,0.03827877342700958,3557,2598,-7.297949460151504,72.41447034841822,"{""type"":""Point"",""coordinates"":[72.41451474106417,-7.297992952868773]}"
