system:index,B2,B3,B4,B8,NDWI,SWIR1,SWIR2,latitude,longitude,.geo
0,1586,1281,1151,935,0.15613718330860138,866,664,-7.305345157664321,72.3806582527094,"{""type"":""Point"",""coordinates"":[72.38063659631389,-7.305317212050705]}"
2,2122,1640,1323,1095,0.19926874339580536,1084,808,-7.291877636434832,72.41150806734878,"{""type"":""Point"",""coordinates"":[72.41147124948338,-7.291902466439484]}"
10,1516,1201,1067,873,0.15814851224422455,857,641,-7.306348614542862,72.38228151537376,"{""type"":""Point"",""coordinates"":[72.3822645797805,-7.306376494361725]}"
12,1746,1393,1243,1054,0.13853698406211687,1003,730,-7.313324210747221,72.36975089294181,"{""type"":""Point"",""coordinates"":[72.3697953732999,-7.3133068419558755]}"
14,1752,1417,1260,1048,0.1496957391500473,1077,801,-7.278730247628689,72.41963831079144,"{""type"":""Point"",""coordinates"":[72.41965064787304,-7.278762792735771]}"
15,3300,3018,2749,2949,0.011563599798893917,2204,1268,-7.286897393455123,72.3784125418125,"{""type"":""Point"",""coordinates"":[72.37844137998617,-7.286913817443744]}"
18,1790,1415,1299,1099,0.1256961077451706,1083,822,-7.283070610831752,72.43599481966085,"{""type"":""Point"",""coordinates"":[72.43599390664346,-7.283061890623814]}"
19,2931,2603,2575,2237,0.07561983168125153,2287,1721,-7.293474408541586,72.42208808635264,"{""type"":""Point"",""coordinates"":[72.4220764105749,-7.293463767283009]}"
25,1598,1307,1157,954,0.15612560510635376,991,724,-7.307451356861887,72.3854428196535,"{""type"":""Point"",""coordinates"":[72.38541734040828,-7.307475166008451]}"
26,1853,1486,1212,1010,0.19070513546466827,1026,774,-7.304049718459875,72.43831912467351,"{""type"":""Point"",""coordinates"":[72.4383433338656,-7.304038722869171]}"
27,1336,1014,817,631,0.23282675445079803,640,490,-7.27748101128582,72.40661309715779,"{""type"":""Point"",""coordinates"":[72.40661531128436,-7.277450938346338]}"
30,1652,1416,1281,1062,0.14285714285714285,938,664,-7.29888728694156,72.37345551953968,"{""type"":""Point"",""coordinates"":[72.37341588433925,-7.298880214905205]}"
34,1634,1311,1159,887,0.19290263950824738,932,732,-7.306902350723453,72.38426942964388,"{""type"":""Point"",""coordinates"":[72.38431142613102,-7.306894410172699]}"
37,2032,1569,1237,1052,0.19725295901298523,1053,775,-7.293438203406131,72.40000494072554,"{""type"":""Point"",""coordinates"":[72.40000739156552,-7.293430455749643]}"
40,1960,1521,1234,1023,0.19575472176074982,988,736,-7.2893131492149115,72.40554950271351,"{""type"":""Point"",""coordinates"":[72.40559447276803,-7.289329283144756]}"
42,1924,1518,1306,1083,0.1672433614730835,1122,824,-7.295972571208071,72.4323010938718,"{""type"":""Point"",""coordinates"":[72.43230030086958,-7.295970358177805]}"
43,1737,1421,1246,1040,0.15481512248516083,1075,794,-7.283170209578422,72.4376233480759,"{""type"":""Point"",""coordinates"":[72.43761286723661,-7.28315645073755]}"
45,816,499,283,162,0.509833574295044,83,56,-7.289223291774885,72.43731742100708,"{""type"":""Point"",""coordinates"":[72.43727816836655,-7.289263955593564]}"
49,2500,2174,2016,1752,0.10748853534460068,1728,1411,-7.2934206692623365,72.42851435766816,"{""type"":""Point"",""coordinates"":[72.42847112667052,-7.2934460981268705]}"
50,1730,1396,1208,995,0.1677122563123703,984,737,-7.279452961686894,72.40379619246053,"{""type"":""Point"",""coordinates"":[72.40380231361928,-7.279496888803794]}"
51,2925,3145,1931,691,0.6397289037704468,611,385,-7.314400736321162,72.43101920117326,"{""type"":""Point"",""coordinates"":[72.4310148295993,-7.314370811653159]}"
52,3075,2922,2582,2347,0.10912887006998062,1807,1095,-7.285840295574631,72.38312478833626,"{""type"":""Point"",""coordinates"":[72.3831447366959,-7.285821187709846]}"
53,1718,1423,1190,1057,0.14758063852787018,1044,763,-7.282947888411126,72.43029370474572,"{""type"":""Point"",""coordinates"":[72.43028768695359,-7.28292812562504]}"
60,1747,1433,1265,1078,0.14137794077396393,1072,807,-7.283606143983523,72.43481520656167,"{""type"":""Point"",""coordinates"":[72.43478583046947,-7.283645756758588]}"
65,2415,2141,2050,1865,0.06889665501747379,1729,1277,-7.304781938124254,72.37704131081436,"{""type"":""Point"",""coordinates"":[72.37708320055148,-7.304750620851315]}"
67,2087,1676,1286,1002,0.2516803443431854,1003,756,-7.3139999137936265,72.43998212200876,"{""type"":""Point"",""coordinates"":[72.44001636261662,-7.313969067266346]}"
71,2041,1584,1249,1049,0.20319028198719025,1028,765,-7.289917100974677,72.40056828970086,"{""type"":""Point"",""coordinates"":[72.40055611966189,-7.28990385738101]}"
72,2090,2118,1293,475,0.6336290240287781,349,235,-7.294336640084751,72.3990947039227,"{""type"":""Point"",""coordinates"":[72.39909743036533,-7.294314824898849]}"
73,2202,1875,1769,1461,0.12410072237253189,1745,1416,-7.289680570062344,72.42238131522979,"{""type"":""Point"",""coordinates"":[72.42241269271821,-7.2896986372706225]}"
74,856,527,316,192,0.4659248888492584,104,63,-7.297707551539165,72.43545897624615,"{""type"":""Point"",""coordinates"":[72.43548912551468,-7.2977283718838395]}"
76,1983,1783,1545,1289,0.1608072966337204,1274,951,-7.31076732914733,72.39628444122539,"{""type"":""Point"",""coordinates"":[72.39632453083884,-7.310770733449905]}"
78,4392,4912,4131,2021,0.4169912040233612,1570,1137,-7.3067629935344325,72.40707804528266,"{""type"":""Point"",""coordinates"":[72.40705950545755,-7.306805006586283]}"
80,1917,1629,1507,1211,0.1471831053495407,1424,1067,-7.280771002504815,72.3972724450397,"{""type"":""Point"",""coordinates"":[72.39730824630759,-7.280781821038398]}"
84,826,496,289,165,0.5007564425468445,83,53,-7.294545210097761,72.43556749919753,"{""type"":""Point"",""coordinates"":[72.43559019420859,-7.294545480257808]}"
89,1864,1452,1211,991,0.18870241940021515,1001,753,-7.2832845378029925,72.39436186257176,"{""type"":""Point"",""coordinates"":[72.39432947084211,-7.283285055679533]}"
90,1851,1866,1501,1130,0.24566088616847992,803,550,-7.317525310823288,72.40855458871624,"{""type"":""Point"",""coordinates"":[72.40857986611395,-7.317541098318046]}"
92,3241,3147,2882,2766,0.06443429731100964,2223,1365,-7.281105228888496,72.37690770505975,"{""type"":""Point"",""coordinates"":[72.3769031645478,-7.281111980992677]}"
94,1768,1434,1275,1039,0.15972502529621124,1081,804,-7.286495843252747,72.43443674219351,"{""type"":""Point"",""coordinates"":[72.43444204512814,-7.286506602369845]}"
95,1329,1095,620,282,0.5904139280319214,232,171,-7.305128042755439,72.42138775937867,"{""type"":""Point"",""coordinates"":[72.4213684800517,-7.305159162438634]}"
97,1793,1435,1012,827,0.2687886953353882,793,583,-7.303146557712311,72.43841477885817,"{""type"":""Point"",""coordinates"":[72.43839957512054,-7.303167104346565]}"
98,1681,1363,1124,919,0.19456617534160614,902,678,-7.298402402909838,72.38332331406882,"{""type"":""Point"",""coordinates"":[72.38336134941783,-7.298399696298055]}"
99,1954,1553,1372,1113,0.1650412529706955,1143,828,-7.3018247810032575,72.42846634003132,"{""type"":""Point"",""coordinates"":[72.42843644113923,-7.301849948957244]}"
100,1745,1431,1328,1087,0.13661636412143707,1171,871,-7.287564318880878,72.43162497801912,"{""type"":""Point"",""coordinates"":[72.43166293728773,-7.28753523764252]}"
102,1646,1324,1156,927,0.17636606097221375,839,663,-7.283804174864123,72.4219623975668,"{""type"":""Point"",""coordinates"":[72.42199939513999,-7.2838469603196625]}"
107,1339,959,750,568,0.25605762004852295,500,346,-7.30560343501213,72.44138761228503,"{""type"":""Point"",""coordinates"":[72.44142494061337,-7.305602894540363]}"
108,2501,2296,2211,1798,0.12164142727851868,1866,1201,-7.283776808548033,72.41716583195766,"{""type"":""Point"",""coordinates"":[72.41719746767069,-7.283795045877486]}"
110,2163,1701,1287,1085,0.22110553085803986,1069,798,-7.309333997543457,72.4299620576072,"{""type"":""Point"",""coordinates"":[72.42992473937385,-7.309342716003706]}"
111,2377,2563,2053,1348,0.31066223978996277,1072,756,-7.308063712421171,72.39756721300444,"{""type"":""Point"",""coordinates"":[72.39756158405619,-7.308081800919398]}"
112,1224,871,654,494,0.27619048953056335,515,360,-7.285486006973151,72.41579847607262,"{""type"":""Point"",""coordinates"":[72.41581286766981,-7.2854875950311255]}"
113,1707,1466,1336,1137,0.12639262389550518,1101,829,-7.299599651857405,72.37164127942364,"{""type"":""Point"",""coordinates"":[72.3716179337331,-7.299562302146859]}"
114,1673,1315,1101,953,0.15961199294532627,943,699,-7.311397920812628,72.38035145173303,"{""type"":""Point"",""coordinates"":[72.38036065599302,-7.3114316197178075]}"
115,1768,1378,1119,900,0.20983318984508514,921,680,-7.280646761921973,72.3913905447797,"{""type"":""Point"",""coordinates"":[72.39143049408437,-7.280665054196813]}"
118,1578,1227,970,846,0.1837916076183319,884,685,-7.315387421716777,72.39824885383086,"{""type"":""Point"",""coordinates"":[72.39826215678771,-7.315393470228455]}"
119,3367,3418,1908,923,0.5747523903846741,929,706,-7.315690634136275,72.43535637621147,"{""type"":""Point"",""coordinates"":[72.43532572362781,-7.315707654315701]}"
126,1323,957,703,491,0.32182320952415466,515,371,-7.304734052424117,72.43152701510537,"{""type"":""Point"",""coordinates"":[72.43155146815079,-7.304732794442635]}"
128,2009,1628,1230,984,0.24655435979366302,993,746,-7.292017866411681,72.4044478679563,"{""type"":""Point"",""coordinates"":[72.40440929837071,-7.292052600699789]}"
130,2000,1640,1402,1327,0.10549376474553421,1109,806,-7.317033301695087,72.37045322264834,"{""type"":""Point"",""coordinates"":[72.3704869128215,-7.317064127137804]}"
131,826,503,297,168,0.49925485253334045,87,61,-7.291833163199606,72.43540192864565,"{""type"":""Point"",""coordinates"":[72.43538927570071,-7.291817204974968]}"
133,1922,1613,1312,1106,0.18646560609340668,992,727,-7.3177687706100185,72.40375614667549,"{""type"":""Point"",""coordinates"":[72.40376582737527,-7.317797064395298]}"
134,3951,3853,1950,1036,0.5761914253234863,1043,777,-7.301741497360171,72.41389504038004,"{""type"":""Point"",""coordinates"":[72.41386649634181,-7.301767234665106]}"
136,1545,1220,1010,814,0.19960668683052063,731,534,-7.278989710346882,72.40180781260887,"{""type"":""Point"",""coordinates"":[72.40179899713327,-7.27896163614438]}"
137,2538,2237,2068,1864,0.09095342457294464,1517,1138,-7.281798052941921,72.4188062305288,"{""type"":""Point"",""coordinates"":[72.41884451101774,-7.28177686358246]}"
140,3275,3108,2947,2722,0.06620926409959793,2356,1519,-7.282487416388047,72.3815152233947,"{""type"":""Point"",""coordinates"":[72.38148041008402,-7.282507316379067]}"
142,1694,1401,1256,1034,0.15071868896484375,1080,807,-7.280384183498499,72.44035432029081,"{""type"":""Point"",""coordinates"":[72.44035468924298,-7.280383810014598]}"
145,4148,3853,3693,3452,0.05489390715956688,3460,2536,-7.305417243037406,72.42455390834955,"{""type"":""Point"",""coordinates"":[72.42451724052654,-7.305448387612961]}"
150,2138,1685,1429,1206,0.16568660736083984,1175,862,-7.307522532418131,72.42924833970665,"{""type"":""Point"",""coordinates"":[72.42925871185837,-7.30750294445765]}"
152,1967,1525,1199,987,0.21417197585105896,1009,750,-7.290001738261005,72.3995722564232,"{""type"":""Point"",""coordinates"":[72.39960093339764,-7.289987100471772]}"
153,4586,5111,3714,1338,0.585051953792572,1156,861,-7.305254338253259,72.41188366160351,"{""type"":""Point"",""coordinates"":[72.41185712444573,-7.305227004062949]}"
155,2428,2363,1758,1036,0.3904089331626892,995,744,-7.2982141221821815,72.413372275297,"{""type"":""Point"",""coordinates"":[72.41333759104157,-7.298218373434738]}"
159,2082,1774,1598,1455,0.09879219572623103,1230,866,-7.305034593178315,72.37387214811187,"{""type"":""Point"",""coordinates"":[72.37386281110409,-7.30500683130847]}"
160,1886,1560,1386,1256,0.10795454545454546,1124,814,-7.3079198755586665,72.37276922156049,"{""type"":""Point"",""coordinates"":[72.37276914807316,-7.3079042316102765]}"
163,2018,1603,1304,1167,0.1574007272720337,1136,834,-7.30449538594601,72.43723047019989,"{""type"":""Point"",""coordinates"":[72.43719783795052,-7.3044555926334445]}"
165,1498,1208,1008,731,0.24600309133529663,725,631,-7.295356593957243,72.41936211215987,"{""type"":""Point"",""coordinates"":[72.41934933574002,-7.295393139398007]}"
167,2125,1810,1642,1544,0.07930828861061419,1440,1045,-7.29383906793189,72.37556654638932,"{""type"":""Point"",""coordinates"":[72.3755226552435,-7.2938087372543405]}"
170,1321,1002,821,638,0.2219512164592743,570,413,-7.2811515427961035,72.41636633489895,"{""type"":""Point"",""coordinates"":[72.41637241026736,-7.28112849061252]}"
171,2023,1596,1336,1064,0.20000000298023224,1051,778,-7.28828012126443,72.39876765900188,"{""type"":""Point"",""coordinates"":[72.39881280908203,-7.288254127725115]}"
174,2161,1738,1341,1063,0.24098536372184753,1062,792,-7.312437929511517,72.43546546436505,"{""type"":""Point"",""coordinates"":[72.43546547547871,-7.3124011849302875]}"
175,1823,1579,1462,1142,0.16060271859169006,1155,973,-7.284456331151676,72.42539784417521,"{""type"":""Point"",""coordinates"":[72.42541017876566,-7.284488230455718]}"
176,2009,1602,1260,962,0.24960997700691223,985,715,-7.295969488565319,72.41591935131105,"{""type"":""Point"",""coordinates"":[72.4159235964598,-7.295932081799127]}"
178,1532,1223,1106,903,0.15051740407943726,961,739,-7.31174406927434,72.3932920123497,"{""type"":""Point"",""coordinates"":[72.39327072494936,-7.311719889164522]}"
179,2114,1542,1187,1205,0.12267928570508957,1103,806,-7.295992777280136,72.41999201194999,"{""type"":""Point"",""coordinates"":[72.42003306783694,-7.295981246792022]}"
180,1616,1242,1127,936,0.14049586776859505,910,685,-7.312265728121068,72.3741919158011,"{""type"":""Point"",""coordinates"":[72.37415603150627,-7.312269123410979]}"
181,1591,1352,1240,1029,0.13565728068351746,943,671,-7.313117980335983,72.38088446379999,"{""type"":""Point"",""coordinates"":[72.38092864798573,-7.31312864016644]}"
184,3963,3786,1933,1168,0.5284618735313416,1126,856,-7.302736039207943,72.41397982964138,"{""type"":""Point"",""coordinates"":[72.41396725694717,-7.302758230749318]}"
186,1616,1343,1208,984,0.15427589416503906,972,717,-7.316033800583682,72.38503082983439,"{""type"":""Point"",""coordinates"":[72.38502532026173,-7.316008898341621]}"
187,3016,2849,2463,2285,0.1098558628749513,1830,1165,-7.280214707215786,72.37917539738119,"{""type"":""Point"",""coordinates"":[72.3791705945647,-7.280249504365828]}"
188,2168,1770,1326,1046,0.25710228085517883,1037,763,-7.314253516537919,72.43690328028867,"{""type"":""Point"",""coordinates"":[72.43688399348731,-7.314284841900243]}"
190,1715,1347,1276,1039,0.12908633053302765,1034,759,-7.2857954820894095,72.43842298170713,"{""type"":""Point"",""coordinates"":[72.43838242474776,-7.285769383873302]}"
192,2851,2583,2268,2211,0.0775969997048378,1807,1143,-7.281507030557365,72.38387394512729,"{""type"":""Point"",""coordinates"":[72.38389953354748,-7.281483628166508]}"
194,1501,1249,1106,828,0.20269618928432465,933,727,-7.3155644903134736,72.39761426399254,"{""type"":""Point"",""coordinates"":[72.397653918334,-7.31559483243145]}"
197,1934,1532,1280,1087,0.1699121743440628,1084,824,-7.298555584571712,72.42567928724185,"{""type"":""Point"",""coordinates"":[72.4256934459274,-7.298566482354027]}"
198,4657,5226,4117,1559,0.5404568910598755,1258,929,-7.305685894527389,72.40835136708124,"{""type"":""Point"",""coordinates"":[72.40836366620825,-7.305655732043717]}"
204,4649,5232,4132,1589,0.5340859293937683,1294,966,-7.3064155780044215,72.40952376459244,"{""type"":""Point"",""coordinates"":[72.40950839183091,-7.306444839108472]}"
205,2563,2517,2016,1627,0.21476833522319794,804,536,-7.3070587281817305,72.3956723791634,"{""type"":""Point"",""coordinates"":[72.39564469905505,-7.307058129115621]}"
206,1936,1542,1275,1017,0.2051582634449005,1048,778,-7.308257332994082,72.43132586363916,"{""type"":""Point"",""coordinates"":[72.43129092203533,-7.30829092653471]}"
207,1976,1592,1455,1238,0.12508833408355713,1255,935,-7.290513472185406,72.4258157727458,"{""type"":""Point"",""coordinates"":[72.42578148456651,-7.290513139778281]}"
208,1774,1512,1340,1124,0.14719271659851074,1126,811,-7.278396605682174,72.44045609999657,"{""type"":""Point"",""coordinates"":[72.44042468530203,-7.278383546192905]}"
210,1932,1497,1190,984,0.20677146315574646,992,750,-7.293884340003646,72.4147547416739,"{""type"":""Point"",""coordinates"":[72.41472831239601,-7.293871891217384]}"
211,1768,1426,1257,973,0.18882867693901062,932,682,-7.297227411680545,72.43048378148549,"{""type"":""Point"",""coordinates"":[72.43052758061307,-7.2972406822484555]}"
213,1899,1482,1210,1013,0.1879759579896927,997,738,-7.285102251720581,72.39616141369208,"{""type"":""Point"",""coordinates"":[72.39616905996637,-7.285144084039992]}"
217,1475,1286,1254,880,0.18744228780269623,1053,791,-7.314930508555497,72.38177896983896,"{""type"":""Point"",""coordinates"":[72.3818005684743,-7.314932050818517]}"
220,1421,971,645,502,0.3183978199958801,418,270,-7.296700183514038,72.41727275555897,"{""type"":""Point"",""coordinates"":[72.41726173878068,-7.296682310796753]}"
221,1819,1468,1317,1070,0.15681639313697815,1095,800,-7.291801276447238,72.4297906942774,"{""type"":""Point"",""coordinates"":[72.42978283311662,-7.291797128336095]}"
223,824,513,332,181,0.47838616371154785,143,99,-7.299358312796251,72.43970347193923,"{""type"":""Point"",""coordinates"":[72.4397365231811,-7.299339884179891]}"
225,2062,1656,1390,1136,0.18624642491340637,1208,881,-7.307434745729078,72.42970139006083,"{""type"":""Point"",""coordinates"":[72.42968436289976,-7.307432219918021]}"
227,1941,1492,1206,1011,0.1921693980693817,1008,741,-7.2821808655912665,72.39101966529887,"{""type"":""Point"",""coordinates"":[72.39105747399272,-7.2822089883609635]}"
229,3057,2951,3045,2390,0.10503651201725006,3027,2248,-7.2970012796324015,72.42252042684323,"{""type"":""Point"",""coordinates"":[72.42252924739438,-7.297022587330628]}"
230,1963,1516,1297,1114,0.15285171568393707,1131,845,-7.305223981388249,72.4382219247852,"{""type"":""Point"",""coordinates"":[72.438244370315,-7.30524811475873]}"
235,1609,1165,956,930,0.11217183619737625,850,637,-7.313791513786019,72.3879401433873,"{""type"":""Point"",""coordinates"":[72.38798521189617,-7.313758516887333]}"
237,2673,2359,1581,1292,0.292248698986579,1133,760,-7.277404534374051,72.37765321867404,"{""type"":""Point"",""coordinates"":[72.37761930023343,-7.277402311744942]}"
238,1923,1624,1266,1401,0.07371900826446282,1150,812,-7.286227547987692,72.37199082548993,"{""type"":""Point"",""coordinates"":[72.3719923642922,-7.286233546375814]}"
239,851,537,328,195,0.46721312403678894,115,80,-7.2818682672120065,72.41527618712983,"{""type"":""Point"",""coordinates"":[72.41524447350079,-7.281824385278306]}"
244,1616,1367,1170,934,0.18817905258583226,946,717,-7.2963046229962405,72.37998685977985,"{""type"":""Point"",""coordinates"":[72.37999930700781,-7.296276954931323]}"
245,4488,4979,3289,1253,0.5978819131851196,1161,856,-7.304717856660192,72.41288233686798,"{""type"":""Point"",""coordinates"":[72.41284239897557,-7.304742304828302]}"
246,1032,659,412,260,0.4341675639152527,198,150,-7.2948076724102675,72.41818867585052,"{""type"":""Point"",""coordinates"":[72.41816504170401,-7.294783967547493]}"
247,1679,1334,1121,1003,0.14163456857204437,881,659,-7.299839821332873,72.38186687751401,"{""type"":""Point"",""coordinates"":[72.3818930036593,-7.299849919202391]}"
248,1818,1451,1270,1037,0.16639871895313263,1090,821,-7.303767303819041,72.43632952562484,"{""type"":""Point"",""coordinates"":[72.43634627229142,-7.303781975171122]}"
251,1904,1681,1515,1319,0.12066666666666667,1249,890,-7.294301922750607,72.37746441795856,"{""type"":""Point"",""coordinates"":[72.3774557227211,-7.294333638895813]}"
252,1432,1122,966,768,0.18730159103870392,731,504,-7.307458178489616,72.38661936611123,"{""type"":""Point"",""coordinates"":[72.38658495604459,-7.307451325197546]}"
254,1871,1468,1234,1058,0.16231195628643036,1057,756,-7.279016032646119,72.390675963456,"{""type"":""Point"",""coordinates"":[72.39069477087304,-7.279000264163614]}"
257,1723,1390,1199,994,0.1661073863506317,996,747,-7.277277450288065,72.40263218577702,"{""type"":""Point"",""coordinates"":[72.40261960076246,-7.277309414970022]}"
258,4630,5143,3567,1282,0.600933849811554,1138,831,-7.304349643783005,72.41170785365398,"{""type"":""Point"",""coordinates"":[72.4116946070621,-7.304308299830814]}"
262,2336,2037,1874,1719,0.08466453674121406,1657,1244,-7.304247652418367,72.37840200853324,"{""type"":""Point"",""coordinates"":[72.37840311525109,-7.3042856343797995]}"
265,1647,1320,1158,994,0.14088158309459686,865,613,-7.311974265249239,72.3862310679801,"{""type"":""Point"",""coordinates"":[72.38620294470738,-7.312013740957192]}"
266,1389,1020,825,660,0.2142857164144516,486,340,-7.287050881156185,72.43669623192714,"{""type"":""Point"",""coordinates"":[72.43672705421888,-7.287035328426813]}"
267,806,499,292,184,0.4612005949020386,93,65,-7.2990866966464765,72.4396145087432,"{""type"":""Point"",""coordinates"":[72.43958865208482,-7.299113435292016]}"
270,3255,3178,3013,2785,0.06590642035007477,2527,1685,-7.283748836864975,72.38087438853084,"{""type"":""Point"",""coordinates"":[72.38091782931308,-7.283746530437481]}"
274,1465,1176,984,827,0.1742386370897293,867,652,-7.302735127131002,72.3824835637725,"{""type"":""Point"",""coordinates"":[72.3824743008794,-7.302731290471912]}"
275,2994,2790,2556,2553,0.04435710236430168,2036,1268,-7.278146827608512,72.3809974144563,"{""type"":""Point"",""coordinates"":[72.38097033423632,-7.278119600096608]}"
279,804,498,297,178,0.47337278723716736,93,59,-7.296657545774743,72.4415290012223,"{""type"":""Point"",""coordinates"":[72.4414928842784,-7.29666309715571]}"
280,2023,1565,1225,1031,0.20570108294487,1042,757,-7.291250688884813,72.39675941669452,"{""type"":""Point"",""coordinates"":[72.39671655333849,-7.291224004421032]}"
281,3335,3213,3125,3140,0.011490634345978279,2566,1647,-7.286166089377456,72.37696876722323,"{""type"":""Point"",""coordinates"":[72.3769922222464,-7.286145093851029]}"
283,2129,1890,1817,1690,0.055865921787709494,1595,1169,-7.2911848607945675,72.36978985927536,"{""type"":""Point"",""coordinates"":[72.36975920854753,-7.291142444026624]}"
285,2020,1551,1272,995,0.21838177740573883,1019,752,-7.286348579739362,72.39289610825081,"{""type"":""Point"",""coordinates"":[72.3929038683872,-7.286390290873048]}"
288,1751,1390,1195,994,0.1661073863506317,988,746,-7.281912023354346,72.4071306453684,"{""type"":""Point"",""coordinates"":[72.40713404881036,-7.2819163797360655]}"
289,1864,1515,1304,1097,0.16003063321113586,1168,873,-7.303516248596201,72.43986082545969,"{""type"":""Point"",""coordinates"":[72.43987015259198,-7.303532417743306]}"
292,1872,1420,1154,991,0.177934467792511,651,437,-7.29325385096678,72.4151203843753,"{""type"":""Point"",""coordinates"":[72.41510839934493,-7.293241145066838]}"
293,1493,1187,1050,870,0.154107928276062,934,697,-7.302112031186669,72.38411628645922,"{""type"":""Point"",""coordinates"":[72.38415095120736,-7.302131845887103]}"
295,2804,2545,2078,1268,0.3349069058895111,762,504,-7.300968227858168,72.38946275497688,"{""type"":""Point"",""coordinates"":[72.38947556961645,-7.300956964692752]}"
297,1394,1039,825,618,0.2540736198425293,580,410,-7.306769995046339,72.43993280808427,"{""type"":""Point"",""coordinates"":[72.43993604523,-7.3067789237844725]}"
299,1658,1294,1114,885,0.1877007782459259,902,651,-7.279843988120071,72.4089525838373,"{""type"":""Point"",""coordinates"":[72.40899382324801,-7.27987355078549]}"
301,2668,2329,2107,1996,0.07699421793222427,1592,1108,-7.286471685923818,72.43018311580093,"{""type"":""Point"",""coordinates"":[72.43020793626657,-7.286477315781501]}"
303,1819,1468,1338,1138,0.12663085758686066,1129,829,-7.277522786055873,72.4297815830338,"{""type"":""Point"",""coordinates"":[72.42976342941267,-7.277558554877762]}"
306,1648,1415,1301,1054,0.14621304171729446,1103,835,-7.307204882344332,72.37413098646692,"{""type"":""Point"",""coordinates"":[72.37415628649721,-7.307164917897012]}"
309,2738,2144,1354,1140,0.30572474002838135,1133,870,-7.293920213341253,72.40525145090781,"{""type"":""Point"",""coordinates"":[72.40526965864555,-7.29394978517264]}"
310,2968,2624,2560,2287,0.06862146407365799,2648,2167,-7.296471991898234,72.4247861334383,"{""type"":""Point"",""coordinates"":[72.4247428958207,-7.296444140752434]}"
315,1898,1427,1131,941,0.20523647964000702,928,692,-7.284443623826007,72.39164009063614,"{""type"":""Point"",""coordinates"":[72.39165299707051,-7.284402341798242]}"
316,1476,1162,841,853,0.1533498764038086,670,428,-7.309573757743813,72.39303308259792,"{""type"":""Point"",""coordinates"":[72.3929997448579,-7.3096067908581785]}"
322,1607,1224,1065,890,0.1579943299293518,888,659,-7.305106623053541,72.38627101263461,"{""type"":""Point"",""coordinates"":[72.38625865320368,-7.30508396921429]}"
324,1664,1349,1124,915,0.19169610738754272,705,510,-7.295527424389725,72.43348023006567,"{""type"":""Point"",""coordinates"":[72.43346107357823,-7.295516652927737]}"
325,1816,1479,1259,1077,0.15727698802947998,1076,814,-7.292627960444499,72.4321391526897,"{""type"":""Point"",""coordinates"":[72.43216449190764,-7.292652077267506]}"
326,1145,738,400,240,0.5092024803161621,172,122,-7.298519408963,72.41934397855677,"{""type"":""Point"",""coordinates"":[72.419328112634,-7.298479218987787]}"
327,1543,1230,1054,784,0.2214498519897461,650,413,-7.283862522379133,72.41635080489282,"{""type"":""Point"",""coordinates"":[72.41635343706712,-7.28383220630048]}"
328,1834,1429,1146,932,0.21050402522087097,946,706,-7.285196263677233,72.39679439079565,"{""type"":""Point"",""coordinates"":[72.3967581364492,-7.28517405343136]}"
330,1571,1162,728,590,0.3264840245246887,502,374,-7.304773820364316,72.42265691124759,"{""type"":""Point"",""coordinates"":[72.42264363983482,-7.304736205519362]}"
332,1740,1352,1094,847,0.2296498417854309,980,727,-7.313124648486461,72.39762840450778,"{""type"":""Point"",""coordinates"":[72.39760029067396,-7.313136184423785]}"
333,1962,1528,1316,1105,0.1606532484292984,1145,850,-7.305751268058418,72.43559413543183,"{""type"":""Point"",""coordinates"":[72.43561005813133,-7.305778911896896]}"
334,2383,1877,1349,1030,0.29136568307876587,1038,780,-7.296961441286512,72.41555163053714,"{""type"":""Point"",""coordinates"":[72.41557741484935,-7.296936515423074]}"
335,2045,1643,1300,998,0.2442256659269333,1007,756,-7.313455651025114,72.43962317838397,"{""type"":""Point"",""coordinates"":[72.4396031272531,-7.3134527352034615]}"
336,1827,1445,1249,1032,0.16673395037651062,1013,745,-7.289203941391677,72.41803978612052,"{""type"":""Point"",""coordinates"":[72.41804877178319,-7.289167875601336]}"
337,2319,1925,1685,1385,0.16314199566841125,1449,1125,-7.297624023075851,72.42079722522287,"{""type"":""Point"",""coordinates"":[72.42079005533706,-7.297649418824319]}"
338,2988,2904,2787,2795,0.01912616248464643,2128,1351,-7.288436717442667,72.37894660120513,"{""type"":""Point"",""coordinates"":[72.3789175870706,-7.288421460093267]}"
339,2370,1930,1584,1522,0.11819235235452652,1273,869,-7.282252428022961,72.38776118733682,"{""type"":""Point"",""coordinates"":[72.38774186055774,-7.282207288541146]}"
343,2091,1793,1664,1504,0.08765544434334244,1442,1070,-7.2956389620597095,72.37428900634812,"{""type"":""Point"",""coordinates"":[72.37427144541087,-7.29567617191119]}"
345,1783,1445,1219,1020,0.17241379618644714,1018,737,-7.281336080363555,72.40125128519186,"{""type"":""Point"",""coordinates"":[72.401272658684,-7.281340225525981]}"
347,1395,1076,946,706,0.20763187110424042,713,542,-7.3100151047226305,72.39122037037895,"{""type"":""Point"",""coordinates"":[72.39121942779406,-7.310023708438992]}"
348,1735,1441,1284,1086,0.14048278331756592,1092,832,-7.279560562974709,72.42262017637337,"{""type"":""Point"",""coordinates"":[72.42262537253524,-7.2795434613321985]}"
349,3115,3084,2734,1547,0.33189377188682556,1024,615,-7.317613592198722,72.40819203802204,"{""type"":""Point"",""coordinates"":[72.40820625207026,-7.317600332981831]}"
350,2031,1593,1165,1055,0.2031722068786621,973,733,-7.291029567950106,72.40544911371597,"{""type"":""Point"",""coordinates"":[72.40547829261963,-7.290996878263]}"
351,1741,1411,1227,1011,0.16515277326107025,1045,769,-7.278072898596509,72.41529793049239,"{""type"":""Point"",""coordinates"":[72.41532586018347,-7.278057993907394]}"
352,1672,1308,1065,883,0.19397535920143127,832,593,-7.289296375481392,72.41840127729066,"{""type"":""Point"",""coordinates"":[72.41840757042515,-7.289256551446778]}"
356,1693,1346,1219,1009,0.14309978485107422,1020,758,-7.279355068948808,72.41827718886873,"{""type"":""Point"",""coordinates"":[72.418321834279,-7.279371534459056]}"
359,1855,1567,1438,1247,0.11371712864250177,1254,927,-7.308924412144785,72.37457346976763,"{""type"":""Point"",""coordinates"":[72.37456730838313,-7.308881995554053]}"
363,1717,1379,1162,875,0.22360248863697052,901,666,-7.298317284766173,72.38422885522222,"{""type"":""Point"",""coordinates"":[72.38424028070196,-7.298313037438544]}"
365,3431,3546,2515,1153,0.5092573165893555,1040,783,-7.295888991470643,72.40189140040063,"{""type"":""Point"",""coordinates"":[72.40186365282173,-7.295896875054409]}"
370,816,494,293,165,0.49924126267433167,83,57,-7.2862555214548985,72.43986846427768,"{""type"":""Point"",""coordinates"":[72.43990788727262,-7.28627937982388]}"
372,1814,1543,1161,949,0.23836275935173035,1005,755,-7.314768979029217,72.4006961818621,"{""type"":""Point"",""coordinates"":[72.4007363112834,-7.314742524685498]}"
373,1602,1217,1143,906,0.14649081488459728,1012,798,-7.300319917534399,72.37118455087669,"{""type"":""Point"",""coordinates"":[72.3712013022244,-7.300313317589197]}"
378,2023,1723,1662,1395,0.10519563822963438,1427,1113,-7.308815060575117,72.37131589343151,"{""type"":""Point"",""coordinates"":[72.37127115623198,-7.308832263092928]}"
379,1541,1237,1112,928,0.1427251696586609,923,696,-7.314881652205697,72.38892939301978,"{""type"":""Point"",""coordinates"":[72.3889579061645,-7.3148594862919705]}"
380,1981,1552,1254,991,0.22060558199882507,1028,774,-7.29169171917464,72.41060408382621,"{""type"":""Point"",""coordinates"":[72.410627738271,-7.291651927056981]}"
381,1726,1456,1339,1091,0.14330585001963095,1040,771,-7.299865468180337,72.37073468611072,"{""type"":""Point"",""coordinates"":[72.37073176196202,-7.299909237781655]}"
383,2449,2091,1519,1367,0.20936958491802216,1180,822,-7.284228406541663,72.3856681954559,"{""type"":""Point"",""coordinates"":[72.38565535377167,-7.284255829097142]}"
384,1672,1309,1128,994,0.1367781162261963,950,692,-7.307880062400916,72.38145803835764,"{""type"":""Point"",""coordinates"":[72.38148479323003,-7.30790682720919]}"
385,793,483,278,152,0.5212598443031311,59,39,-7.295743095970917,72.43963352932849,"{""type"":""Point"",""coordinates"":[72.43965041061841,-7.295783619476536]}"
387,2441,2298,1872,888,0.44256120920181274,753,475,-7.296783724847507,72.38469029008026,"{""type"":""Point"",""coordinates"":[72.38470930603977,-7.296825766229617]}"
391,2067,1614,1388,1189,0.15162326395511627,1208,878,-7.301840763099795,72.43127201357301,"{""type"":""Point"",""coordinates"":[72.43127854412411,-7.3018129809619365]}"
396,1983,1699,1703,1403,0.09542230818826564,1492,1161,-7.293007913145403,72.37249429292666,"{""type"":""Point"",""coordinates"":[72.37250437014809,-7.293019990869889]}"
398,1330,1030,866,652,0.22473245859146118,679,487,-7.285127646062396,72.41634355552496,"{""type"":""Point"",""coordinates"":[72.41631034995682,-7.285141240577361]}"
400,1693,1381,1276,1017,0.15179316699504852,1096,820,-7.284715684505605,72.43924366822282,"{""type"":""Point"",""coordinates"":[72.43923816272898,-7.284678269352306]}"
401,1980,1561,1293,1104,0.1714821755886078,1139,841,-7.308001694706847,72.4340426242896,"{""type"":""Point"",""coordinates"":[72.434003165056,-7.307967295072333]}"
402,2035,1665,1399,1295,0.125,1066,788,-7.27920365568098,72.40759872375173,"{""type"":""Point"",""coordinates"":[72.40758912570055,-7.279214203932276]}"
403,993,661,462,306,0.367114782333374,283,175,-7.290753377724163,72.43622263656034,"{""type"":""Point"",""coordinates"":[72.43620738725019,-7.290763908854322]}"
406,1480,1190,1085,864,0.15871469676494598,957,742,-7.309724617205654,72.3878732857984,"{""type"":""Point"",""coordinates"":[72.38785803865329,-7.309718630505602]}"
408,1134,804,587,382,0.35581788420677185,286,222,-7.302700372106636,72.43941292296189,"{""type"":""Point"",""coordinates"":[72.4394462257571,-7.302713966395973]}"
409,1928,1540,1285,1064,0.1827957034111023,1099,805,-7.302128858737267,72.43425715881766,"{""type"":""Point"",""coordinates"":[72.43427751746874,-7.3021554679821765]}"
410,3450,3198,3003,3053,0.02319628931581974,2508,1590,-7.28077417603148,72.38215867575781,"{""type"":""Point"",""coordinates"":[72.38213010045081,-7.280800601048721]}"
413,1617,1290,1168,980,0.13656387665198239,983,730,-7.298985547557156,72.37481250714426,"{""type"":""Point"",""coordinates"":[72.37483184183074,-7.29894563243862]}"
415,2892,2551,2123,1477,0.2666335701942444,1084,700,-7.318065939532228,72.408279936092,"{""type"":""Point"",""coordinates"":[72.40824703343206,-7.318055494872263]}"
417,1844,1493,1345,1184,0.11542771759432201,1111,825,-7.305478499688511,72.37251197529505,"{""type"":""Point"",""coordinates"":[72.37249985496373,-7.305463640437861]}"
419,3346,3495,2258,1130,0.5113513469696045,1134,844,-7.317938467034081,72.43335226688409,"{""type"":""Point"",""coordinates"":[72.4333466344528,-7.317974438560091]}"
420,1804,1511,1317,1075,0.1686001569032669,1114,809,-7.3050560933543744,72.44048562760744,"{""type"":""Point"",""coordinates"":[72.4405084635534,-7.305071222475175]}"
421,1039,745,562,371,0.3351254463195801,321,225,-7.28741440337984,72.43705618900454,"{""type"":""Point"",""coordinates"":[72.43708790024667,-7.287424478391232]}"
427,816,489,298,176,0.4706766903400421,96,62,-7.29863742539169,72.44006960794539,"{""type"":""Point"",""coordinates"":[72.44009927564123,-7.298618839356194]}"
428,4237,4643,3330,1289,0.565407931804657,1057,786,-7.301349398358427,72.40855737254677,"{""type"":""Point"",""coordinates"":[72.4085823965846,-7.301389761985168]}"
433,2837,2897,2157,1294,0.3824862801240754,1037,662,-7.278753688815408,72.37655937631587,"{""type"":""Point"",""coordinates"":[72.37653215900971,-7.278770326063445]}"
438,1634,1315,1206,940,0.16629712283611298,993,732,-7.278442629129394,72.41674385877006,"{""type"":""Point"",""coordinates"":[72.416753710086,-7.278435597572718]}"
439,1543,1257,1157,929,0.15004574565416284,910,672,-7.300164476666243,72.37552966366168,"{""type"":""Point"",""coordinates"":[72.37556153102013,-7.3001685504749405]}"
440,1860,1507,1346,1100,0.15611813962459564,1094,811,-7.303319581480197,72.43705615252732,"{""type"":""Point"",""coordinates"":[72.43704480377009,-7.303309388861925]}"
441,1911,1560,1414,1230,0.11827956989247312,1086,822,-7.301524131949002,72.37624576908695,"{""type"":""Point"",""coordinates"":[72.37624972059079,-7.301489368297635]}"
445,1777,1402,1180,979,0.17765644192695618,971,727,-7.2798506902933555,72.39438169861673,"{""type"":""Point"",""coordinates"":[72.39438980198997,-7.279823566111179]}"
446,2135,1653,1318,1127,0.18920862674713135,1088,827,-7.292916836439647,72.40362814265676,"{""type"":""Point"",""coordinates"":[72.40360650709663,-7.292882990886814]}"
447,2015,1611,1243,1020,0.22462941706180573,1072,763,-7.292598486764548,72.41114190297887,"{""type"":""Point"",""coordinates"":[72.41110385973597,-7.292590474143205]}"
451,1531,1187,1079,879,0.14908035099506378,900,668,-7.313244082281253,72.38703824858906,"{""type"":""Point"",""coordinates"":[72.38701530349877,-7.3132151218675325]}"
454,1767,1467,1293,1075,0.15420928597450256,1084,788,-7.290825761225679,72.43305449178516,"{""type"":""Point"",""coordinates"":[72.43301638079407,-7.29079832820604]}"
456,1765,1431,1292,1054,0.15171025693416595,1087,802,-7.288195345453245,72.4313498641374,"{""type"":""Point"",""coordinates"":[72.43138466991009,-7.2882112809032]}"
457,3536,3791,2442,993,0.5848662257194519,997,730,-7.2993810940285755,72.41200796447352,"{""type"":""Point"",""coordinates"":[72.41199950275188,-7.299395429967238]}"
461,2148,2130,1704,1129,0.3071494400501251,952,686,-7.316522956509174,72.40711221597496,"{""type"":""Point"",""coordinates"":[72.40709359106623,-7.316508703219696]}"
462,1932,1600,1261,1046,0.2093726396560669,1040,760,-7.310038661061638,72.39529307805803,"{""type"":""Point"",""coordinates"":[72.39530986456252,-7.310057450405257]}"
464,2074,1783,1761,1494,0.08819041806530363,1615,1185,-7.2929222873524475,72.37330931740853,"{""type"":""Point"",""coordinates"":[72.37328257609808,-7.292919540272499]}"
466,1593,1253,1130,918,0.15430676937103271,959,704,-7.3068986748978695,72.38363590646533,"{""type"":""Point"",""coordinates"":[72.38361226135986,-7.306863955121836]}"
468,2397,2254,1670,1172,0.315820198482195,757,481,-7.277761267835828,72.37683664568901,"{""type"":""Point"",""coordinates"":[72.37680505368542,-7.277760859950108]}"
470,3957,4348,3222,1305,0.5382982492446899,946,651,-7.307988668674619,72.4159408087286,"{""type"":""Point"",""coordinates"":[72.41593964033834,-7.307973609245799]}"
471,1958,1510,1206,1021,0.19320426881313324,995,741,-7.283361862667779,72.39209885902147,"{""type"":""Point"",""coordinates"":[72.3920677240623,-7.2834008145813405]}"
472,1561,1232,1019,776,0.22709164023399353,835,609,-7.303494752172806,72.3888145483604,"{""type"":""Point"",""coordinates"":[72.38885219305277,-7.303473484061385]}"
473,1810,1492,1308,1133,0.13676190376281738,1107,824,-7.2810280628183754,72.42641295981329,"{""type"":""Point"",""coordinates"":[72.42642576515205,-7.281015564045957]}"
477,1332,949,707,539,0.2755376398563385,528,388,-7.278298857357952,72.39167562269444,"{""type"":""Point"",""coordinates"":[72.391698745006,-7.278280441570101]}"
479,1605,1352,1221,967,0.16601983613626564,1005,739,-7.296298845194709,72.37899135036746,"{""type"":""Point"",""coordinates"":[72.37897447521965,-7.296326698380936]}"
481,1232,892,615,466,0.31369662284851074,390,286,-7.309208891161467,72.43973789392061,"{""type"":""Point"",""coordinates"":[72.4397735038348,-7.309220207747901]}"
482,1711,1431,1275,1069,0.14480000734329224,1026,725,-7.3163688763509285,72.39607094481902,"{""type"":""Point"",""coordinates"":[72.39607686013751,-7.31633122189011]}"
483,1514,1257,1130,854,0.19090478122234344,939,743,-7.313064929511981,72.38731081447584,"{""type"":""Point"",""coordinates"":[72.38729279286107,-7.3130886724777735]}"
484,1760,1461,1334,1160,0.11484166348721862,1147,863,-7.296250963063793,72.37075580358814,"{""type"":""Point"",""coordinates"":[72.3707161093433,-7.296285412478306]}"
485,1622,1290,1072,936,0.15902964770793915,848,626,-7.300578473132255,72.38457773016677,"{""type"":""Point"",""coordinates"":[72.38454640039686,-7.3005601698101]}"
486,2040,1571,1245,1144,0.15727439522743225,1061,786,-7.287738453839807,72.39886128905977,"{""type"":""Point"",""coordinates"":[72.39883104099724,-7.287723326926757]}"
488,2149,1695,1386,1165,0.18531468510627747,1161,850,-7.307069150164631,72.42897940420316,"{""type"":""Point"",""coordinates"":[72.42896635658047,-7.307107783366773]}"
489,2273,1843,1429,1189,0.2156992107629776,1221,915,-7.310895504473586,72.43438814160909,"{""type"":""Point"",""coordinates"":[72.43438521088235,-7.310889084533236]}"
490,1619,1284,1116,933,0.15832205683355885,919,658,-7.313983676808392,72.37436288528139,"{""type"":""Point"",""coordinates"":[72.37440254721787,-7.31399661378431]}"
493,2061,1978,1884,1727,0.06774628879892038,1703,1155,-7.284786476304284,72.37281373603624,"{""type"":""Point"",""coordinates"":[72.37284218437713,-7.28482128798749]}"
494,1699,1369,1164,956,0.17763440310955048,978,715,-7.277736024788006,72.40380607053714,"{""type"":""Point"",""coordinates"":[72.4038185264799,-7.277719652133289]}"
497,3108,2963,2886,2914,0.008337587204355963,2313,1397,-7.283265019328845,72.37535662608882,"{""type"":""Point"",""coordinates"":[72.37535089588548,-7.283224651107737]}"
499,2066,1654,1306,1036,0.22973977029323578,1042,782,-7.284879776429302,72.38892249633466,"{""type"":""Point"",""coordinates"":[72.38889630808332,-7.28486447851653]}"
501,1840,1445,1177,989,0.1873459368944168,1005,763,-7.288803132395853,72.4111637135418,"{""type"":""Point"",""coordinates"":[72.41115982164965,-7.288832602916661]}"
503,1872,1524,1264,1102,0.16070067882537842,1080,814,-7.292449283905304,72.43250219868536,"{""type"":""Point"",""coordinates"":[72.4325053043351,-7.292431452075815]}"
506,1712,1383,1281,1063,0.13082583248615265,1077,793,-7.280049976337253,72.42922416382895,"{""type"":""Point"",""coordinates"":[72.42926298271625,-7.280012919711588]}"
507,1769,1470,1305,1083,0.1515863686800003,1089,824,-7.281022914097224,72.42550794840113,"{""type"":""Point"",""coordinates"":[72.42552311290704,-7.281061504829253]}"
508,3257,3040,2716,2720,0.0555555559694767,2114,1323,-7.2833941943361795,72.38205296722697,"{""type"":""Point"",""coordinates"":[72.38202001373804,-7.283369409438038]}"
509,1136,757,418,252,0.5004955530166626,172,120,-7.300417615287577,72.41942359908359,"{""type"":""Point"",""coordinates"":[72.41945728824584,-7.300447536441686]}"
516,1657,1343,1253,998,0.14737291755659973,961,743,-7.316418722735243,72.37353407624528,"{""type"":""Point"",""coordinates"":[72.37353364006614,-7.3164373419377915]}"
518,1795,1459,1147,1018,0.17803794913201454,907,679,-7.293859562869409,72.37909605442107,"{""type"":""Point"",""coordinates"":[72.37905879608375,-7.293853286633957]}"
519,2198,1819,1376,1160,0.2212151736021042,1127,848,-7.3109729837893225,72.43212493352175,"{""type"":""Point"",""coordinates"":[72.43216931756193,-7.310954409686652]}"
520,1750,1422,1314,1064,0.14400643110275269,1076,796,-7.288206141723377,72.43325042783177,"{""type"":""Point"",""coordinates"":[72.43329014292738,-7.288219008610183]}"
522,1938,1633,1461,1306,0.11126233412725417,1049,657,-7.286327376547818,72.37361926923688,"{""type"":""Point"",""coordinates"":[72.37357902501648,-7.2863242139078075]}"
525,2007,1632,1243,982,0.24866105616092682,999,755,-7.310428718838573,72.43176600275629,"{""type"":""Point"",""coordinates"":[72.43180298336759,-7.310444520778992]}"
526,4694,5203,3544,1285,0.6038841009140015,1156,874,-7.304273294431608,72.41415200543608,"{""type"":""Point"",""coordinates"":[72.4141417353189,-7.304248026527234]}"
531,2793,2362,1395,1119,0.3570812940597534,1109,819,-7.288677678018253,72.38935301060687,"{""type"":""Point"",""coordinates"":[72.38932590385096,-7.288696696371605]}"
535,3158,2933,2813,2676,0.04581921920180321,2294,1454,-7.279510133614907,72.38234701191594,"{""type"":""Point"",""coordinates"":[72.38238482004675,-7.279523176176627]}"
542,3489,3251,2952,2887,0.05930270627140999,2228,1422,-7.28393218394375,72.38132583124062,"{""type"":""Point"",""coordinates"":[72.38129033835276,-7.283973703766475]}"
544,1716,1397,1259,1009,0.16126351058483124,1039,784,-7.2890261263971485,72.43442233833994,"{""type"":""Point"",""coordinates"":[72.43440934183023,-7.28903748496009]}"
545,3363,3484,2830,2410,0.18221920728683472,1944,1492,-7.31067090689612,72.42669604231362,"{""type"":""Point"",""coordinates"":[72.42666526521529,-7.310628931362105]}"
546,2321,2211,2096,2071,0.03269500233535731,1847,1221,-7.284428704706269,72.37344932825289,"{""type"":""Point"",""coordinates"":[72.37342929521225,-7.284400256579374]}"
548,2061,1837,1577,1348,0.15353217720985413,1402,1007,-7.311588451631444,72.39763730530969,"{""type"":""Point"",""coordinates"":[72.39764977415315,-7.31156328436703]}"
550,2752,3079,2389,731,0.6162729859352112,497,319,-7.295510859845995,72.39899741551734,"{""type"":""Point"",""coordinates"":[72.39901003814279,-7.295485558744858]}"
553,2134,1698,1310,1111,0.20897115767002106,1071,803,-7.2923824463213025,72.4049887963206,"{""type"":""Point"",""coordinates"":[72.40494679303355,-7.292370207447745]}"
555,1699,1322,1054,887,0.1969216912984848,893,672,-7.29785549954539,72.3825119538172,"{""type"":""Point"",""coordinates"":[72.38252413633766,-7.297890626383026]}"
557,787,468,266,148,0.5194805264472961,65,33,-7.293485444959506,72.43991788988836,"{""type"":""Point"",""coordinates"":[72.43993405488148,-7.293512626641498]}"
558,1662,1254,1000,878,0.17636021971702576,869,653,-7.30595029198561,72.39151548592845,"{""type"":""Point"",""coordinates"":[72.39149663001136,-7.30599109694443]}"
561,1790,1510,1395,1126,0.14567527174949646,1184,884,-7.281328477287399,72.43156999382089,"{""type"":""Point"",""coordinates"":[72.4315341817148,-7.281314034543603]}"
567,1749,1378,1244,1045,0.13743293285369873,1060,803,-7.282371760822706,72.44025253663314,"{""type"":""Point"",""coordinates"":[72.44028546296002,-7.2823415439163055]}"
569,1678,1366,1195,981,0.16403919458389282,969,690,-7.30347010888236,72.38456091571796,"{""type"":""Point"",""coordinates"":[72.38457059484894,-7.303444510983948]}"
571,2054,1562,1270,1042,0.19969278573989868,1028,763,-7.285523294966709,72.39081932117688,"{""type"":""Point"",""coordinates"":[72.39082288267717,-7.2855045818121]}"
574,1520,1196,997,833,0.17890585958957672,939,675,-7.282466204832161,72.4250471889955,"{""type"":""Point"",""coordinates"":[72.42506728660565,-7.282465255188318]}"
576,3388,3120,2956,2989,0.021443771484694712,2330,1361,-7.284815890849841,72.37788163777405,"{""type"":""Point"",""coordinates"":[72.37786561591342,-7.284844065053019]}"
582,1498,1243,1135,884,0.1687823235988617,1015,748,-7.3174453954033964,72.39470706020427,"{""type"":""Point"",""coordinates"":[72.39473241457331,-7.317418534906408]}"
587,4347,4935,3523,1320,0.577937662601471,1168,878,-7.304062958416912,72.40899427463566,"{""type"":""Point"",""coordinates"":[72.40896008425982,-7.304033782927231]}"
588,1543,1197,1057,884,0.15040846168994904,884,664,-7.30764362696666,72.38743284837848,"{""type"":""Point"",""coordinates"":[72.38744386108026,-7.307640699842637]}"
589,1562,1251,1144,868,0.1807456347333648,913,723,-7.3135513683662365,72.37771417774692,"{""type"":""Point"",""coordinates"":[72.37774181966321,-7.313594616481285]}"
590,1545,1254,1128,927,0.1499312242090784,907,668,-7.300798070137572,72.37570697653743,"{""type"":""Point"",""coordinates"":[72.37572763987106,-7.300783875694319]}"
592,1787,1405,1131,946,0.19523607194423676,933,711,-7.280296778806546,72.39338360358488,"{""type"":""Point"",""coordinates"":[72.3933812953474,-7.2802854587700105]}"
594,1933,1547,1372,1166,0.14043493568897247,1379,958,-7.287756533196402,72.41777656450805,"{""type"":""Point"",""coordinates"":[72.41779730873246,-7.28779503545025]}"
598,4178,4344,2389,1094,0.597646176815033,1094,836,-7.3036371019853785,72.41352210929591,"{""type"":""Point"",""coordinates"":[72.41353288545822,-7.303621674371687]}"
599,2011,1735,1619,1405,0.10509554140127389,1355,1032,-7.308939691714195,72.37719806062846,"{""type"":""Point"",""coordinates"":[72.37719315068476,-7.3089671769270605]}"
601,1466,1225,1153,841,0.18586641550064087,892,647,-7.308375451683925,72.38896721244531,"{""type"":""Point"",""coordinates"":[72.38897647203339,-7.308418524031934]}"
602,1738,1519,1180,985,0.2132587879896164,900,678,-7.299952744663273,72.38575793343688,"{""type"":""Point"",""coordinates"":[72.38579745582986,-7.299982269393807]}"
603,1865,1533,1413,1153,0.14147430658340454,1373,1036,-7.285192140429555,72.42765626638977,"{""type"":""Point"",""coordinates"":[72.42762280918609,-7.285232584461971]}"
605,1749,1378,1182,1019,0.14977054297924042,994,733,-7.283187510068911,72.40893337786744,"{""type"":""Point"",""coordinates"":[72.40893812678394,-7.283172727139443]}"
608,1589,1258,1086,917,0.1567816138267517,894,651,-7.311155741404035,72.38533075726897,"{""type"":""Point"",""coordinates"":[72.38534192352537,-7.311157490984401]}"
610,2157,1750,1317,1015,0.26582279801368713,1072,795,-7.31680130749958,72.43996614832317,"{""type"":""Point"",""coordinates"":[72.43997203630053,-7.316822077169389]}"
613,2630,2295,2172,1993,0.07042910158634186,1724,1327,-7.2819756867268,72.4182621914611,"{""type"":""Point"",""coordinates"":[72.4182272196865,-7.282011705129473]}"
614,1533,1204,1054,921,0.13317647576332092,894,661,-7.314692527308211,72.38748236099343,"{""type"":""Point"",""coordinates"":[72.38747465215637,-7.314664794707584]}"
615,1668,1385,1211,997,0.1628883332014084,928,693,-7.312522222019915,72.3872234638923,"{""type"":""Point"",""coordinates"":[72.38719028334785,-7.312512081197465]}"
616,2356,1942,1295,1017,0.312605619430542,1052,783,-7.317607923530136,72.43878488675641,"{""type"":""Point"",""coordinates"":[72.43874519893279,-7.317578981154745]}"
617,3138,2731,2515,2426,0.05914291366934776,2615,1947,-7.285599113309106,72.41978002280877,"{""type"":""Point"",""coordinates"":[72.41980546797951,-7.285625345739671]}"
619,1420,1089,968,776,0.16782841086387634,708,512,-7.309167216306243,72.38525182296682,"{""type"":""Point"",""coordinates"":[72.38522262634712,-7.309169127700667]}"
620,1831,1400,1129,924,0.20481927692890167,943,696,-7.283005622624659,72.39300594065882,"{""type"":""Point"",""coordinates"":[72.3929779129559,-7.283045029045123]}"
621,1891,1521,1314,1152,0.13804714381694794,1173,945,-7.28871386904919,72.42718363918338,"{""type"":""Point"",""coordinates"":[72.42722380916165,-7.2887423071458555]}"
622,1694,1404,1338,1034,0.15176373720169067,1103,818,-7.278871607492419,72.42859735072537,"{""type"":""Point"",""coordinates"":[72.42855593574461,-7.27886797734404]}"
623,2291,1981,1855,1697,0.07721587819467102,1610,1210,-7.303062934866493,72.37668931762549,"{""type"":""Point"",""coordinates"":[72.37665619134613,-7.303021782804244]}"
625,1913,1518,1235,1038,0.18779343366622925,1024,781,-7.299460282853413,72.42585512707387,"{""type"":""Point"",""coordinates"":[72.42587819886222,-7.29947502710084]}"
627,1669,1369,1221,879,0.217971533536911,971,737,-7.293090717043144,72.41819852014895,"{""type"":""Point"",""coordinates"":[72.41816427433285,-7.293128983445448]}"
629,2334,1836,1402,1616,0.06373117119073868,994,644,-7.278376699484386,72.38950314680206,"{""type"":""Point"",""coordinates"":[72.38947874552376,-7.278334404612777]}"
630,2599,2162,1974,1814,0.0875251516699791,1684,1257,-7.291243622122072,72.42707868691747,"{""type"":""Point"",""coordinates"":[72.42709996960603,-7.291235657942152]}"
635,1228,891,697,516,0.2665245234966278,453,308,-7.30799563825383,72.3858016801187,"{""type"":""Point"",""coordinates"":[72.38579091447497,-7.307953766682509]}"
640,1778,1465,1332,1160,0.11619047820568085,1065,799,-7.311921655752209,72.39274793364817,"{""type"":""Point"",""coordinates"":[72.39277238751002,-7.311916021078593]}"
642,2379,2602,2214,1520,0.26249393820762634,1021,770,-7.3078767125703035,72.39648220608262,"{""type"":""Point"",""coordinates"":[72.39647863714873,-7.307914232660583]}"
644,1770,1423,1263,1058,0.14711809158325195,1084,799,-7.291092234482183,72.43223841425542,"{""type"":""Point"",""coordinates"":[72.43223468416465,-7.291093062773949]}"
647,1805,1614,1215,953,0.2574990391731262,937,706,-7.316869817109053,72.40457593473583,"{""type"":""Point"",""coordinates"":[72.40459596548847,-7.316828213414327]}"
648,2464,2132,1852,1581,0.1483975201845169,1588,1159,-7.300981017834601,72.42313118616053,"{""type"":""Point"",""coordinates"":[72.42313177662055,-7.300949136591043]}"
658,1753,1391,1146,947,0.18990589678287506,932,694,-7.282209023960527,72.39590661336753,"{""type"":""Point"",""coordinates"":[72.39592946664538,-7.282164920821054]}"
660,1685,1378,1253,1019,0.14977054297924042,1048,772,-7.279062271249731,72.41447773733381,"{""type"":""Point"",""coordinates"":[72.4144428556136,-7.279089336743832]}"
661,1633,1276,1103,892,0.17712177336215973,934,693,-7.281353225032357,72.40423776995867,"{""type"":""Point"",""coordinates"":[72.40419890321348,-7.281377529034457]}"
662,1729,1381,1290,1053,0.13475759327411652,1087,817,-7.287123277102838,72.4335281123402,"{""type"":""Point"",""coordinates"":[72.43352255458025,-7.287111680360972]}"
663,1562,1221,1001,875,0.1650763303041458,897,675,-7.300024223060208,72.38249933842559,"{""type"":""Point"",""coordinates"":[72.38247723495337,-7.300006591315695]}"
666,3154,3465,2644,1121,0.5111207962036133,1072,451,-7.307891557257882,72.4147647531842,"{""type"":""Point"",""coordinates"":[72.41475134182984,-7.307921546553096]}"
670,3369,3099,2917,3020,0.012910606308220298,2352,1413,-7.283725235017689,72.37680196565621,"{""type"":""Point"",""coordinates"":[72.37682141831824,-7.28369592101223]}"
671,2587,2613,2051,1206,0.3684210479259491,700,489,-7.298690797343255,72.38630829452237,"{""type"":""Point"",""coordinates"":[72.38628543138465,-7.2987286228760215]}"
672,2680,2729,2041,1134,0.41289153695106506,1117,825,-7.29474753259428,72.40769033157768,"{""type"":""Point"",""coordinates"":[72.40764734682246,-7.294779524175766]}"
674,811,476,284,153,0.5135135054588318,73,46,-7.293114738838101,72.43829086366873,"{""type"":""Point"",""coordinates"":[72.43825153168872,-7.29311274953877]}"
675,2067,1637,1290,1076,0.20678216218948364,1075,800,-7.284526678500073,72.39037257727325,"{""type"":""Point"",""coordinates"":[72.3903789474079,-7.284553254604246]}"
676,1760,1386,1169,998,0.1627516746520996,906,674,-7.300945172390008,72.38548065064472,"{""type"":""Point"",""coordinates"":[72.38546880226764,-7.300907473076115]}"
680,2783,2840,1922,1092,0.4445574879646301,1026,761,-7.298852904614761,72.4144546856451,"{""type"":""Point"",""coordinates"":[72.41443287076477,-7.298885977627385]}"
681,1956,1507,1330,1081,0.16460587084293365,1150,844,-7.301647142043174,72.42901040614504,"{""type"":""Point"",""coordinates"":[72.42898268757673,-7.3016210026089405]}"
682,1767,1385,1162,954,0.18426677584648132,938,705,-7.286412631911897,72.40402763767005,"{""type"":""Point"",""coordinates"":[72.40401684422731,-7.286398211504622]}"
683,1854,1458,1282,1095,0.14218565821647644,1058,784,-7.290387799849236,72.4355006638071,"{""type"":""Point"",""coordinates"":[72.43547530488144,-7.2903857537017025]}"
684,1708,1369,1233,962,0.1746031790971756,1008,749,-7.28068368439815,72.41356341376508,"{""type"":""Point"",""coordinates"":[72.41354196260185,-7.280655947373454]}"
687,4294,4712,3410,1164,0.6038120985031128,1001,752,-7.29983655455293,72.4126388932077,"{""type"":""Point"",""coordinates"":[72.4125951013483,-7.299814330329993]}"
689,4357,4700,3124,1083,0.6254538893699646,947,709,-7.302250972289709,72.40819014978078,"{""type"":""Point"",""coordinates"":[72.40815339583166,-7.302283659856876]}"
690,1943,1550,1385,1216,0.1207519918680191,1189,854,-7.278931004304083,72.40732878308567,"{""type"":""Point"",""coordinates"":[72.40736107010254,-7.278901603695093]}"
691,824,498,288,167,0.4977443516254425,86,52,-7.300981847777058,72.43915117877116,"{""type"":""Point"",""coordinates"":[72.43915677341026,-7.300964443161073]}"
692,3831,3634,1739,975,0.5769147276878357,984,696,-7.295487590332722,72.41067276275963,"{""type"":""Point"",""coordinates"":[72.41066612397049,-7.295483194249212]}"
693,3948,4184,2538,941,0.6327804923057556,863,646,-7.298377729425432,72.41038461714045,"{""type"":""Point"",""coordinates"":[72.41042698294348,-7.298345508035147]}"
694,1935,1527,1347,1143,0.14382022619247437,1121,824,-7.302944736918387,72.43470504995534,"{""type"":""Point"",""coordinates"":[72.43471391741099,-7.30297320496458]}"
695,4365,4384,2265,1146,0.5855334401130676,1132,834,-7.304468029274292,72.41659460348325,"{""type"":""Point"",""coordinates"":[72.41661267684019,-7.304462336785613]}"
697,2526,2799,2329,1551,0.28689655661582947,1116,826,-7.30815041917721,72.39693315803574,"{""type"":""Point"",""coordinates"":[72.39697680454218,-7.308147271338074]}"
699,1421,1141,1033,753,0.20485744456177402,870,648,-7.315774038199321,72.37145617901515,"{""type"":""Point"",""coordinates"":[72.37144486787133,-7.315805585899339]}"
703,1662,1324,1159,921,0.17951002717018127,931,673,-7.281889702612705,72.40323915285838,"{""type"":""Point"",""coordinates"":[72.40323496039109,-7.281866447348121]}"
704,2000,1585,1293,1050,0.20303605496883392,1059,786,-7.308892995858004,72.43186529075969,"{""type"":""Point"",""coordinates"":[72.43190563107561,-7.30891109027721]}"
706,1968,1505,1199,996,0.2035185992717743,988,723,-7.29235070066116,72.3994681918466,"{""type"":""Point"",""coordinates"":[72.39946203412441,-7.292320066713951]}"
707,2832,2833,2157,1417,0.33317646384239197,1284,926,-7.309681007452538,72.42742579146466,"{""type"":""Point"",""coordinates"":[72.4274304505392,-7.309678974260074]}"
708,1898,1486,1221,993,0.19887050986289978,1041,765,-7.289439838330015,72.41188409360892,"{""type"":""Point"",""coordinates"":[72.41187356125238,-7.289477938534596]}"
709,797,476,279,158,0.5015772581100464,70,42,-7.296999514232911,72.43808774385035,"{""type"":""Point"",""coordinates"":[72.43804700503465,-7.297019614716064]}"
710,2250,1989,1804,1824,0.043273013375295044,1577,1040,-7.2856843193617244,72.37181298996055,"{""type"":""Point"",""coordinates"":[72.37181193570335,-7.285728096305568]}"
714,2001,1579,1254,1013,0.2183641940355301,1032,769,-7.3107358808962,72.43809999527326,"{""type"":""Point"",""coordinates"":[72.43813484608673,-7.310703707489159]}"
716,1879,1464,1183,974,0.2009844183921814,1010,753,-7.287292877795525,72.39994990260038,"{""type"":""Point"",""coordinates"":[72.39992361540948,-7.287279343905189]}"
718,1677,1373,1262,1010,0.15232899706252623,1036,827,-7.303442797354718,72.37985478615576,"{""type"":""Point"",""coordinates"":[72.37981987701637,-7.303464855738775]}"
719,1780,1426,1283,1070,0.14262820780277252,1066,778,-7.281254306915066,72.41853783116842,"{""type"":""Point"",""coordinates"":[72.41851746486739,-7.281233165882591]}"
720,1766,1501,1131,967,0.21636952459812164,1036,800,-7.309586839250439,72.39529569737037,"{""type"":""Point"",""coordinates"":[72.39525156558895,-7.309566910668862]}"
721,1535,1115,978,791,0.16998950682056663,817,611,-7.312172200247803,72.37364942222547,"{""type"":""Point"",""coordinates"":[72.37369056680976,-7.312177200802998]}"
723,1889,1558,1464,1253,0.10850231234436143,1284,996,-7.304594368062289,72.37586583519719,"{""type"":""Point"",""coordinates"":[72.37582847006139,-7.304606298012965]}"
730,1599,1228,1067,895,0.15685351192951202,859,623,-7.300563253833708,72.38195317250782,"{""type"":""Point"",""coordinates"":[72.38198349297176,-7.300540681673251]}"
732,2729,2380,2130,1354,0.27477237582206726,1009,606,-7.31260283592343,72.40116126363465,"{""type"":""Point"",""coordinates"":[72.40113700948861,-7.31258386413629]}"
733,2191,1773,1265,959,0.29795020818710327,988,747,-7.299415305878955,72.41798123137711,"{""type"":""Point"",""coordinates"":[72.41799974274986,-7.299374850924429]}"
734,1639,1256,1133,942,0.14285714285714285,900,684,-7.296559949528716,72.37727025649215,"{""type"":""Point"",""coordinates"":[72.37730272028301,-7.296596713537174]}"
735,1633,1309,1166,985,0.1412380188703537,994,727,-7.308456901171256,72.38742812054407,"{""type"":""Point"",""coordinates"":[72.3874278970013,-7.3084314781330715]}"
739,3027,2781,1461,1087,0.4379524290561676,1103,821,-7.317957030639069,72.43661059832361,"{""type"":""Point"",""coordinates"":[72.43657271781213,-7.317963915043394]}"
740,1512,1266,1171,907,0.16520938794293602,947,739,-7.312277327868101,72.37618299840094,"{""type"":""Point"",""coordinates"":[72.37620515762077,-7.312267802547025]}"
742,2533,2572,1864,1123,0.3921515643596649,960,690,-7.298884097382351,72.38847929153164,"{""type"":""Point"",""coordinates"":[72.38850182422271,-7.298918139537914]}"
745,2612,2467,2498,1894,0.13139188289642334,2119,1584,-7.296271630910801,72.42134801552675,"{""type"":""Point"",""coordinates"":[72.42138826459858,-7.296248369912991]}"
746,1906,1542,1371,1184,0.13132795691490173,1116,822,-7.2929894287324535,72.43213709171788,"{""type"":""Point"",""coordinates"":[72.4321556644243,-7.292996198662618]}"
748,1284,977,792,570,0.2630898654460907,513,379,-7.280872174037591,72.41491988161361,"{""type"":""Point"",""coordinates"":[72.41491501418058,-7.2809018263940315]}"
749,1947,1557,1359,1139,0.15504451096057892,1123,839,-7.304417355480507,72.4394031464979,"{""type"":""Point"",""coordinates"":[72.43937448616721,-7.304380539647562]}"
759,1482,1178,1029,794,0.19472616910934448,926,719,-7.298121866244629,72.38169586439578,"{""type"":""Point"",""coordinates"":[72.38169565808306,-7.298105944806099]}"
762,2642,2292,1332,1059,0.36794987320899963,1052,797,-7.318147038432112,72.43823873558893,"{""type"":""Point"",""coordinates"":[72.43827442080477,-7.3181711020356675]}"
763,1961,1722,1716,1381,0.10989365130518852,1617,1242,-7.293021067979263,72.3747567871324,"{""type"":""Point"",""coordinates"":[72.37475317479564,-7.29305883771307]}"
764,1853,1453,1218,1005,0.18226200342178345,998,742,-7.280925679102521,72.39274645738666,"{""type"":""Point"",""coordinates"":[72.3927285795287,-7.280958939102864]}"
769,1881,1451,1275,1059,0.15617530047893524,1105,802,-7.2952341884429375,72.42959008663927,"{""type"":""Point"",""coordinates"":[72.4295612748165,-7.29522225939992]}"
771,2253,1849,1460,1198,0.21365277469158173,1234,910,-7.311614318502936,72.43365994983772,"{""type"":""Point"",""coordinates"":[72.43368358790906,-7.311609292368262]}"
772,1963,1565,1322,1122,0.16486787796020508,1141,833,-7.300920081667411,72.42829049532611,"{""type"":""Point"",""coordinates"":[72.42827540145329,-7.30094750661804]}"
777,1851,1436,1191,987,0.18530747294425964,1017,748,-7.288436485596148,72.410260774777,"{""type"":""Point"",""coordinates"":[72.41022321999851,-7.2883953070862955]}"
781,1770,1538,1156,924,0.24939073622226715,867,653,-7.2988689042671,72.3858547355345,"{""type"":""Point"",""coordinates"":[72.38587161169431,-7.2988520571606585]}"
782,2830,2478,2132,1229,0.33693012595176697,813,550,-7.3157838721321475,72.40431068458693,"{""type"":""Point"",""coordinates"":[72.40431939419616,-7.3157405760606515]}"
784,1537,1269,1227,930,0.15416098226466576,1075,804,-7.298370366397534,72.37780273155644,"{""type"":""Point"",""coordinates"":[72.37777266816798,-7.298405841457352]}"
785,4438,4109,4123,3831,0.03501259535551071,3625,2555,-7.295915849922708,72.42234562827798,"{""type"":""Point"",""coordinates"":[72.42236572191374,-7.295879525330786]}"
789,1948,1666,1565,1316,0.11737089201877934,1298,1048,-7.3019964593976265,72.37977270729778,"{""type"":""Point"",""coordinates"":[72.37977289854389,-7.3020195507355385]}"
790,3488,3665,2709,1564,0.4017976668579078,1279,858,-7.279482888168712,72.37764114087645,"{""type"":""Point"",""coordinates"":[72.37760003920117,-7.279525003346869]}"
793,1585,1276,1105,902,0.17171716690063477,911,678,-7.314102963327183,72.39490747448944,"{""type"":""Point"",""coordinates"":[72.39488779272156,-7.314073608697241]}"
796,1559,1209,1061,840,0.1800878477306003,933,740,-7.299443677852947,72.3758958853405,"{""type"":""Point"",""coordinates"":[72.37588703896172,-7.299425027210596]}"
797,1804,1449,1201,980,0.19308356940746307,960,717,-7.282483763949356,72.39653854318462,"{""type"":""Point"",""coordinates"":[72.39656267484648,-7.282479266833932]}"
802,2123,1681,1350,1136,0.19346822798252106,1164,885,-7.304086014069123,72.42881544623077,"{""type"":""Point"",""coordinates"":[72.42878451997285,-7.304042283120318]}"
803,2181,1723,1286,1074,0.2320343255996704,1093,810,-7.285513369582422,72.38909983160525,"{""type"":""Point"",""coordinates"":[72.38912754887605,-7.2855083229361615]}"
805,1165,839,598,477,0.2750760018825531,404,263,-7.28104709738831,72.42976150774949,"{""type"":""Point"",""coordinates"":[72.42979974938126,-7.281024906507862]}"
807,1592,1296,1119,941,0.15869468450546265,968,731,-7.308368635328558,72.38779066137336,"{""type"":""Point"",""coordinates"":[72.38783001051492,-7.308349045487805]}"
808,1633,1293,1119,885,0.1873278170824051,895,673,-7.300213346588506,72.3839463175675,"{""type"":""Point"",""coordinates"":[72.3839560388927,-7.300228245655475]}"
809,1857,1568,1419,1231,0.12040014290818149,1219,961,-7.30802499953952,72.37530277210456,"{""type"":""Point"",""coordinates"":[72.37527365589634,-7.307986127237356]}"
810,2291,1979,1618,1711,0.07262872628726287,1321,859,-7.2874117311275,72.37361295071273,"{""type"":""Point"",""coordinates"":[72.3735962424264,-7.2874069918019275]}"
812,2123,1627,1299,1080,0.20206871628761292,1099,812,-7.284068067798682,72.38919870334357,"{""type"":""Point"",""coordinates"":[72.38921050777755,-7.284062240315997]}"
813,2753,2475,2392,2112,0.0791366919875145,2043,1501,-7.287812776968229,72.42764131132093,"{""type"":""Point"",""coordinates"":[72.42761548362678,-7.287821500166415]}"
818,1656,1314,1144,918,0.17741934955120087,944,694,-7.281536032130136,72.40459872871313,"{""type"":""Point"",""coordinates"":[72.40459885932738,-7.281579178986828]}"
819,1352,980,714,532,0.29629629850387573,439,284,-7.30847309416945,72.43747932385396,"{""type"":""Point"",""coordinates"":[72.43747502327726,-7.308453335994165]}"
820,1682,1434,1033,824,0.2701505720615387,835,635,-7.305598255756024,72.39314664905021,"{""type"":""Point"",""coordinates"":[72.39313560720845,-7.305639450188472]}"
821,1664,1316,1162,970,0.15135608048993876,913,682,-7.300336252242777,72.37399008689752,"{""type"":""Point"",""coordinates"":[72.37398194713597,-7.300341760840964]}"
822,2019,2048,1793,1187,0.26615145802497864,740,513,-7.31396926903394,72.40305404660369,"{""type"":""Point"",""coordinates"":[72.40305065115714,-7.313929863015528]}"
823,1961,1506,1194,976,0.21353746950626373,996,735,-7.294163206037799,72.41611073056778,"{""type"":""Point"",""coordinates"":[72.41613052744037,-7.294166643706253]}"
825,1721,1378,1220,996,0.16090986132621765,1021,745,-7.280773015489814,72.41338189527444,"{""type"":""Point"",""coordinates"":[72.41335502183428,-7.280755138888876]}"
826,3529,3982,3727,2441,0.2399190366268158,1255,640,-7.306792630856326,72.4122368385258,"{""type"":""Point"",""coordinates"":[72.4122254616084,-7.306824776053292]}"
828,798,482,283,163,0.4945736527442932,67,44,-7.287980705650906,72.44130676904068,"{""type"":""Point"",""coordinates"":[72.44126344436245,-7.288016015934366]}"
830,1803,1415,1135,946,0.19864463806152344,968,715,-7.286847298356803,72.40103851475952,"{""type"":""Point"",""coordinates"":[72.40101308703348,-7.28687778220449]}"
836,820,510,299,171,0.4977973699569702,85,52,-7.290038651640512,72.4376748102889,"{""type"":""Point"",""coordinates"":[72.43768341339423,-7.290040765733794]}"
838,2037,1561,1265,1077,0.18347232043743134,1073,799,-7.2893399952896125,72.39450786617432,"{""type"":""Point"",""coordinates"":[72.39453197350227,-7.289337128902523]}"
840,844,510,301,170,0.5,91,60,-7.283575907096293,72.41363733209779,"{""type"":""Point"",""coordinates"":[72.4136558553473,-7.283586798642633]}"
841,980,626,398,253,0.42434585094451904,190,136,-7.290012064285556,72.41713010210573,"{""type"":""Point"",""coordinates"":[72.41715621269479,-7.2900515580097025]}"
843,1527,1166,1027,841,0.1619332336821126,865,664,-7.310039841118224,72.37990683737121,"{""type"":""Point"",""coordinates"":[72.37987661529962,-7.3100622343054775]}"
844,1795,1506,1334,1167,0.12682379349046016,1094,758,-7.314153847582357,72.37255174835013,"{""type"":""Point"",""coordinates"":[72.37259650410398,-7.314114701414248]}"
845,1836,1514,1325,1081,0.16685934364795685,1102,825,-7.2955961711239805,72.42967852720544,"{""type"":""Point"",""coordinates"":[72.42966991032503,-7.295625502827325]}"
848,1744,1490,1378,1111,0.1457131803035736,1236,987,-7.282932970732106,72.42766915425737,"{""type"":""Point"",""coordinates"":[72.42765226131549,-7.282896395258916]}"
849,3616,3797,2510,1014,0.57846599817276,883,654,-7.306377116788724,72.41857482278358,"{""type"":""Point"",""coordinates"":[72.41860845709263,-7.306413193422926]}"
850,1875,1560,1438,1192,0.13372093439102173,1224,924,-7.278287289588171,72.43710805673275,"{""type"":""Point"",""coordinates"":[72.43713255073267,-7.278251379310883]}"
851,3081,2940,2610,2315,0.11893434822559357,1840,1101,-7.2856532819328335,72.38203985012878,"{""type"":""Point"",""coordinates"":[72.382046432346,-7.285627565457295]}"
853,2175,2259,1718,1091,0.34865671396255493,1025,743,-7.314792464971012,72.40476896342949,"{""type"":""Point"",""coordinates"":[72.40481114417456,-7.314781150996002]}"
854,1853,1463,1230,1069,0.15560822188854218,977,700,-7.298751279180582,72.42830289170541,"{""type"":""Point"",""coordinates"":[72.4283306411584,-7.298725838873058]}"
855,1542,1245,1137,893,0.16463984549045563,970,716,-7.309143046248552,72.38108865239485,"{""type"":""Point"",""coordinates"":[72.38105703261047,-7.309158566248769]}"
858,1566,1266,1127,906,0.16574585437774658,878,640,-7.305830057435032,72.38635731301666,"{""type"":""Point"",""coordinates"":[72.38635100133665,-7.305824341815557]}"
859,1756,1421,1295,1054,0.14828282594680786,1065,786,-7.280983724815427,72.41862988316538,"{""type"":""Point"",""coordinates"":[72.41861443125974,-7.280989579181343]}"
860,1754,1438,1255,1053,0.15455640852451324,1072,796,-7.288835113713429,72.43261330239191,"{""type"":""Point"",""coordinates"":[72.43263859673912,-7.2888160605058765]}"
862,2305,2123,1425,1098,0.318224161863327,1094,797,-7.294539764404079,72.40298524857923,"{""type"":""Point"",""coordinates"":[72.40297166159937,-7.294574396735385]}"
864,4091,4385,2742,1014,0.6243748664855957,943,698,-7.2996454426025394,72.41082985529884,"{""type"":""Point"",""coordinates"":[72.410847092452,-7.299621186966006]}"
866,1534,1165,1127,869,0.14552605152130127,902,690,-7.315781617278786,72.38829059952519,"{""type"":""Point"",""coordinates"":[72.38832823406588,-7.315772250165489]}"
867,1042,686,368,216,0.521064281463623,123,79,-7.302227526041467,72.41986575572403,"{""type"":""Point"",""coordinates"":[72.41990618516424,-7.302259631913668]}"
870,1521,1247,1116,897,0.16324626865671643,975,748,-7.300232190657174,72.37163758417053,"{""type"":""Point"",""coordinates"":[72.37160389033787,-7.300269003014405]}"
871,2250,1884,1746,1646,0.06742209631728045,1563,1172,-7.306860288387682,72.37702918426939,"{""type"":""Point"",""coordinates"":[72.3770616122731,-7.306843209625548]}"
874,3330,3033,2920,2562,0.08418230712413788,2636,1824,-7.301708083570514,72.4238510858065,"{""type"":""Point"",""coordinates"":[72.42386392397047,-7.301689970603841]}"
875,1919,1421,1137,981,0.18318068981170654,968,728,-7.284188181789159,72.3943566409634,"{""type"":""Point"",""coordinates"":[72.39433820529976,-7.28415732453095]}"
876,1641,1605,1644,1553,0.01646611839532852,1988,1304,-7.293109698241224,72.39005135765979,"{""type"":""Point"",""coordinates"":[72.39008389359275,-7.293142310224728]}"
878,5449,5160,4144,2407,0.3638165593147278,624,397,-7.302239606354449,72.39054144657065,"{""type"":""Point"",""coordinates"":[72.39056557298566,-7.30222271157565]}"
879,2213,1830,1297,1055,0.26863086223602295,1059,794,-7.317068807497944,72.43933103661531,"{""type"":""Point"",""coordinates"":[72.43929944053868,-7.31705886733041]}"
881,1950,1549,1325,1119,0.1611694097518921,1110,820,-7.299554778438078,72.42657864912258,"{""type"":""Point"",""coordinates"":[72.42654751474643,-7.299523069551353]}"
882,2259,2241,1972,1172,0.31321418285369873,928,608,-7.315238552118308,72.40377078069159,"{""type"":""Point"",""coordinates"":[72.4038035532499,-7.31528164422295]}"
885,1574,1208,1018,854,0.17167797684669495,867,650,-7.277661092009531,72.39077429897722,"{""type"":""Point"",""coordinates"":[72.39077464763557,-7.277647321113362]}"
887,1545,1167,936,813,0.17878787219524384,575,396,-7.286157465004893,72.43851143078443,"{""type"":""Point"",""coordinates"":[72.43847653176333,-7.286161872013935]}"
888,1640,1361,1207,1027,0.13986599664991625,1001,747,-7.300967212063219,72.3737148904195,"{""type"":""Point"",""coordinates"":[72.37370432363105,-7.30096421825997]}"
889,3978,3905,1910,897,0.626405656337738,854,635,-7.296303993786963,72.41121110361516,"{""type"":""Point"",""coordinates"":[72.4111928683692,-7.2962996169018846]}"
892,1680,1395,1194,1045,0.14344262295081966,950,671,-7.313896478911576,72.37490643789913,"{""type"":""Point"",""coordinates"":[72.37488511918939,-7.313875170606681]}"
897,1662,1326,1156,919,0.18129175901412964,947,712,-7.284166485902542,72.40630315299315,"{""type"":""Point"",""coordinates"":[72.40634491915316,-7.284196807609858]}"
898,1615,1297,1151,917,0.17163504660129547,939,675,-7.282233175676776,72.43174585170381,"{""type"":""Point"",""coordinates"":[72.43171518898387,-7.282211542194902]}"
899,1720,1390,1126,970,0.17796610295772552,936,693,-7.30158191307043,72.3862009931745,"{""type"":""Point"",""coordinates"":[72.38618871978633,-7.301579295666568]}"
902,2186,1821,1700,1529,0.08716417910447762,1445,1060,-7.305327800774459,72.37767166531127,"{""type"":""Point"",""coordinates"":[72.37764737356186,-7.305347354181785]}"
903,2867,2610,2577,2238,0.07673267275094986,2137,1588,-7.288081817006678,72.427277753274,"{""type"":""Point"",""coordinates"":[72.42727041348759,-7.28809289251958]}"
904,2025,1598,1288,1043,0.2101476639509201,1038,781,-7.288724129883219,72.39740754063682,"{""type"":""Point"",""coordinates"":[72.39741241616002,-7.288685473449012]}"
907,2059,1767,1364,1510,0.07842538907537382,1028,727,-7.286235436457388,72.37334830054489,"{""type"":""Point"",""coordinates"":[72.37332384765544,-7.286240727559726]}"
909,1981,1650,1293,1109,0.19608554244041443,1115,850,-7.3023953271515945,72.43344105837959,"{""type"":""Point"",""coordinates"":[72.43343059622657,-7.302428861671239]}"
914,912,576,367,224,0.4399999976158142,148,104,-7.28654606528362,72.41153869529025,"{""type"":""Point"",""coordinates"":[72.41151622395734,-7.286545088332924]}"
916,6689,6201,5129,3631,0.26139137148857117,688,394,-7.295783957687104,72.38370055314267,"{""type"":""Point"",""coordinates"":[72.38372990522411,-7.295779793271536]}"
917,2040,1549,1186,982,0.22402212023735046,993,732,-7.292969282333616,72.41276887076951,"{""type"":""Point"",""coordinates"":[72.41274845570739,-7.292968014900044]}"
920,1904,1523,1320,1132,0.14726930856704712,1139,850,-7.287792677716965,72.42411171403118,"{""type"":""Point"",""coordinates"":[72.42410787187765,-7.287780137430249]}"
921,4740,5279,4424,1703,0.5121741890907288,1290,956,-7.305956470317176,72.40825929934715,"{""type"":""Point"",""coordinates"":[72.40829566726235,-7.305931981430218]}"
928,1544,1273,1281,885,0.17979610750695088,1037,768,-7.312917773206839,72.37753686313711,"{""type"":""Point"",""coordinates"":[72.37757467909394,-7.312939398286196]}"
931,4036,3777,3759,3434,0.04756621643900871,3522,2528,-7.296733796735243,72.42315550772251,"{""type"":""Point"",""coordinates"":[72.42320065478792,-7.29673845398113]}"
932,1654,1358,1177,1032,0.13640167364016736,941,689,-7.316722506584567,72.3791437834197,"{""type"":""Point"",""coordinates"":[72.37912387215086,-7.316699203823215]}"
933,2136,1674,1384,1294,0.12803234159946442,1279,953,-7.296300547148296,72.42641624263152,"{""type"":""Point"",""coordinates"":[72.42639954149764,-7.296273789204566]}"
934,1507,1178,1033,843,0.16575952498762989,900,691,-7.3113657911973045,72.37483072295343,"{""type"":""Point"",""coordinates"":[72.37484187756816,-7.3113929037896215]}"
936,2470,2470,1653,1042,0.40660592913627625,1001,725,-7.316982598191445,72.4084672119993,"{""type"":""Point"",""coordinates"":[72.4084844014167,-7.316963088183023]}"
938,782,463,269,151,0.5081433057785034,58,31,-7.292494478060831,72.44046656727613,"{""type"":""Point"",""coordinates"":[72.44045830104616,-7.292527566221283]}"
943,2639,2352,2212,1841,0.1218697801232338,2076,1543,-7.296537042918335,72.42035091974964,"{""type"":""Point"",""coordinates"":[72.42032902063762,-7.296576354799875]}"
944,1657,1280,1090,852,0.200750470161438,836,624,-7.308303159428862,72.43938101209997,"{""type"":""Point"",""coordinates"":[72.43940247586838,-7.308258934995002]}"
947,4932,4749,4941,4565,0.019755207002162933,4304,2866,-7.284240521661686,72.41924477217204,"{""type"":""Point"",""coordinates"":[72.41925366991131,-7.284277425076395]}"
948,1881,1452,1223,1001,0.18385650217533112,1025,751,-7.2838246385014855,72.39399673201827,"{""type"":""Point"",""coordinates"":[72.39400071193656,-7.283865576545324]}"
951,2063,1781,1720,1438,0.10655483069276173,1487,1152,-7.30505881630017,72.37803525650078,"{""type"":""Point"",""coordinates"":[72.3780778276167,-7.305065441184784]}"
952,1910,1500,1228,1025,0.1881188154220581,994,753,-7.283366036547145,72.3928228526231,"{""type"":""Point"",""coordinates"":[72.39278476045368,-7.2833452783582135]}"
955,1590,1308,1110,966,0.15039578080177307,979,650,-7.277650133051117,72.38887384381535,"{""type"":""Point"",""coordinates"":[72.38891331333095,-7.277686214827695]}"
958,4178,4344,2389,1094,0.597646176815033,1094,836,-7.3036371019853785,72.41352210929591,"{""type"":""Point"",""coordinates"":[72.41356241387524,-7.303637758126855]}"
959,1735,1382,1218,1112,0.10825982689857483,1019,728,-7.3157437788083834,72.38177422700446,"{""type"":""Point"",""coordinates"":[72.38180006445417,-7.315706696195881]}"
960,1519,1174,1025,888,0.13870029151439667,905,699,-7.313016497929315,72.39455174372698,"{""type"":""Point"",""coordinates"":[72.39454150726293,-7.313028904052505]}"
961,1568,1289,1210,946,0.1534675657749176,1028,775,-7.318113214530331,72.38519973268632,"{""type"":""Point"",""coordinates"":[72.38517419387252,-7.3181028606064045]}"
963,4337,4574,2676,1157,0.5962310433387756,1144,857,-7.30473290469986,72.41550698354403,"{""type"":""Point"",""coordinates"":[72.41551429569805,-7.304706052111064]}"
964,2970,2536,2060,2342,0.039770398288965225,1499,928,-7.279619853869885,72.38569490756707,"{""type"":""Point"",""coordinates"":[72.38573939640331,-7.27965574152597]}"
967,3558,3281,3188,2762,0.08588449656963348,2642,1904,-7.30262259710199,72.42574652331761,"{""type"":""Point"",""coordinates"":[72.42573660898613,-7.302617279184566]}"
968,1474,1156,1055,800,0.18200408997955012,889,707,-7.311281754155271,72.37591729385755,"{""type"":""Point"",""coordinates"":[72.37591923697754,-7.3113212506751095]}"
969,4356,4011,3980,3766,0.03150315210223198,3725,2650,-7.296098649123458,72.42270660908845,"{""type"":""Point"",""coordinates"":[72.42272946484559,-7.296070481250575]}"
973,2258,2003,1345,1079,0.29980531334877014,1080,791,-7.315078664235531,72.43898034095132,"{""type"":""Point"",""coordinates"":[72.43895489216494,-7.315034582392971]}"
974,2619,2199,1819,1870,0.08085525035858154,1506,998,-7.278983124570477,72.384974590134,"{""type"":""Point"",""coordinates"":[72.38501713330265,-7.278957819905209]}"
976,1806,1412,1156,942,0.19966015219688416,964,716,-7.285304852365224,72.39996136955865,"{""type"":""Point"",""coordinates"":[72.39999558823698,-7.285272821958323]}"
977,2237,1976,1707,1271,0.21712349355220795,1389,1085,-7.305048539528791,72.42328889747417,"{""type"":""Point"",""coordinates"":[72.4232798922797,-7.305012213223069]}"
978,2048,1786,1679,1496,0.08836075563680683,1416,1027,-7.294019268036764,72.37547499294456,"{""type"":""Point"",""coordinates"":[72.3754931968704,-7.2939820662745]}"
981,1691,1387,1185,1101,0.11495176702737808,972,691,-7.306397399676563,72.39069833057206,"{""type"":""Point"",""coordinates"":[72.39074084549648,-7.306442277718838]}"
982,2004,1628,1282,1018,0.23053665459156036,1063,792,-7.311543526197244,72.43709976794793,"{""type"":""Point"",""coordinates"":[72.43706083632185,-7.3115164245008435]}"
985,4686,5235,4290,1630,0.5251274704933167,1268,942,-7.305956990483451,72.40834980422926,"{""type"":""Point"",""coordinates"":[72.40830977067922,-7.30596738581857]}"
987,2845,2498,2278,2190,0.06569965928792953,1792,1169,-7.277785897411575,72.38109000937473,"{""type"":""Point"",""coordinates"":[72.3810776221787,-7.277787589052667]}"
988,1665,1370,1241,998,0.1570945945945946,1052,787,-7.300048302383959,72.37109563388866,"{""type"":""Point"",""coordinates"":[72.37112737029705,-7.300011604178538]}"
989,1739,1300,1085,936,0.1627907007932663,828,574,-7.289287067158677,72.41677223769102,"{""type"":""Point"",""coordinates"":[72.416774259145,-7.289301104776959]}"
992,1808,1443,1273,1136,0.11903838697169446,1116,838,-7.307635596321158,72.37050824218726,"{""type"":""Point"",""coordinates"":[72.37054846292523,-7.307634138359158]}"
993,1795,1459,1322,1077,0.150630921125412,1107,813,-7.285496153874482,72.43344687075543,"{""type"":""Point"",""coordinates"":[72.43345167711297,-7.285524902128433]}"
995,1552,1252,1093,952,0.1361161470413208,949,707,-7.314626816588542,72.39173663468878,"{""type"":""Point"",""coordinates"":[72.39170681123771,-7.314645515489502]}"
996,1825,1525,1418,1216,0.11273257935060196,1235,944,-7.307411941527493,72.37865507367589,"{""type"":""Point"",""coordinates"":[72.3786860471143,-7.307430725434018]}"
997,4255,4651,3152,1074,0.6248034834861755,1030,732,-7.304030188974157,72.41904083915628,"{""type"":""Point"",""coordinates"":[72.41902421048458,-7.303986476359216]}"
998,2581,2546,2021,1507,0.25635331869125366,1383,1002,-7.30922710771607,72.42706635076266,"{""type"":""Point"",""coordinates"":[72.42705899198523,-7.3091860693893524]}"
1007,2344,2082,1887,1737,0.09033778476040849,1659,1186,-7.29150276657284,72.37784272953247,"{""type"":""Point"",""coordinates"":[72.37787924798633,-7.2914890482903685]}"
1008,1748,1438,1284,1049,0.15641334652900696,1075,804,-7.288301133483703,72.43406444148243,"{""type"":""Point"",""coordinates"":[72.43410727851843,-7.288261212522808]}"
1011,1645,1325,1269,988,0.14569822741028968,1201,930,-7.296175349161527,72.37329033936093,"{""type"":""Point"",""coordinates"":[72.37330521506509,-7.296171247035111]}"
1012,2093,1698,1463,1114,0.20768137276172638,1215,895,-7.283702431831475,72.38847680411514,"{""type"":""Point"",""coordinates"":[72.38847236565303,-7.283710361991403]}"
1015,1924,1614,1438,1270,0.11927877947295423,1170,822,-7.316128090821708,72.37018700361486,"{""type"":""Point"",""coordinates"":[72.37016087449287,-7.316124061970895]}"
1021,1582,1248,988,816,0.20930232107639313,679,482,-7.284648905082643,72.41164009204772,"{""type"":""Point"",""coordinates"":[72.41159754695813,-7.284623440791484]}"
1026,1768,1364,1193,1025,0.14190037548542023,960,694,-7.317640257918483,72.39714968231338,"{""type"":""Point"",""coordinates"":[72.39719387924207,-7.317672403346281]}"
1027,2668,2284,1973,2007,0.06455371528863907,1641,1083,-7.279359737340115,72.38759693579905,"{""type"":""Point"",""coordinates"":[72.38758080205523,-7.279343890939439]}"
1029,1433,983,706,577,0.26025640964508057,486,316,-7.292075469653985,72.41449360883256,"{""type"":""Point"",""coordinates"":[72.41447681991295,-7.2920309699930375]}"
1030,2170,1681,1329,1131,0.1955903321504593,1036,749,-7.288605598437168,72.39252103901202,"{""type"":""Point"",""coordinates"":[72.3925243425478,-7.2886196706655175]}"
1031,1864,1505,1295,1120,0.14666666090488434,1125,835,-7.2955243377504635,72.4329372026535,"{""type"":""Point"",""coordinates"":[72.43293495529038,-7.29556942951267]}"
1032,1690,1360,1213,975,0.16488222777843475,975,744,-7.315117373686514,72.39843143683265,"{""type"":""Point"",""coordinates"":[72.39847143859392,-7.315139069268773]}"
1035,1815,1506,1391,1184,0.11970260223048328,1126,866,-7.304495577677636,72.37441832758579,"{""type"":""Point"",""coordinates"":[72.37440120462286,-7.304502564697931]}"
1036,931,580,346,208,0.4720812141895294,129,88,-7.292263968611672,72.4158501107023,"{""type"":""Point"",""coordinates"":[72.41589195063257,-7.292243528544592]}"
1037,4819,5336,4145,1584,0.54219651222229,1327,977,-7.306162149109538,72.41260250092027,"{""type"":""Point"",""coordinates"":[72.41256890651852,-7.306169713405558]}"
1040,1803,1459,1296,1104,0.13850955665111542,1113,815,-7.2787724968251855,72.42705935167149,"{""type"":""Point"",""coordinates"":[72.42707796550158,-7.2788094352404915]}"
1042,1716,1437,1273,1052,0.15468059480190277,1089,826,-7.27815175700615,72.42914447480348,"{""type"":""Point"",""coordinates"":[72.42912700272873,-7.2781117479327815]}"
1044,3799,3825,1940,1027,0.5766693949699402,1038,762,-7.303020619609171,72.41633139516246,"{""type"":""Point"",""coordinates"":[72.4163666763992,-7.3030360285057325]}"
1045,1954,1604,1225,1104,0.184638112783432,1022,741,-7.3117639525811455,72.39673120576217,"{""type"":""Point"",""coordinates"":[72.39673836348743,-7.3117445217962915]}"
1047,1807,1425,1224,1028,0.16184264421463013,1063,803,-7.291176942847435,72.43124235964946,"{""type"":""Point"",""coordinates"":[72.43127981194218,-7.291184151241951]}"
1054,2022,1606,1031,867,0.29882732033729553,774,583,-7.297070963887545,72.418899749841,"{""type"":""Point"",""coordinates"":[72.4189094096213,-7.2970661693383]}"
1056,1822,1493,871,687,0.3697247803211212,566,386,-7.3022223492899645,72.41896070643159,"{""type"":""Point"",""coordinates"":[72.41893786506836,-7.3022610504484256]}"
1060,1816,1448,1322,1133,0.12204571813344955,1143,855,-7.277555636290462,72.435573642033,"{""type"":""Point"",""coordinates"":[72.43553443473414,-7.277535705943017]}"
1062,2461,2660,2225,1795,0.19416385889053345,1251,865,-7.309334562922897,72.39855543949224,"{""type"":""Point"",""coordinates"":[72.39852919476536,-7.309311043729711]}"
1065,1756,1422,1255,1030,0.1598694920539856,1101,826,-7.279674106085383,72.4266921950297,"{""type"":""Point"",""coordinates"":[72.42665763227772,-7.279661090043235]}"
1066,1710,1393,1274,1066,0.13298088312149048,1071,810,-7.285705627241614,72.43851399815864,"{""type"":""Point"",""coordinates"":[72.4384829000672,-7.285693497166379]}"
1068,1632,1264,1136,971,0.13109619915485382,877,634,-7.306528290520103,72.38209945669239,"{""type"":""Point"",""coordinates"":[72.38206330382178,-7.306541671470762]}"
1069,1464,1167,1065,814,0.1781928390264511,951,764,-7.310654462711788,72.39239325760735,"{""type"":""Point"",""coordinates"":[72.39239372596047,-7.310658793763901]}"
1073,1165,834,650,478,0.271341472864151,548,375,-7.284172861118322,72.42322735239492,"{""type"":""Point"",""coordinates"":[72.42318576053158,-7.2841664115663285]}"
1076,1874,1469,1263,1048,0.16726261377334595,1046,793,-7.299302243899716,72.42983837849887,"{""type"":""Point"",""coordinates"":[72.42986122321156,-7.299337789541163]}"
1079,1776,1481,1329,1104,0.14584138989448547,1111,810,-7.279214521057014,72.44126600334432,"{""type"":""Point"",""coordinates"":[72.44123049894908,-7.279228142235908]}"
1082,1006,682,489,337,0.33856722712516785,254,171,-7.28741389026939,72.43696568579375,"{""type"":""Point"",""coordinates"":[72.43694737454288,-7.287433846745475]}"
1083,1721,1422,1255,1036,0.15703824247355574,986,749,-7.311393184619463,72.37953691641205,"{""type"":""Point"",""coordinates"":[72.37956756459533,-7.3113505686371845]}"
1087,1878,1504,1178,1039,0.18285489082336426,993,733,-7.318133361695652,72.40429709783047,"{""type"":""Point"",""coordinates"":[72.40427175234895,-7.318115687671639]}"
1088,1901,1470,1207,997,0.19173084199428558,943,685,-7.2925283346388285,72.4146720203768,"{""type"":""Point"",""coordinates"":[72.41471134815326,-7.29256992791987]}"
1089,3226,3011,2826,2750,0.04530463367700577,2345,1508,-7.281226517294631,72.38224655175912,"{""type"":""Point"",""coordinates"":[72.38226193205081,-7.281210403898848]}"
1092,3131,2723,2419,2494,0.04389495775103569,1905,1205,-7.277811532615628,72.38552438298433,"{""type"":""Point"",""coordinates"":[72.38548408793744,-7.277847022029334]}"
1094,2007,1518,1211,957,0.2266666740179062,996,739,-7.286985304378592,72.39361644945456,"{""type"":""Point"",""coordinates"":[72.39360851800328,-7.286963467727243]}"
1095,1860,1432,1129,898,0.22918455302715302,906,668,-7.290414668918501,72.40852981333458,"{""type"":""Point"",""coordinates"":[72.40855653697128,-7.290390946393433]}"
1097,971,616,396,247,0.4275782108306885,170,113,-7.291180612834034,72.41603733678822,"{""type"":""Point"",""coordinates"":[72.41599398738029,-7.291197793576837]}"
1098,3621,3822,2637,1064,0.5644699335098267,1022,778,-7.301758088001599,72.41679118571774,"{""type"":""Point"",""coordinates"":[72.41676738907424,-7.301799267251494]}"
1104,1779,1444,1248,1043,0.16123844683170319,1046,781,-7.28605786563994,72.43688289048093,"{""type"":""Point"",""coordinates"":[72.43689212591245,-7.286032585474762]}"
1108,812,487,279,153,0.5218750238418579,70,50,-7.295365709483362,72.43682993330067,"{""type"":""Point"",""coordinates"":[72.4368039548743,-7.295369113899967]}"
1111,2166,1703,1375,1178,0.18222838640213013,1183,870,-7.307629404568791,72.43214404111703,"{""type"":""Point"",""coordinates"":[72.43215907536049,-7.307652431575694]}"
1112,1752,1417,1260,1048,0.1496957391500473,1077,801,-7.278730247628689,72.41963831079144,"{""type"":""Point"",""coordinates"":[72.41965480571598,-7.2787405241956895]}"
1117,2868,2582,2337,2368,0.04323232323232323,1818,1168,-7.287425395663289,72.37596591768654,"{""type"":""Point"",""coordinates"":[72.37597299103115,-7.287428910736814]}"
1119,1622,1303,1163,948,0.15770769119262695,932,700,-7.310090268399567,72.38859521846237,"{""type"":""Point"",""coordinates"":[72.3886332408411,-7.310122654965467]}"
1122,1558,1257,1086,894,0.16875871687587168,868,656,-7.300340464827834,72.37471409723949,"{""type"":""Point"",""coordinates"":[72.37468408564985,-7.300309722355033]}"
1124,3940,3836,1927,1093,0.5565023422241211,1086,819,-7.301922747576403,72.41398450575566,"{""type"":""Point"",""coordinates"":[72.41399273033876,-7.301921578830929]}"
1126,3095,2794,2622,2284,0.10043323785066605,2321,1781,-7.299077121628016,72.4220560007357,"{""type"":""Point"",""coordinates"":[72.42206182501535,-7.2990346133787565]}"
1128,1837,1460,1257,995,0.18940937519073486,1030,773,-7.281032722495339,72.39564189851168,"{""type"":""Point"",""coordinates"":[72.39567847612494,-7.281047926676542]}"
1131,1796,1370,1156,990,0.16101695597171783,940,723,-7.28641419074547,72.40429913964199,"{""type"":""Point"",""coordinates"":[72.40432181018757,-7.286380537433716]}"
1132,1872,1628,1259,1012,0.23333333432674408,1037,796,-7.314865088232595,72.40169122651061,"{""type"":""Point"",""coordinates"":[72.40171342120131,-7.314882501665427]}"
1133,2685,2911,2318,1409,0.34768518805503845,1011,747,-7.313160679698394,72.40387330361162,"{""type"":""Point"",""coordinates"":[72.40388233117916,-7.313149741986235]}"
1134,3817,3806,3450,1981,0.31536200642585754,914,486,-7.3046052954509415,72.39333341956792,"{""type"":""Point"",""coordinates"":[72.39335427632129,-7.304560347775603]}"
1135,1613,1235,1077,937,0.13720073664825047,885,648,-7.296563629108864,72.3779037618784,"{""type"":""Point"",""coordinates"":[72.37792888759131,-7.296551667268059]}"
1136,1909,1547,1332,1181,0.1341642290353775,1177,874,-7.282709458853403,72.42015857415515,"{""type"":""Point"",""coordinates"":[72.42020321605484,-7.282717550890766]}"
1142,1913,1630,1315,1141,0.1764705926179886,1344,1018,-7.311129309800113,72.39637285130092,"{""type"":""Point"",""coordinates"":[72.3964153752511,-7.311104292174096]}"
1143,1570,1310,1152,952,0.15826702033598586,934,690,-7.315167888032051,72.37598509389602,"{""type"":""Point"",""coordinates"":[72.37595967181194,-7.315180708549375]}"
1148,1920,1544,1368,1164,0.14032496511936188,1166,863,-7.297594029827379,72.43138676608667,"{""type"":""Point"",""coordinates"":[72.43137669016185,-7.297564059699542]}"
1149,3132,3321,1756,379,0.7951351404190063,207,103,-7.313482608255415,72.4284901487364,"{""type"":""Point"",""coordinates"":[72.4284802976264,-7.3134816204928494]}"
1152,1792,1398,1122,915,0.20881971716880798,904,660,-7.287681380728507,72.40465385763814,"{""type"":""Point"",""coordinates"":[72.40467267791752,-7.287708583917845]}"
1153,2782,2579,2379,2223,0.07413578033447266,1903,1210,-7.2811675383416175,72.38767696893268,"{""type"":""Point"",""coordinates"":[72.38766675762753,-7.281163622052158]}"
1155,1699,1408,1129,1040,0.1503267973856209,969,716,-7.29850581093562,72.37001860134308,"{""type"":""Point"",""coordinates"":[72.3700014797842,-7.298462144780134]}"
1160,1652,1288,1143,984,0.13380281627178192,944,692,-7.31015281252013,72.38379797426202,"{""type"":""Point"",""coordinates"":[72.38382066776516,-7.310140878708911]}"
1161,4857,4632,4584,4345,0.031970590353012085,4177,2783,-7.306771706238668,72.42436513019759,"{""type"":""Point"",""coordinates"":[72.42440656810204,-7.30675707618092]}"
1165,1114,748,548,376,0.33096083998680115,494,414,-7.2914630932637,72.41802683878315,"{""type"":""Point"",""coordinates"":[72.41799784859484,-7.291473389044716]}"
1166,3376,3034,2942,2730,0.0527411513030529,2697,2101,-7.295742348249043,72.42361371745692,"{""type"":""Point"",""coordinates"":[72.42365433586308,-7.295767508988083]}"
1168,831,511,312,184,0.4705035984516144,94,64,-7.301623150413555,72.44068618428282,"{""type"":""Point"",""coordinates"":[72.44070137758433,-7.301585131828471]}"
1169,1584,1210,1024,894,0.15019011497497559,606,422,-7.31056828746738,72.39311781960994,"{""type"":""Point"",""coordinates"":[72.39315637415447,-7.310578202132299]}"
1170,3364,3113,3082,2792,0.054360710084438324,2964,2200,-7.292463842930413,72.4191976784726,"{""type"":""Point"",""coordinates"":[72.41919736086133,-7.292457018970005]}"
1171,1982,1639,1490,1347,0.09778968519758875,1247,931,-7.30386935801796,72.37550804567279,"{""type"":""Point"",""coordinates"":[72.37551158785806,-7.303857854667651]}"
1173,2198,1781,1289,1007,0.2776183784008026,1033,760,-7.287324308123008,72.38972286182087,"{""type"":""Point"",""coordinates"":[72.38969163195816,-7.287316789970049]}"
1174,1712,1377,1185,1032,0.1432129442691803,989,722,-7.315931700453649,72.39860773639067,"{""type"":""Point"",""coordinates"":[72.3986469637967,-7.315939279790594]}"
1176,3666,3985,2663,478,0.7857943177223206,116,66,-7.301156708008087,72.40647682489806,"{""type"":""Point"",""coordinates"":[72.40649166367369,-7.301180238711396]}"
1178,1379,947,664,478,0.3291228115558624,440,301,-7.295342105230612,72.41682801548055,"{""type"":""Point"",""coordinates"":[72.41680081871021,-7.295375925817759]}"
1181,1069,723,489,305,0.4066147804260254,306,254,-7.29335146577254,72.41638690604455,"{""type"":""Point"",""coordinates"":[72.41642226726418,-7.293347856028949]}"
1182,2536,2578,1915,1028,0.429839164018631,1021,758,-7.294738698552178,72.40615178859807,"{""type"":""Point"",""coordinates"":[72.40613983911588,-7.294743440917427]}"
1183,1837,1448,1225,1000,0.18300653994083405,1038,780,-7.288075023492239,72.41026285198353,"{""type"":""Point"",""coordinates"":[72.41024404315047,-7.2880975079177]}"
1187,1748,1370,1174,1067,0.12433319655313911,934,692,-7.2971777628066326,72.37473254888543,"{""type"":""Point"",""coordinates"":[72.37471998343031,-7.297213683258183]}"
1191,1906,1529,1312,1116,0.1561436653137207,1132,861,-7.288970536924018,72.42464801479406,"{""type"":""Point"",""coordinates"":[72.42467167677333,-7.288951123174824]}"
1193,4109,3774,3851,3589,0.02512562833726406,3580,2640,-7.283884736390478,72.420242354934,"{""type"":""Point"",""coordinates"":[72.42020522149426,-7.283928463955856]}"
1195,1454,1121,953,751,0.19764956831932068,730,513,-7.281048768588652,72.4141948432901,"{""type"":""Point"",""coordinates"":[72.41417812143136,-7.28102064233817]}"
1199,2217,1817,1494,1254,0.18332791328430176,1162,804,-7.283238066209044,72.38630744929884,"{""type"":""Point"",""coordinates"":[72.38633042266794,-7.283246373427306]}"
1200,1643,1308,1086,845,0.21504877507686615,802,585,-7.287899994796418,72.41125940627748,"{""type"":""Point"",""coordinates"":[72.41129605027994,-7.287922933563672]}"
1201,2909,2737,1971,1476,0.29931166768074036,879,579,-7.316057053684686,72.40467114367578,"{""type"":""Point"",""coordinates"":[72.40468304298138,-7.31607406745516]}"
1203,1810,1450,1276,1097,0.13859441876411438,1095,803,-7.280658358103886,72.44089579480264,"{""type"":""Point"",""coordinates"":[72.44088181037174,-7.2806802711034635]}"
1206,1913,1483,1237,1030,0.18026264011859894,1055,782,-7.2909843460569,72.41332330349917,"{""type"":""Point"",""coordinates"":[72.41330983404231,-7.291009327384797]}"
1208,1950,1650,1510,1286,0.12397820163487738,1270,987,-7.310255582686077,72.37040240449976,"{""type"":""Point"",""coordinates"":[72.37044264439194,-7.310211030894331]}"
1209,2351,2063,1987,1757,0.08010471204188482,1729,1319,-7.302797633729187,72.37768642085001,"{""type"":""Point"",""coordinates"":[72.3776703046837,-7.302757927309344]}"
1212,2249,2073,1865,1619,0.12296858429908752,1560,1144,-7.311221765824875,72.39673434793228,"{""type"":""Point"",""coordinates"":[72.3967335384653,-7.311254175223432]}"
1213,1530,1264,1169,909,0.1633686125278473,970,706,-7.315057132042295,72.38802328916465,"{""type"":""Point"",""coordinates"":[72.38801866263871,-7.31501451217735]}"
1217,2617,2747,2016,1087,0.4329681694507599,1044,794,-7.299493758403539,72.41589911612533,"{""type"":""Point"",""coordinates"":[72.41585802567612,-7.299530924144422]}"
1218,1621,1275,1144,976,0.13282985339848957,927,704,-7.317980739907695,72.37795982924212,"{""type"":""Point"",""coordinates"":[72.3779182814251,-7.317997330325292]}"
1221,4660,4447,4515,4137,0.03611370176076889,3916,2598,-7.302707281744279,72.42475044619802,"{""type"":""Point"",""coordinates"":[72.42475803504446,-7.302703621340505]}"
1222,1077,745,488,360,0.3484162986278534,309,225,-7.302879565988278,72.43914037453483,"{""type"":""Point"",""coordinates"":[72.43917504279801,-7.302892835481781]}"
1224,1695,1351,1174,958,0.1702035516500473,975,715,-7.28352146840481,72.40413478771909,"{""type"":""Point"",""coordinates"":[72.40411122768126,-7.2835191964118655]}"
1227,1545,1305,1214,946,0.15948466956615448,867,647,-7.310795337059066,72.38551386946988,"{""type"":""Point"",""coordinates"":[72.38549071162878,-7.3107895776135985]}"
1229,2706,2492,2278,2122,0.08019072388383182,1812,1209,-7.289509524856535,72.3769493072742,"{""type"":""Point"",""coordinates"":[72.37690572382667,-7.289520170890556]}"
1231,1798,1429,1270,1071,0.14319999516010284,1080,806,-7.293989125419429,72.43312696990373,"{""type"":""Point"",""coordinates"":[72.43317123114602,-7.293984628104056]}"
1234,1572,1280,1155,924,0.16152450442314148,928,699,-7.317261000493677,72.394074566176,"{""type"":""Point"",""coordinates"":[72.39409628054803,-7.3172271059508045]}"
1236,2314,2097,1797,1729,0.09618400782346725,1409,994,-7.3088628783326675,72.39511887887983,"{""type"":""Point"",""coordinates"":[72.3951461239882,-7.308835359683534]}"
1241,2362,2096,1923,1617,0.12900619445192565,1532,1106,-7.289963966742472,72.3773991739183,"{""type"":""Point"",""coordinates"":[72.377375161886,-7.289985027830653]}"
1243,1802,1464,1305,1107,0.13885647607934656,1081,834,-7.29715406232739,72.37066002483903,"{""type"":""Point"",""coordinates"":[72.37062607828193,-7.297179159101979]}"
1247,1569,1272,1115,945,0.14749661087989807,990,739,-7.312289395971677,72.39383189635407,"{""type"":""Point"",""coordinates"":[72.39380626626165,-7.312287661028213]}"
1248,3398,3173,3037,3065,0.017313241423533184,2403,1432,-7.283904911422835,72.3766199179608,"{""type"":""Point"",""coordinates"":[72.37659240525043,-7.283934815634643]}"
1249,5514,5162,4705,2969,0.269708514213562,913,420,-7.312786175663602,72.4016127466413,"{""type"":""Point"",""coordinates"":[72.40159821590532,-7.312827824276379]}"
1250,2792,2325,1416,1138,0.3427663743495941,1121,830,-7.309231756679051,72.42788091299904,"{""type"":""Point"",""coordinates"":[72.42787577825172,-7.309265123587205]}"
1256,1693,1369,1176,991,0.16016949713230133,1014,768,-7.278433845474336,72.41520536034274,"{""type"":""Point"",""coordinates"":[72.41524807718892,-7.278465864083443]}"
1257,1745,1362,1128,999,0.15374840795993805,1095,955,-7.287056848247768,72.42185329228006,"{""type"":""Point"",""coordinates"":[72.4218837351262,-7.287085700290827]}"
1259,3020,3235,2238,842,0.5869511961936951,629,453,-7.316581413378285,72.43308849162761,"{""type"":""Point"",""coordinates"":[72.43312712090476,-7.316575275657551]}"
1260,1908,1427,1112,931,0.2103477567434311,964,714,-7.289850663368217,72.40473186789978,"{""type"":""Point"",""coordinates"":[72.40476945184558,-7.289862631328601]}"
1262,1633,1267,1101,870,0.18577444553375244,898,660,-7.284066256052711,72.40458416747497,"{""type"":""Point"",""coordinates"":[72.40456799132346,-7.284046258984473]}"
1264,1911,1508,1279,1067,0.17126213014125824,1118,838,-7.305041189926176,72.43786092728334,"{""type"":""Point"",""coordinates"":[72.43785288217745,-7.305046874050418]}"
1268,1605,1312,1248,983,0.14335511982570806,987,712,-7.314180221184122,72.37707695380318,"{""type"":""Point"",""coordinates"":[72.37704549819789,-7.314190164965502]}"
1270,1882,1455,1246,1087,0.1447678953409195,1099,814,-7.296969696982277,72.43283845255327,"{""type"":""Point"",""coordinates"":[72.43282404194169,-7.296972771827958]}"
1273,1607,1275,1108,864,0.19214586913585663,926,709,-7.2911450073259285,72.42563115185092,"{""type"":""Point"",""coordinates"":[72.42564984538734,-7.291119928416989]}"
1274,2506,2181,2030,2036,0.03438463362580033,1736,1235,-7.292197279724102,72.37295153529854,"{""type"":""Point"",""coordinates"":[72.37293042512512,-7.292231483321979]}"
1277,2313,2002,1738,1480,0.14991384744644165,1429,978,-7.282519861055753,72.38712612651028,"{""type"":""Point"",""coordinates"":[72.38711739904545,-7.282540649750472]}"
1279,1937,1519,1293,1150,0.13825403153896332,1048,742,-7.2896883109829265,72.42373885529288,"{""type"":""Point"",""coordinates"":[72.4237083342146,-7.2896451680877306]}"
1286,1712,1440,1325,1067,0.14878340065479279,1088,803,-7.27827088188081,72.43421201568805,"{""type"":""Point"",""coordinates"":[72.4342536342014,-7.2783093810813995]}"
1289,1349,978,785,617,0.22633229196071625,623,434,-7.2960680839685805,72.43320562487867,"{""type"":""Point"",""coordinates"":[72.43317643989408,-7.296102912582536]}"
1290,3487,3803,2529,1099,0.551611602306366,919,636,-7.314220002508019,72.43102023518013,"{""type"":""Point"",""coordinates"":[72.43102431594525,-7.314234758647607]}"
1291,3533,3753,2744,1337,0.47465619444847107,1156,871,-7.289214110499321,72.38835436811071,"{""type"":""Point"",""coordinates"":[72.38834113435291,-7.289255614098864]}"
1294,3127,3038,2662,2371,0.12331299483776093,2019,1276,-7.286192842584652,72.38158420642759,"{""type"":""Point"",""coordinates"":[72.38161244899867,-7.286195869480579]}"
1295,1579,1328,1117,958,0.16185476815398075,937,696,-7.316998863223506,72.38004725082527,"{""type"":""Point"",""coordinates"":[72.38005664542311,-7.3170077395051125]}"
1296,1824,1543,1447,1187,0.1304029304029304,1199,881,-7.297068442669244,72.37147505628292,"{""type"":""Point"",""coordinates"":[72.37145390430939,-7.2970402012466185]}"
1297,2660,2533,2420,2251,0.058946488294314384,2022,1364,-7.291970857217141,72.38064559822863,"{""type"":""Point"",""coordinates"":[72.3806848245598,-7.2919383594915175]}"
1301,1720,1499,1361,1079,0.16291698813438416,1096,803,-7.278510139988488,72.42859941049817,"{""type"":""Point"",""coordinates"":[72.42857687232176,-7.278478448657286]}"
1302,1764,1452,1282,1101,0.1374853104352951,1091,815,-7.280213732921409,72.42623659746803,"{""type"":""Point"",""coordinates"":[72.4262677905063,-7.280254848149676]}"
1303,1679,1435,1222,1058,0.15122342559165664,1016,727,-7.286320540727768,72.37244279027195,"{""type"":""Point"",""coordinates"":[72.37246833594757,-7.286357933001933]}"
1305,1890,1555,1366,1139,0.1544172167778015,1282,922,-7.288116446352894,72.41750298751172,"{""type"":""Point"",""coordinates"":[72.41752466784479,-7.28811485767403]}"
1306,4607,5254,4437,1917,0.4653465449810028,1439,1057,-7.307224185745686,72.40870453074317,"{""type"":""Point"",""coordinates"":[72.40874174534162,-7.307260453947304]}"
1308,1929,1653,1547,1258,0.13569220900535583,1281,932,-7.279291947227198,72.40723620671056,"{""type"":""Point"",""coordinates"":[72.40720822210905,-7.279271160707045]}"
1312,1564,1266,1126,903,0.1673582295988935,937,700,-7.311486705498493,72.38007941286008,"{""type"":""Point"",""coordinates"":[72.3800375475768,-7.311517830246165]}"
1317,1684,1372,1175,972,0.1706484705209732,993,723,-7.278996982355688,72.40307479924142,"{""type"":""Point"",""coordinates"":[72.40303259952996,-7.2789779652986875]}"
1318,3114,3318,2317,1143,0.48755884170532227,1104,815,-7.2950923598937125,72.40479216875298,"{""type"":""Point"",""coordinates"":[72.40482113822588,-7.295059334461638]}"
1319,1599,1312,1132,912,0.17985612154006958,898,666,-7.303273631378869,72.3818468909561,"{""type"":""Point"",""coordinates"":[72.38187902068361,-7.303281230384084]}"
1320,4218,4590,3202,1091,0.615912675857544,940,707,-7.300091037950257,72.40974120903054,"{""type"":""Point"",""coordinates"":[72.4097720058526,-7.300081097855912]}"
1321,1291,923,725,526,0.27398204803466797,556,395,-7.289604134227921,72.42482540489208,"{""type"":""Point"",""coordinates"":[72.42479265471628,-7.289602507948832]}"
1325,1505,1156,1120,831,0.16356316208839417,897,686,-7.29793536407393,72.38070140147303,"{""type"":""Point"",""coordinates"":[72.38066324242428,-7.297961595239121]}"
1326,2090,1681,1325,1071,0.22165697813034058,1066,796,-7.292555896458874,72.40372072832872,"{""type"":""Point"",""coordinates"":[72.40372715040431,-7.292556755375028]}"
1328,1862,1418,1175,960,0.19259881973266602,944,710,-7.289143324916982,72.40745107216613,"{""type"":""Point"",""coordinates"":[72.4074622163837,-7.289178225306977]}"
1330,1953,1684,1614,1386,0.09706840390879479,1346,1009,-7.291908288340537,72.36987613732252,"{""type"":""Point"",""coordinates"":[72.36991022611154,-7.291904100587049]}"
1332,3033,3126,2365,1163,0.45768243074417114,1120,822,-7.295537942516115,72.40370353426465,"{""type"":""Point"",""coordinates"":[72.40371508539398,-7.295530508960534]}"
1333,2091,1677,1440,1212,0.16095535457134247,1220,901,-7.306821770221365,72.43314426234417,"{""type"":""Point"",""coordinates"":[72.4331881529595,-7.306863936703872]}"
1335,1893,1466,1206,972,0.2026250958442688,976,742,-7.286842615221341,72.40022401035732,"{""type"":""Point"",""coordinates"":[72.40018557086226,-7.2868686781698955]}"
1336,1726,1453,1284,1082,0.14635108411312103,1083,814,-7.289121116644259,72.43523635439956,"{""type"":""Point"",""coordinates"":[72.43519165559846,-7.289091922421831]}"
1337,1242,917,677,545,0.25444597005844116,420,279,-7.300427825120122,72.4370726293679,"{""type"":""Point"",""coordinates"":[72.43702887414725,-7.300385688095928]}"
1339,4039,3916,3167,1616,0.41576284170150757,809,514,-7.297056912709468,72.38505072050525,"{""type"":""Point"",""coordinates"":[72.38508635610073,-7.297016999585027]}"
1346,1505,1193,918,641,0.30098146200180054,641,509,-7.2992526840114555,72.42114992040437,"{""type"":""Point"",""coordinates"":[72.42115555520658,-7.299284715544789]}"
1347,1710,1411,1266,1068,0.1383622428398548,1024,741,-7.317178009688179,72.3797746806499,"{""type"":""Point"",""coordinates"":[72.3797413319051,-7.317164382753259]}"
1348,2260,1972,1335,996,0.328840970993042,1006,750,-7.298686681656719,72.41698983472962,"{""type"":""Point"",""coordinates"":[72.41699875234386,-7.298708713149147]}"
1349,1789,1442,1267,1131,0.12087058275938034,1086,814,-7.282773322685996,72.43138075662081,"{""type"":""Point"",""coordinates"":[72.43134510679945,-7.282782114856968]}"
1350,1715,1458,1041,846,0.265625,789,583,-7.305417004130501,72.39305719333774,"{""type"":""Point"",""coordinates"":[72.39309083747479,-7.305455345316353]}"
1351,2295,1911,1531,1244,0.21141046285629272,1214,882,-7.312068731344971,72.43410990807504,"{""type"":""Point"",""coordinates"":[72.43411755159723,-7.312090077390749]}"
1353,4108,4420,2838,1012,0.6273932456970215,955,724,-7.3009204233782565,72.41254215265181,"{""type"":""Point"",""coordinates"":[72.4125142368483,-7.300939153530369]}"
1354,1805,1509,1218,997,0.20430965721607208,1002,753,-7.316770058904417,72.40294733604446,"{""type"":""Point"",""coordinates"":[72.40295713112909,-7.316748386829247]}"
1355,1450,1202,1170,876,0.15688161551952362,951,717,-7.315053457414807,72.38738975258603,"{""type"":""Point"",""coordinates"":[72.38737739445584,-7.31505803463466]}"
1356,1769,1401,1296,988,0.17287568747997284,995,741,-7.297949831994644,72.43038914929406,"{""type"":""Point"",""coordinates"":[72.43039070270919,-7.29791369649865]}"
1357,2257,1890,1533,1422,0.14130434393882751,1204,822,-7.28288706592426,72.38811951865941,"{""type"":""Point"",""coordinates"":[72.38812065371229,-7.282888266735858]}"
1359,2440,2152,1889,1577,0.15419683561276482,1419,952,-7.2858739849955585,72.37335040669531,"{""type"":""Point"",""coordinates"":[72.37338240613077,-7.285912586875375]}"
1361,2626,2262,1306,955,0.40627914667129517,923,679,-7.296400584933268,72.41229662241953,"{""type"":""Point"",""coordinates"":[72.41225306399457,-7.296410296446568]}"
1365,1709,1370,1147,956,0.1779879629611969,994,721,-7.284263078225458,72.40738863821251,"{""type"":""Point"",""coordinates"":[72.40740176631344,-7.284229781219889]}"
1366,1733,1430,1370,1078,0.14035087823867798,1102,820,-7.282979217404085,72.4358143289479,"{""type"":""Point"",""coordinates"":[72.43579399906827,-7.283018766157548]}"
1367,1250,905,540,382,0.40637141466140747,290,201,-7.299429796177838,72.42051535328923,"{""type"":""Point"",""coordinates"":[72.42048338368006,-7.299388960156199]}"
1368,1720,1391,1191,1049,0.14016393442622951,919,643,-7.300158685999883,72.37453414928724,"{""type"":""Point"",""coordinates"":[72.3745427945867,-7.30019951543525]}"
1369,4703,5348,4495,1773,0.5020362138748169,1290,956,-7.305865584827503,72.40816931546523,"{""type"":""Point"",""coordinates"":[72.40815449533468,-7.305890119579819]}"
1370,1691,1249,1092,959,0.13134057819843292,993,737,-7.311138401735708,72.38234412006946,"{""type"":""Point"",""coordinates"":[72.38229955420871,-7.311134415011671]}"
1372,1795,1430,1209,936,0.2087912087912088,895,660,-7.29386166335908,72.37945805582056,"{""type"":""Point"",""coordinates"":[72.37948106074319,-7.293846459815525]}"
1373,1722,1394,1207,1026,0.15206611156463623,1031,774,-7.285876617729124,72.43679341519847,"{""type"":""Point"",""coordinates"":[72.43679442893435,-7.285835611050624]}"
1374,818,485,278,152,0.5227629542350769,73,53,-7.295993656774256,72.43601178772302,"{""type"":""Point"",""coordinates"":[72.43596719915276,-7.295963577599719]}"
1375,2120,1780,1430,1184,0.2010796219110489,1184,884,-7.30555457019078,72.43278946001108,"{""type"":""Point"",""coordinates"":[72.43282280064486,-7.305519955241034]}"
1377,1762,1430,1254,1043,0.15649008750915527,1106,826,-7.289733642462878,72.43170312011492,"{""type"":""Point"",""coordinates"":[72.43168211069597,-7.289717070943185]}"
1379,1938,1494,1238,997,0.19951826333999634,1054,774,-7.288022041609191,72.40103174057381,"{""type"":""Point"",""coordinates"":[72.40104511985965,-7.288049825173445]}"
1385,1909,1555,1373,1136,0.15570420026779175,1176,871,-7.289973334368666,72.42618088246145,"{""type"":""Point"",""coordinates"":[72.4261712055945,-7.290005865061271]}"
1388,2782,2623,2386,2353,0.05426045134663582,1778,1255,-7.311233264385769,72.39872546189964,"{""type"":""Point"",""coordinates"":[72.39875758582936,-7.311245302312463]}"
1389,1768,1416,1283,1093,0.12873655557632446,1066,790,-7.289107243258919,72.43279276425766,"{""type"":""Point"",""coordinates"":[72.43276312704695,-7.289065916690213]}"
1390,1873,1537,1324,1109,0.1617535948753357,1141,846,-7.304029658188957,72.43478937045477,"{""type"":""Point"",""coordinates"":[72.43478418066351,-7.304049570086401]}"
1391,788,470,273,148,0.5210356116294861,62,43,-7.295465320724306,72.43845850649902,"{""type"":""Point"",""coordinates"":[72.43842444800683,-7.295484976642179]}"
1394,2153,1684,1368,1148,0.18926553428173065,1117,821,-7.284064932849169,72.38865570883306,"{""type"":""Point"",""coordinates"":[72.38869521251385,-7.284052570767394]}"
1399,1635,1286,1034,891,0.18144235014915466,871,689,-7.3156579924926755,72.39815677667802,"{""type"":""Point"",""coordinates"":[72.39819588670316,-7.315623239650808]}"
1400,2291,2041,1476,1279,0.2295180708169937,1228,895,-7.303508541564568,72.43850322646956,"{""type"":""Point"",""coordinates"":[72.4385454643181,-7.303485319073618]}"
1401,1877,1505,1320,1136,0.13971979916095734,1163,862,-7.287701279738313,72.42393122583749,"{""type"":""Point"",""coordinates"":[72.42395226095068,-7.287693969347791]}"
1405,2894,2906,1737,981,0.49524053931236267,989,749,-7.316507031561717,72.43589478364916,"{""type"":""Point"",""coordinates"":[72.43589193170641,-7.316497449696899]}"
1406,2035,1597,1318,1071,0.19715142250061035,1068,770,-7.291782084711312,72.41060356434244,"{""type"":""Point"",""coordinates"":[72.41061418704552,-7.291801749739638]}"
1411,1533,1224,1116,875,0.16626965221534065,970,728,-7.30266987369252,72.3712613217731,"{""type"":""Point"",""coordinates"":[72.37130481187934,-7.302702146408928]}"
1413,1582,1299,1080,924,0.16869095816464239,910,682,-7.30034783406431,72.37598111637016,"{""type"":""Point"",""coordinates"":[72.37602236827117,-7.300322706252321]}"
1414,1582,1347,1252,986,0.15473639091298758,1018,773,-7.31173883876991,72.37681969178014,"{""type"":""Point"",""coordinates"":[72.37685407618882,-7.311779789737664]}"
1415,1770,1435,1309,1048,0.1558598428964615,1123,961,-7.286965965765968,72.42176330713386,"{""type"":""Point"",""coordinates"":[72.42175693529828,-7.286985799290696]}"
1421,1805,1431,1268,1081,0.13933120667934418,1058,796,-7.290997752282952,72.43151490083442,"{""type"":""Point"",""coordinates"":[72.43149070423559,-7.29097166144454]}"
1423,892,572,346,228,0.4300000071525574,153,101,-7.2829557606622135,72.41581297729306,"{""type"":""Point"",""coordinates"":[72.41585582365241,-7.282961003747343]}"
1429,2025,1910,1397,979,0.32225683331489563,1012,766,-7.297946654691943,72.41400735905941,"{""type"":""Point"",""coordinates"":[72.41401508213492,-7.297950560839184]}"
1431,2401,1907,1332,1025,0.3008185625076294,1043,771,-7.296502357520411,72.41428717638631,"{""type"":""Point"",""coordinates"":[72.41429187551718,-7.296533993291473]}"
1432,1964,1528,1302,1143,0.14414076507091522,1201,930,-7.2898582052539,72.42183726543846,"{""type"":""Point"",""coordinates"":[72.42184795032814,-7.289894948745079]}"
1434,780,468,269,147,0.5219511985778809,63,36,-7.294024059299686,72.43928127432841,"{""type"":""Point"",""coordinates"":[72.43931516715152,-7.294016933538314]}"
1435,895,556,339,209,0.45359477400779724,106,73,-7.282663449936876,72.41210400559702,"{""type"":""Point"",""coordinates"":[72.412126047845,-7.282621212270347]}"
1436,793,477,278,151,0.5191082954406738,69,45,-7.292478060025403,72.43757042737916,"{""type"":""Point"",""coordinates"":[72.43757488280144,-7.292435823841613]}"
1439,1615,1385,1241,1039,0.14273928105831146,1037,745,-7.310621958957565,72.38678198032079,"{""type"":""Point"",""coordinates"":[72.38681367024152,-7.31061349280467]}"
1441,1697,1367,1176,956,0.176926389336586,971,720,-7.283878772737937,72.40340870594764,"{""type"":""Point"",""coordinates"":[72.40336779969732,-7.283885132533199]}"
1442,1803,1462,1314,1094,0.14397495985031128,1063,785,-7.280525697111277,72.41754646285817,"{""type"":""Point"",""coordinates"":[72.41755286398103,-7.2805066598675445]}"
1445,2951,2587,2393,2231,0.0738895833492279,2178,1631,-7.292699280219208,72.42878999659253,"{""type"":""Point"",""coordinates"":[72.42876735451603,-7.292706958354483]}"
1448,3795,3582,3500,3450,0.01877133105802048,2829,1775,-7.282481652826713,72.3805197432663,"{""type"":""Point"",""coordinates"":[72.38053539814426,-7.2825113536200545]}"
1454,1595,1230,1107,938,0.13468635082244873,948,713,-7.311074302508633,72.38686985643639,"{""type"":""Point"",""coordinates"":[72.3868592270996,-7.311062476918751]}"
1455,3904,3916,4199,3471,0.0602409653365612,3840,2558,-7.285046067794494,72.41788259570441,"{""type"":""Point"",""coordinates"":[72.41791740507234,-7.285047294385529]}"
1456,1799,1480,1174,1025,0.1816367208957672,976,746,-7.304957857113515,72.39179276372214,"{""type"":""Point"",""coordinates"":[72.39181018101459,-7.304969299161186]}"
1460,1732,1446,1262,1081,0.1444400474871389,1111,837,-7.296788921973769,72.37002863432508,"{""type"":""Point"",""coordinates"":[72.37006591328627,-7.296813697661046]}"
1461,1689,1363,1173,967,0.16995708644390106,942,697,-7.278037148959867,72.393306155981,"{""type"":""Point"",""coordinates"":[72.39335084156153,-7.278008266504865]}"
1462,3054,2656,2481,2349,0.06133866310119629,2309,1679,-7.28604164515064,72.41814840705568,"{""type"":""Point"",""coordinates"":[72.41813870887034,-7.286037290414965]}"
1467,1615,1323,1040,833,0.22727273404598236,842,627,-7.296316696780783,72.38206838207556,"{""type"":""Point"",""coordinates"":[72.38208393591832,-7.296349641288777]}"
1468,2085,1648,1365,1102,0.1985454559326172,1102,807,-7.283705044384149,72.38892929909552,"{""type"":""Point"",""coordinates"":[72.38889628384895,-7.283682637755818]}"
1469,1207,837,494,348,0.4126582145690918,349,265,-7.301965740804147,72.42149640024051,"{""type"":""Point"",""coordinates"":[72.42145235682858,-7.302004191263687]}"
1472,1693,1394,1303,1048,0.1416871416871417,1040,809,-7.297522890603008,72.37192492027357,"{""type"":""Point"",""coordinates"":[72.37190621315885,-7.297542634667502]}"
1476,1703,1344,1172,960,0.1666666716337204,945,690,-7.279989959053112,72.40288807946767,"{""type"":""Point"",""coordinates"":[72.402930128874,-7.280023422015952]}"
1478,1776,1399,1239,1041,0.14672131836414337,1083,801,-7.280908459066276,72.43718367276493,"{""type"":""Point"",""coordinates"":[72.43720966409131,-7.2809181026373055]}"
1479,1784,1390,1240,1040,0.14403292536735535,1054,783,-7.280390326145549,72.40967346852813,"{""type"":""Point"",""coordinates"":[72.4096676284957,-7.280373167584499]}"
1481,2454,2306,2245,2089,0.04937428896473265,1944,1362,-7.291843720088481,72.37431113650176,"{""type"":""Point"",""coordinates"":[72.37431259093381,-7.291835015063265]}"
1484,2079,1913,1909,1644,0.0756255271296036,1699,1199,-7.294184208626949,72.37275893832908,"{""type"":""Point"",""coordinates"":[72.37277993192457,-7.294223257048701]}"
1485,2223,1803,1230,1041,0.2679324746131897,1048,790,-7.291227205951029,72.39268687420923,"{""type"":""Point"",""coordinates"":[72.39271176801417,-7.291242156578888]}"
1486,1927,1527,1257,1064,0.17869548499584198,1091,809,-7.298825135713425,72.42540622231006,"{""type"":""Point"",""coordinates"":[72.42542619845285,-7.298809591788204]}"
1487,1984,1608,1434,1257,0.12251308560371399,1266,950,-7.277923257294452,72.43665760303247,"{""type"":""Point"",""coordinates"":[72.4366438465725,-7.277942062920327]}"
1489,1961,1547,1310,1122,0.15923567116260529,1133,833,-7.306747366814858,72.43595049286101,"{""type"":""Point"",""coordinates"":[72.43594682844027,-7.306759555422212]}"
1490,1161,778,453,294,0.4514925479888916,249,166,-7.298431629707337,72.41979701766019,"{""type"":""Point"",""coordinates"":[72.4198064806365,-7.298441066662187]}"
1491,1726,1394,1200,953,0.18789944052696228,928,702,-7.281597814801676,72.39962073371794,"{""type"":""Point"",""coordinates"":[72.39962004537547,-7.281623947858391]}"
1494,2686,2790,1537,434,0.7307692170143127,450,239,-7.290032615385076,72.38925465671589,"{""type"":""Point"",""coordinates"":[72.38923501339612,-7.290066145644523]}"
1496,1881,1440,1133,926,0.21724429726600647,933,689,-7.289778477886792,72.40789994042801,"{""type"":""Point"",""coordinates"":[72.40792079557187,-7.28978140675843]}"
1498,1728,1451,1292,1060,0.15571485459804535,1071,814,-7.2796979344152675,72.41501711303029,"{""type"":""Point"",""coordinates"":[72.41499873736811,-7.27972224875631]}"
1500,1646,1269,1103,923,0.15784671532846714,930,703,-7.2987012940364355,72.37255156577447,"{""type"":""Point"",""coordinates"":[72.37257786295028,-7.298684890615635]}"
1501,2149,1771,1527,1371,0.1273074448108673,1278,922,-7.281360802140755,72.3898478869968,"{""type"":""Point"",""coordinates"":[72.38980927452384,-7.28134556429656]}"
1502,2231,2151,1601,1103,0.322065144777298,1083,803,-7.294019934332015,72.40687997195722,"{""type"":""Point"",""coordinates"":[72.40683720544168,-7.294057243489785]}"
1504,1701,1376,1126,839,0.2424379289150238,978,752,-7.313305377520651,72.39762735722836,"{""type"":""Point"",""coordinates"":[72.39759264773245,-7.313325496866074]}"
1506,3240,3287,2660,1870,0.2747721543533062,1575,1057,-7.281119388748115,72.3793511431815,"{""type"":""Point"",""coordinates"":[72.379318133887,-7.281140518906761]}"
1507,1894,1476,1194,982,0.2009764015674591,1000,732,-7.282544931840712,72.39147006911631,"{""type"":""Point"",""coordinates"":[72.39146221232492,-7.282508683760615]}"
1508,1683,1350,1154,939,0.17955438792705536,930,700,-7.284616754935758,72.40602905258689,"{""type"":""Point"",""coordinates"":[72.40600527961647,-7.284576600920395]}"
1509,2245,1751,1358,1136,0.21302390098571777,1161,871,-7.3048972511048715,72.42844877101957,"{""type"":""Point"",""coordinates"":[72.42848876804126,-7.304938128896186]}"
1510,1750,1464,1316,1138,0.12528823981552653,1086,794,-7.299598597694451,72.37146027754405,"{""type"":""Point"",""coordinates"":[72.37143488094276,-7.299602600688145]}"
1513,1692,1396,1256,1015,0.15802571177482605,1022,754,-7.277620035391572,72.41511951883506,"{""type"":""Point"",""coordinates"":[72.41516373209218,-7.277631532453473]}"
1514,1556,1217,968,761,0.23053589463233948,780,585,-7.2787579786085645,72.39293998680007,"{""type"":""Point"",""coordinates"":[72.39289735550392,-7.278738419211385]}"
1515,2903,3308,3036,2299,0.17995363473892212,1661,908,-7.317722702439816,72.41144978109031,"{""type"":""Point"",""coordinates"":[72.41140954210758,-7.317697936938611]}"
1516,2153,1700,1307,1056,0.23367199301719666,1068,793,-7.313446388724758,72.4379940240681,"{""type"":""Point"",""coordinates"":[72.43797305199693,-7.31348018369617]}"
1518,2668,2500,2267,2157,0.07365256602963281,1772,1138,-7.288339005296589,72.37768013838466,"{""type"":""Point"",""coordinates"":[72.37771200583273,-7.28837862453055]}"
1519,1713,1415,1251,1036,0.15463076531887054,1086,829,-7.287756361270965,72.4336150133048,"{""type"":""Point"",""coordinates"":[72.43357016017345,-7.287716850426911]}"
1521,2055,1504,1105,972,0.2148626744747162,927,678,-7.295416931630829,72.41411239859231,"{""type"":""Point"",""coordinates"":[72.41407904576984,-7.2954224015671345]}"
1522,1455,1119,1005,788,0.17357105016708374,889,665,-7.303927173862761,72.3854633157365,"{""type"":""Point"",""coordinates"":[72.38547989347013,-7.303943926246561]}"
1523,1804,1452,1146,917,0.2258336842060089,940,690,-7.3019559463252115,72.38837095412899,"{""type"":""Point"",""coordinates"":[72.38833276672202,-7.301915863751135]}"
1526,1649,1347,1133,902,0.19786572456359863,911,683,-7.305587788513936,72.39133657606342,"{""type"":""Point"",""coordinates"":[72.3913783201483,-7.305551298447433]}"
1528,1785,1437,1250,1084,0.14002379775047302,1068,790,-7.284693631380204,72.4353520526573,"{""type"":""Point"",""coordinates"":[72.43534813051357,-7.284714325716685]}"
1531,1600,1307,1177,969,0.14850614964962006,972,733,-7.3116002053076325,72.38406106700691,"{""type"":""Point"",""coordinates"":[72.38403751996817,-7.311585951295333]}"
1532,1684,1319,1136,933,0.1714031994342804,973,724,-7.280099530159813,72.40623603774272,"{""type"":""Point"",""coordinates"":[72.40621676814943,-7.280055753225974]}"
1533,1688,1315,1180,959,0.15655232965946198,1018,754,-7.288568124333228,72.43333887219137,"{""type"":""Point"",""coordinates"":[72.43331301062663,-7.288542362615968]}"
1534,1791,1468,1305,1119,0.1349052957093158,1068,757,-7.304301147850927,72.37206633065033,"{""type"":""Point"",""coordinates"":[72.37210602910974,-7.3043368377296565]}"
1535,1850,1455,1241,994,0.18824009597301483,1004,751,-7.279561348147901,72.39121581796634,"{""type"":""Point"",""coordinates"":[72.39120581563056,-7.279583783988338]}"
1543,2472,1940,1215,950,0.3425605595111847,971,710,-7.299595002357835,72.41779918566901,"{""type"":""Point"",""coordinates"":[72.41779297333818,-7.299611879451988]}"
1544,1720,1406,1270,1067,0.13708046906591184,1031,779,-7.303984451222685,72.37976112460365,"{""type"":""Point"",""coordinates"":[72.37971596432895,-7.304009240732681]}"
1545,2166,1731,1240,996,0.26952695846557617,1004,739,-7.314709472924399,72.4376247708559,"{""type"":""Point"",""coordinates"":[72.43763194275452,-7.314713216227865]}"
1546,1916,1682,1332,1408,0.08867313915857605,951,665,-7.283423672685108,72.37155466521375,"{""type"":""Point"",""coordinates"":[72.37156761547561,-7.283432969596852]}"
1551,842,509,297,167,0.5059171319007874,91,54,-7.282224041734981,72.41427860933535,"{""type"":""Point"",""coordinates"":[72.41428138733872,-7.282210095609538]}"
1553,4118,4384,2814,1038,0.6171154379844666,971,719,-7.301102192566382,72.4127221215602,"{""type"":""Point"",""coordinates"":[72.4126818309433,-7.301112332710833]}"
1554,1768,1477,1347,1127,0.1344086080789566,1073,815,-7.2834454131814566,72.43834582754498,"{""type"":""Point"",""coordinates"":[72.43830533422346,-7.283418982885427]}"
1556,1867,1519,1172,1011,0.20079050958156586,941,685,-7.315672103938525,72.4006004438933,"{""type"":""Point"",""coordinates"":[72.40056929493005,-7.315703396734759]}"
1557,1784,1404,1211,998,0.16902580857276917,1009,771,-7.28936811885169,72.41514268182813,"{""type"":""Point"",""coordinates"":[72.415171521669,-7.289342968921134]}"
1559,1531,1215,1101,854,0.17448042333126068,894,662,-7.3099684074399445,72.38316549938034,"{""type"":""Point"",""coordinates"":[72.38312440194129,-7.310009073880514]}"
1560,2100,1782,1539,1336,0.14304040372371674,1311,928,-7.281815233055992,72.39029776603576,"{""type"":""Point"",""coordinates"":[72.39026352605286,-7.281808957474702]}"
1561,1919,1601,1465,1270,0.11529084295034409,1263,931,-7.278025920102188,72.43882912284829,"{""type"":""Point"",""coordinates"":[72.43886586258137,-7.278036791491864]}"
1564,1305,1039,864,688,0.20324261486530304,627,468,-7.308117982963494,72.39132189161282,"{""type"":""Point"",""coordinates"":[72.39130416169729,-7.308099392258381]}"
1565,2672,2923,2333,1393,0.3544948995113373,1052,742,-7.311254670108978,72.4024361828706,"{""type"":""Point"",""coordinates"":[72.40247749268879,-7.311217483157942]}"
1569,1656,1322,1164,959,0.1591407209634781,628,426,-7.288581993747873,72.43578246046215,"{""type"":""Point"",""coordinates"":[72.43575009127665,-7.288553135756353]}"
1573,1913,1476,1174,956,0.21381579339504242,962,716,-7.2863694397039955,72.39651610678958,"{""type"":""Point"",""coordinates"":[72.39651974093711,-7.286385131492366]}"
1574,1910,1579,1286,1262,0.11158042942625836,1015,699,-7.291674560984834,72.37630318167784,"{""type"":""Point"",""coordinates"":[72.37632027616436,-7.291644690198429]}"
1575,1085,738,540,377,0.323766827583313,294,195,-7.2824430045284645,72.42097463423902,"{""type"":""Point"",""coordinates"":[72.42100252415513,-7.282425306174824]}"
1576,1737,1410,1298,1100,0.12350597977638245,1084,826,-7.28343874830144,72.4371692954733,"{""type"":""Point"",""coordinates"":[72.43712899162641,-7.283430739890577]}"
1577,798,473,278,148,0.5233494639396667,69,48,-7.292563292986916,72.43666487072048,"{""type"":""Point"",""coordinates"":[72.4366269402785,-7.29257599166079]}"
1579,2975,2740,2775,2316,0.08386076241731644,2424,1862,-7.292551106533933,72.41865414295238,"{""type"":""Point"",""coordinates"":[72.41868850157088,-7.292559859898141]}"
1581,1641,1299,1117,909,0.176630437374115,879,631,-7.28437987990392,72.41200365151713,"{""type"":""Point"",""coordinates"":[72.41198991793135,-7.2843986717824665]}"
1583,1705,1312,1131,1033,0.11897654584221748,917,679,-7.300881589151465,72.37452993043243,"{""type"":""Point"",""coordinates"":[72.37451130231551,-7.30088042034159]}"
1584,1014,670,455,328,0.34268537163734436,185,113,-7.298910068053815,72.44033958295292,"{""type"":""Point"",""coordinates"":[72.44037498760372,-7.298873656093257]}"
1585,2077,1678,1374,1125,0.1972886174917221,1148,841,-7.3081618080972595,72.43042131071003,"{""type"":""Point"",""coordinates"":[72.43041549480466,-7.308206347507639]}"
1586,1765,1542,1587,1111,0.16245760023593903,1311,1041,-7.2790722798403165,72.40044980777316,"{""type"":""Point"",""coordinates"":[72.40042066564948,-7.2790670634628984]}"
1588,2934,2648,2131,1343,0.3269857168197632,756,487,-7.312334873579573,72.40170586628267,"{""type"":""Point"",""coordinates"":[72.40172178747126,-7.312338887329949]}"
1589,1659,1307,1096,881,0.19469834864139557,839,611,-7.2871646269104255,72.4090915288601,"{""type"":""Point"",""coordinates"":[72.40908820899321,-7.287128277068476]}"
1590,4116,4146,2411,1120,0.5746297240257263,1078,818,-7.302728774226542,72.41271276529693,"{""type"":""Point"",""coordinates"":[72.41272268451895,-7.302755603698238]}"
1592,1926,1642,1553,1293,0.11890970915555954,1345,1008,-7.277748158837625,72.43765414367489,"{""type"":""Point"",""coordinates"":[72.43768944409395,-7.277710842354328]}"
1593,2838,2645,2287,2071,0.1217133179306984,1726,1059,-7.2853117252227575,72.38548090954735,"{""type"":""Point"",""coordinates"":[72.38552286562623,-7.2853103970701545]}"
1594,2455,2005,1543,1248,0.23270827531814575,1273,954,-7.307957325028414,72.42625903478837,"{""type"":""Point"",""coordinates"":[72.42627275009198,-7.307968683658942]}"
1596,856,541,323,201,0.4582210183143616,117,84,-7.288133237112307,72.43632805115534,"{""type"":""Point"",""coordinates"":[72.43635032750605,-7.288129662061883]}"
1597,1062,767,583,407,0.3066439628601074,452,346,-7.309937308446794,72.39339300372066,"{""type"":""Point"",""coordinates"":[72.39340351159423,-7.309916910864057]}"
1601,1630,1302,1208,948,0.15733333333333333,1016,766,-7.312793127935529,72.37165464249965,"{""type"":""Point"",""coordinates"":[72.37163078986413,-7.312755183642871]}"
1602,1752,1455,1332,1077,0.1492891013622284,1088,813,-7.280811251338954,72.42007892735299,"{""type"":""Point"",""coordinates"":[72.42006093149926,-7.280806548664376]}"
1603,2194,1764,1412,1181,0.19796264171600342,1117,805,-7.28369772809895,72.38766231357052,"{""type"":""Point"",""coordinates"":[72.38767493011841,-7.283708051538214]}"
1605,2576,2076,1816,1796,0.07231404632329941,1765,1234,-7.286646760090408,72.42918655753644,"{""type"":""Point"",""coordinates"":[72.42917484184791,-7.286676190088221]}"
1606,1869,1448,1273,1074,0.14829500019550323,1057,785,-7.298492548753502,72.43047655837634,"{""type"":""Point"",""coordinates"":[72.43048802289174,-7.298463296497891]}"
1608,1860,1498,1265,1041,0.17999212443828583,1098,818,-7.297651918665203,72.42568445640823,"{""type"":""Point"",""coordinates"":[72.42566090513569,-7.29765446529659]}"
1610,3781,3590,2199,1029,0.5544490218162537,705,445,-7.304927633272373,72.41794958719063,"{""type"":""Point"",""coordinates"":[72.41793975181533,-7.304895682261101]}"
1611,1640,1309,1143,953,0.15738284703801944,938,725,-7.299626508553451,72.37625683641834,"{""type"":""Point"",""coordinates"":[72.37624725756434,-7.299664629456506]}"
1612,1584,1278,1123,927,0.15918367346938775,966,726,-7.297806092140164,72.37400485293088,"{""type"":""Point"",""coordinates"":[72.37400740883524,-7.297762026183024]}"
1613,2081,1610,1221,974,0.24613003432750702,1010,767,-7.2974262177341735,72.41781163030221,"{""type"":""Point"",""coordinates"":[72.41781133017597,-7.297391358440061]}"
1614,2079,1771,1673,1470,0.09287257019438445,1437,1110,-7.308909644996263,72.37203938738976,"{""type"":""Point"",""coordinates"":[72.37203524098021,-7.308918873112727]}"
1616,1546,1202,1038,849,0.1721111652852267,868,701,-7.317413768937137,72.37370926928789,"{""type"":""Point"",""coordinates"":[72.3736812086232,-7.31740011225356]}"
1617,2007,1705,1557,1410,0.09470304975922954,1330,950,-7.295711421819036,72.37121147086843,"{""type"":""Point"",""coordinates"":[72.3712422723222,-7.295695593790143]}"
1618,773,472,273,158,0.49841269850730896,70,41,-7.288332951998503,72.4396756511611,"{""type"":""Point"",""coordinates"":[72.43968046424999,-7.288345144262939]}"
1620,4150,4349,2731,1197,0.5683375597000122,1149,858,-7.312049132340043,72.43067061031896,"{""type"":""Point"",""coordinates"":[72.43070695550362,-7.312004341789767]}"
1621,2389,2103,1850,1698,0.1065509095788002,1476,944,-7.2784555756864355,72.38751166957591,"{""type"":""Point"",""coordinates"":[72.38747495130778,-7.278422487028773]}"
1624,2964,3088,2853,1660,0.3007582128047943,882,522,-7.29860514932862,72.38712333596803,"{""type"":""Point"",""coordinates"":[72.38710028588612,-7.298587989803302]}"
1626,2233,1880,1709,1445,0.13082706928253174,1447,1075,-7.2908816398983465,72.42699024825133,"{""type"":""Point"",""coordinates"":[72.42695717852021,-7.2908678311727515]}"
1628,1999,1515,1244,1074,0.1703360378742218,1007,752,-7.280732429530221,72.39057553515136,"{""type"":""Point"",""coordinates"":[72.39058552108091,-7.280704626232879]}"
1631,1621,1263,1078,946,0.1435038447380066,926,695,-7.313511498289566,72.38640313734204,"{""type"":""Point"",""coordinates"":[72.38642293377771,-7.313513000529233]}"
1635,1328,937,593,398,0.4037453234195709,388,290,-7.29942565754045,72.41979131793005,"{""type"":""Point"",""coordinates"":[72.41977650896408,-7.2994696671782275]}"
1636,2688,2335,2176,2038,0.06791675835847855,1988,1396,-7.280179803389777,72.38876870401687,"{""type"":""Point"",""coordinates"":[72.38872924775842,-7.280214812231258]}"
1642,1647,1319,1164,1005,0.1351118760757315,910,656,-7.313330550579817,72.3708369362637,"{""type"":""Point"",""coordinates"":[72.37086989828327,-7.3133042630736185]}"
1643,2971,2965,2010,1164,0.4361830949783325,1144,847,-7.286309389397202,72.38610863970695,"{""type"":""Point"",""coordinates"":[72.38609638117302,-7.286275248133773]}"
1648,1900,1530,1326,1114,0.15733736753463745,1133,822,-7.300495558303519,72.43308986363131,"{""type"":""Point"",""coordinates"":[72.43304555419066,-7.300498414077942]}"
1649,1776,1435,1347,1096,0.13393916189670563,1166,871,-7.281521537079702,72.43374100594899,"{""type"":""Point"",""coordinates"":[72.43372754302308,-7.281490048896208]}"
1652,3988,4175,2448,1004,0.6122803688049316,955,721,-7.301276695162934,72.41163503144092,"{""type"":""Point"",""coordinates"":[72.4115903753588,-7.301274363460624]}"
1654,1778,1424,1256,1033,0.15913715958595276,1058,785,-7.28056224693759,72.40813393376627,"{""type"":""Point"",""coordinates"":[72.40812994827301,-7.28059341546515]}"
1656,1883,1458,1267,1052,0.16175298392772675,1067,792,-7.304318764585302,72.4379555534814,"{""type"":""Point"",""coordinates"":[72.43792161891105,-7.304346911637686]}"
1660,1849,1504,1311,1071,0.16815534234046936,1087,830,-7.281129857685952,72.39681786411509,"{""type"":""Point"",""coordinates"":[72.39681393427709,-7.281111230274038]}"
1662,1393,1058,830,659,0.23238205909729004,553,395,-7.284195522924991,72.41137118357086,"{""type"":""Point"",""coordinates"":[72.41134519156424,-7.284202223238741]}"
1663,1847,1631,1233,978,0.2502874732017517,931,677,-7.313326798314717,72.40133809205648,"{""type"":""Point"",""coordinates"":[72.40136120443995,-7.31329770965846]}"
1664,824,495,302,184,0.4580264985561371,95,62,-7.298267740500225,72.43862357524321,"{""type"":""Point"",""coordinates"":[72.43858338267937,-7.298285853931377]}"
1667,887,556,353,215,0.4422827363014221,138,108,-7.2850924425893595,72.41018948407134,"{""type"":""Point"",""coordinates"":[72.41017618646065,-7.285064223567464]}"
1669,1661,1387,1258,1021,0.15199335548172757,970,747,-7.317769411417881,72.37271160230812,"{""type"":""Point"",""coordinates"":[72.372687580221,-7.31777152792957]}"
1670,2350,2056,1893,1552,0.1396895796060562,1698,1338,-7.29644615961316,72.4202609337886,"{""type"":""Point"",""coordinates"":[72.42029391788142,-7.2964867431774385]}"
1671,1763,1402,1165,1003,0.16590437293052673,966,737,-7.286710724945366,72.40873212182817,"{""type"":""Point"",""coordinates"":[72.40877617912817,-7.2866678836566425]}"
1672,1963,1591,1369,1171,0.15206372737884521,1134,838,-7.29850233419771,72.43219615399008,"{""type"":""Point"",""coordinates"":[72.43216753705535,-7.298501232471535]}"
1673,3579,3292,3358,3015,0.043919455260038376,3112,2500,-7.295568842666014,72.4248818068843,"{""type"":""Point"",""coordinates"":[72.42491172523614,-7.295556595438229]}"
1674,1123,894,800,848,0.026406429708003998,1204,634,-7.30995282785146,72.41176609632298,"{""type"":""Point"",""coordinates"":[72.41179769126946,-7.309937448526362]}"
1677,1978,1519,1307,1099,0.16042780876159668,1093,822,-7.297917856378768,72.42477786092432,"{""type"":""Point"",""coordinates"":[72.42481248457803,-7.297900382668386]}"
1679,922,630,446,278,0.3876652121543884,231,177,-7.283048194635781,72.41617446281273,"{""type"":""Point"",""coordinates"":[72.4161494750536,-7.2830485709490995]}"
1680,1531,1296,1243,931,0.16389761865139008,991,735,-7.315931344599932,72.38294973813906,"{""type"":""Point"",""coordinates"":[72.38294653486656,-7.315887405677354]}"
1682,792,475,280,161,0.4937106966972351,69,42,-7.2886923716843395,72.4393115828812,"{""type"":""Point"",""coordinates"":[72.43929670847012,-7.288704982026614]}"
1685,794,473,274,153,0.5111821293830872,69,44,-7.292842096528098,72.43802089258604,"{""type"":""Point"",""coordinates"":[72.43798129014277,-7.292837524183686]}"
1686,1661,1363,1200,1075,0.11812961101531982,995,717,-7.3082761735730255,72.38742917122065,"{""type"":""Point"",""coordinates"":[72.38746524843987,-7.3082592866509035]}"
1687,1714,1383,1199,1020,0.15106117725372314,1008,777,-7.2820044633572705,72.40749212589152,"{""type"":""Point"",""coordinates"":[72.40746936165289,-7.282002056705591]}"
1688,1633,1303,1009,879,0.19431714713573456,676,495,-7.308132116973319,72.3937655044914,"{""type"":""Point"",""coordinates"":[72.39372719687798,-7.308140785442585]}"
1698,1788,1441,1274,1079,0.14365079998970032,1085,809,-7.2862190914158695,72.43344275487695,"{""type"":""Point"",""coordinates"":[72.4334101364718,-7.286244541107409]}"
1700,1949,1517,1217,1020,0.19590066373348236,1033,760,-7.287373349384407,72.3982298720866,"{""type"":""Point"",""coordinates"":[72.39819441425914,-7.287392882841372]}"
1702,1910,1583,1467,1233,0.12428977272727272,1193,897,-7.311619469449506,72.37184252348766,"{""type"":""Point"",""coordinates"":[72.3718356310441,-7.311612471696441]}"
1705,1617,1253,1059,938,0.14376996805111822,944,707,-7.296542590996902,72.37428373552088,"{""type"":""Point"",""coordinates"":[72.3742709458828,-7.296522188975457]}"
1708,2336,1949,1207,1055,0.29760318994522095,1037,738,-7.290231110343825,72.39233062490638,"{""type"":""Point"",""coordinates"":[72.39230689879084,-7.290218749774618]}"
1709,1459,1210,1069,860,0.16908212006092072,918,711,-7.315949742251886,72.38611741921292,"{""type"":""Point"",""coordinates"":[72.38609047167571,-7.315942706441103]}"
1711,2772,2464,2332,2086,0.08307692408561707,1928,1445,-7.291566900437492,72.42037939285584,"{""type"":""Point"",""coordinates"":[72.42035814944629,-7.291535908331411]}"
1712,2705,2502,2181,1824,0.15672676265239716,1534,1118,-7.302333411784155,72.42258038971454,"{""type"":""Point"",""coordinates"":[72.42257436715788,-7.302314589644408]}"
1715,2243,1832,1259,972,0.30670469999313354,974,739,-7.2998676538362295,72.41806914287005,"{""type"":""Point"",""coordinates"":[72.41805608743337,-7.29990688204207]}"
1716,2578,2147,1858,1642,0.13328054547309875,1612,1280,-7.301181378053259,72.42656934492841,"{""type"":""Point"",""coordinates"":[72.42653414357004,-7.301178079425378]}"
1717,1589,1314,1143,947,0.16231755912303925,934,685,-7.311821861960688,72.39111937030216,"{""type"":""Point"",""coordinates"":[72.39114377481437,-7.311805399579882]}"
1721,847,510,291,162,0.5178571343421936,86,56,-7.283118902422822,72.41273491699539,"{""type"":""Point"",""coordinates"":[72.41276314888856,-7.2831206199909495]}"
1724,1638,1316,1134,976,0.1483420580625534,968,693,-7.304532413366361,72.38075349334531,"{""type"":""Point"",""coordinates"":[72.38073029368796,-7.304558001750859]}"
1726,1920,1454,1207,957,0.20613853633403778,975,734,-7.283908222274371,72.39281971785329,"{""type"":""Point"",""coordinates"":[72.39284624615154,-7.283924991275228]}"
1728,2669,3031,2670,2584,0.07960819453001022,1450,653,-7.316759567474893,72.43263491403349,"{""type"":""Point"",""coordinates"":[72.43262446608846,-7.316734221989367]}"
1729,1777,1520,1326,1127,0.1484699696302414,1107,844,-7.28794480103252,72.43497153096342,"{""type"":""Point"",""coordinates"":[72.43495459917818,-7.28796730605861]}"
1730,1885,1559,1394,1224,0.12037369744879627,1127,843,-7.310447393690877,72.37230191192455,"{""type"":""Point"",""coordinates"":[72.37229764147172,-7.310410269327369]}"
1734,1605,1292,1060,954,0.15048975957257346,964,703,-7.299196248629331,72.3799700258018,"{""type"":""Point"",""coordinates"":[72.37997206930397,-7.299164876860402]}"
1737,936,641,430,286,0.38295575976371765,212,161,-7.2859868939296755,72.42439354862054,"{""type"":""Point"",""coordinates"":[72.42436657666343,-7.285951988958818]}"
1738,843,516,305,178,0.4870316982269287,101,58,-7.283401384252932,72.41472437794008,"{""type"":""Point"",""coordinates"":[72.41475824085528,-7.28338388828745]}"
1739,2219,1738,1317,1063,0.24098536372184753,1038,782,-7.284778435022016,72.38702253730877,"{""type"":""Point"",""coordinates"":[72.38699736717322,-7.284807335987577]}"
1741,2099,1695,1316,1067,0.2273714691400528,1051,793,-7.313451535172631,72.43889910953752,"{""type"":""Point"",""coordinates"":[72.43886288539387,-7.313420250564595]}"
1744,1626,1303,1172,929,0.16756272315979004,896,659,-7.303202166109342,72.38510550814874,"{""type"":""Point"",""coordinates"":[72.38511812235824,-7.303169023138465]}"
1752,1888,1495,1321,1063,0.16888193786144257,1139,828,-7.300584380875272,72.43281783132535,"{""type"":""Point"",""coordinates"":[72.43279722119182,-7.300563937037696]}"
1755,2384,2462,1825,1085,0.38821539282798767,927,672,-7.29824683691815,72.38766844560045,"{""type"":""Point"",""coordinates"":[72.3876447696848,-7.298239567327884]}"
1756,1438,1032,770,580,0.2803970277309418,520,369,-7.293900389935816,72.41756033533122,"{""type"":""Point"",""coordinates"":[72.41756215954605,-7.2938899253817935]}"
1758,5032,4893,5095,4740,0.01588290184736252,3905,2333,-7.277711088769568,72.3994621313792,"{""type"":""Point"",""coordinates"":[72.3995047688241,-7.277692747605964]}"
1759,792,470,274,153,0.5088282227516174,66,39,-7.290234261042459,72.4402983959639,"{""type"":""Point"",""coordinates"":[72.4402882433512,-7.290237525815928]}"
1761,2141,1653,1262,1044,0.22580644488334656,864,628,-7.296795725814133,72.41817727421606,"{""type"":""Point"",""coordinates"":[72.41815645020768,-7.296819637786642]}"
1762,1643,1294,1092,899,0.18011856079101562,897,645,-7.277500694411279,72.39430476695141,"{""type"":""Point"",""coordinates"":[72.39432232556368,-7.277457724570782]}"
1763,2269,1979,1852,1594,0.10775259137153625,1632,1329,-7.294018672750486,72.42244699633527,"{""type"":""Point"",""coordinates"":[72.42241662999709,-7.293990064305055]}"
1766,1479,1114,884,690,0.23503325879573822,706,519,-7.30803102865939,72.43920154171988,"{""type"":""Point"",""coordinates"":[72.43923357533166,-7.308050731867904]}"
1769,1795,1428,1189,968,0.19198665022850037,959,702,-7.282299909438059,72.39599659086319,"{""type"":""Point"",""coordinates"":[72.39601134615154,-7.2823399047348945]}"
1770,1091,735,528,389,0.3078291714191437,305,205,-7.282714103476859,72.42097308399538,"{""type"":""Point"",""coordinates"":[72.4209719022017,-7.282739506208207]}"
1772,1942,1857,1315,947,0.32453638315200806,942,700,-7.298415065853327,72.41690088682151,"{""type"":""Point"",""coordinates"":[72.41689667926067,-7.298404049275048]}"
1773,1766,1436,1209,1010,0.174161896109581,976,730,-7.284232436779028,72.402049122703,"{""type"":""Point"",""coordinates"":[72.40200746240374,-7.28426526184049]}"
1774,2172,1794,1689,1503,0.08826205641492266,1475,1094,-7.305863662425933,72.37658247144736,"{""type"":""Point"",""coordinates"":[72.37655177972228,-7.305890634913343]}"
1775,1852,1514,1291,1100,0.15837796032428741,1096,818,-7.2880120397332,72.43089837970909,"{""type"":""Point"",""coordinates"":[72.43093639737118,-7.288015651079136]}"
1776,1672,1438,1284,1062,0.1504,984,713,-7.317263631878971,72.3789596075432,"{""type"":""Point"",""coordinates"":[72.37898121794731,-7.317225576010989]}"
1778,4328,4707,3354,1104,0.6200309991836548,997,743,-7.300020398791565,72.41318087799164,"{""type"":""Point"",""coordinates"":[72.41316588223795,-7.299990314338245]}"
1779,1922,1568,1397,1227,0.12200357781753131,1222,935,-7.30368652564339,72.37514709232086,"{""type"":""Point"",""coordinates"":[72.37513403813337,-7.303730401356715]}"
1780,1972,1584,1269,1099,0.18076780438423157,1039,780,-7.282267575694841,72.39038565060532,"{""type"":""Point"",""coordinates"":[72.3903910070736,-7.282281712356376]}"
1781,1996,1538,1239,1211,0.11895234882831573,936,599,-7.285069820120732,72.42204566566141,"{""type"":""Point"",""coordinates"":[72.42201845598255,-7.285079358765551]}"
1782,1823,1440,1266,1028,0.16693678498268127,1065,787,-7.299213938366738,72.43020091499257,"{""type"":""Point"",""coordinates"":[72.43016631630067,-7.299199116901645]}"
1784,1850,1535,1410,1173,0.13367798924446106,1215,927,-7.2861030149345405,72.4289181426418,"{""type"":""Point"",""coordinates"":[72.42890569366622,-7.286145473682663]}"
1785,1999,1659,1463,1477,0.05803571428571429,1148,791,-7.288847541795122,72.37188504601161,"{""type"":""Point"",""coordinates"":[72.37185765214235,-7.288808111608317]}"
1786,1502,1153,986,733,0.222693532705307,648,474,-7.288400465899053,72.41976398632997,"{""type"":""Point"",""coordinates"":[72.41972862788589,-7.288413759918155]}"
1787,2654,2349,2286,2027,0.07358317822217941,2134,1534,-7.282972813042666,72.41879950733544,"{""type"":""Point"",""coordinates"":[72.41883017468322,-7.282950205537332]}"
1788,1965,1583,1330,1168,0.150854229927063,1116,834,-7.307378908339063,72.4357658701121,"{""type"":""Point"",""coordinates"":[72.43574847241199,-7.3073381958357535]}"
1789,1944,1524,1238,1028,0.19435736536979675,1005,731,-7.292530909132236,72.39937664676872,"{""type"":""Point"",""coordinates"":[72.39933423176183,-7.292544781935989]}"
1791,1758,1458,1243,992,0.19020408391952515,938,685,-7.30214274883794,72.4367008224102,"{""type"":""Point"",""coordinates"":[72.43666522903418,-7.302163129174643]}"
1792,2118,1757,1568,1302,0.14874142408370972,1427,1148,-7.297556390268166,72.42477992921063,"{""type"":""Point"",""coordinates"":[72.4247858935252,-7.297594748894869]}"
1793,1718,1484,1172,1012,0.18910256028175354,920,670,-7.301134287835623,72.38692763727592,"{""type"":""Point"",""coordinates"":[72.38696146907614,-7.30115655217512]}"
1794,2589,2162,1889,1822,0.08534136414527893,1877,1417,-7.294368770541905,72.42045385024964,"{""type"":""Point"",""coordinates"":[72.42048336630003,-7.294402147525924]}"
1797,1719,1442,1310,1056,0.15452362596988678,1083,810,-7.28388340420544,72.4358996929918,"{""type"":""Point"",""coordinates"":[72.4359021670436,-7.283848270874474]}"
1798,1220,852,525,366,0.39901477098464966,376,324,-7.298251931968546,72.4199790622181,"{""type"":""Point"",""coordinates"":[72.41996752407105,-7.29828413318529]}"
1799,2021,1561,1222,1006,0.2162056863307953,998,755,-7.2866222817594775,72.39334703979779,"{""type"":""Point"",""coordinates"":[72.39332714376164,-7.286615565819053]}"
1804,1755,1439,1332,1123,0.1233411431312561,896,634,-7.278528638338731,72.4318574444693,"{""type"":""Point"",""coordinates"":[72.43181716235401,-7.27850128330662]}"
1805,1777,1369,1151,944,0.18374405801296234,924,676,-7.27974833593539,72.39230075406297,"{""type"":""Point"",""coordinates"":[72.39229526052753,-7.279717817950564]}"
1807,2012,1612,1264,1008,0.23053434491157532,1016,768,-7.315635273259105,72.44151150327508,"{""type"":""Point"",""coordinates"":[72.44147508221258,-7.315667186951576]}"
1809,1689,1342,1142,1013,0.13970276713371277,957,716,-7.29847911960663,72.38096974994397,"{""type"":""Point"",""coordinates"":[72.38100277219797,-7.298507017253336]}"
1813,3234,3116,2732,2389,0.13206176459789276,1939,1189,-7.284209037450083,72.38231974142481,"{""type"":""Point"",""coordinates"":[72.38230154651104,-7.284194257984957]}"
1816,2039,1562,1206,1007,0.21603736281394958,1020,761,-7.29405729912415,72.41339616046425,"{""type"":""Point"",""coordinates"":[72.41341480424923,-7.294060127363359]}"
1817,4306,4400,2460,1001,0.6293278932571411,992,752,-7.301287074890224,72.41344511636974,"{""type"":""Point"",""coordinates"":[72.413420291123,-7.301321851404295]}"
1821,1884,1613,1471,1183,0.1537911295890808,1360,1066,-7.287109398270988,72.43108453631122,"{""type"":""Point"",""coordinates"":[72.43109592307842,-7.287096129230973]}"
1822,1758,1409,1231,1032,0.15444490313529968,1043,760,-7.280473954973997,72.40849645199633,"{""type"":""Point"",""coordinates"":[72.40853805312369,-7.280462002121406]}"
1823,1892,1591,1532,1281,0.10793871866295264,1453,1096,-7.293099328736458,72.37267476512478,"{""type"":""Point"",""coordinates"":[72.37263114470717,-7.293110589211016]}"
1824,814,494,292,159,0.5130168199539185,84,56,-7.286795164626369,72.43941286843327,"{""type"":""Point"",""coordinates"":[72.43945576165217,-7.286770580979731]}"
1825,1632,1303,1129,935,0.1644325290437891,906,680,-7.303653838301076,72.36953597972828,"{""type"":""Point"",""coordinates"":[72.3695458822691,-7.3036304485240455]}"
1830,1695,1367,1208,975,0.16737830638885498,1021,745,-7.280863381269262,72.41338137713296,"{""type"":""Point"",""coordinates"":[72.41335327562018,-7.280873739361348]}"
1832,3028,2690,1382,1018,0.45091694593429565,1014,765,-7.294398533395227,72.40986447485886,"{""type"":""Point"",""coordinates"":[72.40987408865236,-7.294393128286182]}"
1833,1592,1243,1085,934,0.14193844740468534,906,660,-7.310036683867006,72.37936381559821,"{""type"":""Point"",""coordinates"":[72.37933105897433,-7.309996139142542]}"
1834,1707,1473,1298,1065,0.16075649857521057,1015,736,-7.315461045467904,72.39535213919712,"{""type"":""Point"",""coordinates"":[72.39533378273048,-7.3155009503200406]}"
1835,1830,1430,1168,959,0.19715362787246704,949,706,-7.286490520318364,72.40185510318706,"{""type"":""Point"",""coordinates"":[72.40184989813604,-7.286477832785618]}"
1836,1925,1496,1220,1027,0.1858898103237152,1000,757,-7.286001205546978,72.39534169466299,"{""type"":""Point"",""coordinates"":[72.39531965366476,-7.285994526562424]}"
1837,1825,1512,1372,1181,0.12291125139249907,1186,881,-7.308000213645328,72.3710491428303,"{""type"":""Point"",""coordinates"":[72.37107846997226,-7.307976117231311]}"
1838,1842,1490,1072,967,0.21286121010780334,877,660,-7.313051526843448,72.4006156144711,"{""type"":""Point"",""coordinates"":[72.40064911202433,-7.313051975026943]}"
1840,2384,2229,2083,1843,0.09479371316306483,1715,1220,-7.291596280901906,72.37838520235542,"{""type"":""Point"",""coordinates"":[72.37842456284106,-7.291630612479457]}"
1842,860,528,325,189,0.47280335426330566,121,78,-7.301791559335932,72.43851300513712,"{""type"":""Point"",""coordinates"":[72.43848069742177,-7.30179647898001]}"
1845,1385,952,668,583,0.24039088189601898,537,358,-7.291216282293266,72.42228202277539,"{""type"":""Point"",""coordinates"":[72.42228815637964,-7.291190476223656]}"
1850,3210,3321,2392,1190,0.4724007844924927,1130,822,-7.2959902880123115,72.40379143102362,"{""type"":""Point"",""coordinates"":[72.40375274529109,-7.295960874220853]}"
1851,1521,1257,1081,896,0.1676730215549469,913,685,-7.300565878936752,72.38240568204809,"{""type"":""Point"",""coordinates"":[72.3824361518571,-7.300606327161878]}"
1852,1771,1437,1270,1106,0.13016122579574585,1070,812,-7.288127076241913,72.43524201194892,"{""type"":""Point"",""coordinates"":[72.43528138779847,-7.288124771122325]}"
1854,4042,4286,2858,1016,0.6167483925819397,972,718,-7.299572201054616,72.41381700352362,"{""type"":""Point"",""coordinates"":[72.41385999511415,-7.299551256180627]}"
1855,2664,2204,1903,1736,0.11878172308206558,1612,1262,-7.301362111335889,72.42656831099762,"{""type"":""Point"",""coordinates"":[72.42660364394122,-7.301319916147267]}"
1856,2842,2416,2247,2120,0.06525573134422302,1986,1608,-7.29620347294066,72.42524020494507,"{""type"":""Point"",""coordinates"":[72.4252696070685,-7.2962150414921165]}"
1858,940,621,417,258,0.41296929121017456,182,116,-7.285280946502515,72.41154595956027,"{""type"":""Point"",""coordinates"":[72.41158236292644,-7.285270235851528]}"
1859,1147,794,584,394,0.33670035004615784,412,282,-7.289561785858348,72.41740419897418,"{""type"":""Point"",""coordinates"":[72.4174153666343,-7.289568127748235]}"
1860,1893,1619,1463,1270,0.1208030460366909,1234,889,-7.295165030559488,72.37049063679243,"{""type"":""Point"",""coordinates"":[72.37049174914897,-7.295157423524032]}"
1861,3986,3736,3791,3402,0.046791817992925644,3511,2446,-7.28711000682246,72.41533664304194,"{""type"":""Point"",""coordinates"":[72.41533200228301,-7.287084195706067]}"
1867,2250,1794,1376,1145,0.22082340717315674,1143,838,-7.305987844449832,72.42952864482153,"{""type"":""Point"",""coordinates"":[72.42953426252322,-7.305985859744023]}"
1868,1657,1345,1152,976,0.15898320078849792,899,649,-7.31150721441159,72.38360907210284,"{""type"":""Point"",""coordinates"":[72.38363526627062,-7.311490900174257]}"
1869,1625,1294,1114,804,0.23355576395988464,898,669,-7.2983141377446445,72.38368584571089,"{""type"":""Point"",""coordinates"":[72.38366458129492,-7.2982879028517464]}"
1872,4216,3628,2944,2177,0.24995693564414978,733,470,-7.297692603520492,72.38559005473746,"{""type"":""Point"",""coordinates"":[72.38562474158628,-7.297736598378207]}"
1883,976,655,442,314,0.35190919041633606,233,168,-7.285713732082579,72.42403308968551,"{""type"":""Point"",""coordinates"":[72.42402898465156,-7.285714375488366]}"
1884,1743,1386,1210,1001,0.16129031777381897,983,742,-7.28045113124455,72.40451446816334,"{""type"":""Point"",""coordinates"":[72.40451337638781,-7.2804737837020115]}"
1885,2244,1944,1869,1667,0.0767100526170036,1635,1227,-7.307310523942627,72.37675503895456,"{""type"":""Point"",""coordinates"":[72.37676750709,-7.307354589368813]}"
1886,1807,1419,1216,999,0.17369727790355682,1025,761,-7.2888342026552015,72.41659382387702,"{""type"":""Point"",""coordinates"":[72.41656929476757,-7.288877151015784]}"
1887,4373,4089,4168,3775,0.03992879018187523,3737,2798,-7.296555646304457,72.42360906272843,"{""type"":""Point"",""coordinates"":[72.42363516188806,-7.296580455635932]}"
1891,1601,1259,1095,936,0.1471526175737381,865,631,-7.311701073994753,72.38587062775318,"{""type"":""Point"",""coordinates"":[72.38586765024883,-7.311672778187155]}"
1894,2623,2404,2188,2108,0.06560283687943262,1810,1299,-7.288054784459921,72.37541924118746,"{""type"":""Point"",""coordinates"":[72.3754625984536,-7.288088676468363]}"
1898,1246,905,712,550,0.24398624897003174,430,286,-7.283077116696227,72.4212425205273,"{""type"":""Point"",""coordinates"":[72.42126628031647,-7.283111240017072]}"
1899,4232,4676,3304,1136,0.6090846657752991,983,741,-7.300292014634735,72.4132698233694,"{""type"":""Point"",""coordinates"":[72.41330057678184,-7.300271239402512]}"
1901,2890,2578,2562,2229,0.07260245829820633,2274,1724,-7.287459032654553,72.42900091341141,"{""type"":""Point"",""coordinates"":[72.42902245545484,-7.287460450504093]}"
1905,1753,1461,1297,1105,0.13873733580112457,1046,780,-7.2797418113061365,72.42270964460447,"{""type"":""Point"",""coordinates"":[72.42273238376427,-7.27971394229058]}"
1908,4103,4323,2601,953,0.6387414932250977,900,673,-7.298645190836298,72.4097495323201,"{""type"":""Point"",""coordinates"":[72.40972120264676,-7.298664218266622]}"
1910,1126,800,631,465,0.2648221254348755,468,319,-7.308385408540742,72.39068678911566,"{""type"":""Point"",""coordinates"":[72.39068109814596,-7.308364314936505]}"
1911,2208,1811,1430,1161,0.21870793402194977,1196,899,-7.304259006603141,72.42745682334014,"{""type"":""Point"",""coordinates"":[72.42743458429551,-7.304228090980721]}"
1912,4335,4726,3108,1290,0.571143627166748,1200,904,-7.311950505506464,72.42922300498114,"{""type"":""Point"",""coordinates"":[72.42920209623036,-7.311970234657794]}"
1915,3219,3101,2713,2692,0.07060245123424823,2026,1205,-7.2829193127543626,72.37807366874397,"{""type"":""Point"",""coordinates"":[72.37806372597605,-7.282923853840072]}"
1916,4734,5307,4348,1805,0.4924072027206421,1252,905,-7.306425453864097,72.41124336196695,"{""type"":""Point"",""coordinates"":[72.41121581647312,-7.306446815513]}"
1918,1949,1553,1345,1220,0.12008655071258545,1187,861,-7.2876495429835515,72.43071943461946,"{""type"":""Point"",""coordinates"":[72.43070162398364,-7.287644437023421]}"
1919,1741,1441,1269,1031,0.16585759818553925,1067,811,-7.282098609245122,72.43989206577243,"{""type"":""Point"",""coordinates"":[72.43985973850211,-7.28208707552801]}"
1922,2142,1697,1330,1011,0.253323495388031,1039,773,-7.3138068287873805,72.43781094469817,"{""type"":""Point"",""coordinates"":[72.43781426126702,-7.313828552252309]}"
1924,4099,4380,3138,1403,0.5147846937179565,1294,945,-7.313499647704769,72.43147691116677,"{""type"":""Point"",""coordinates"":[72.43143960610048,-7.313526564519876]}"
1932,1894,1510,1330,1105,0.154875710606575,1111,842,-7.289889151816259,72.42726743437306,"{""type"":""Point"",""coordinates"":[72.42727547546657,-7.289924293451902]}"
1933,3202,3184,1932,1217,0.44694387912750244,1188,881,-7.2965231148393945,72.3865018920487,"{""type"":""Point"",""coordinates"":[72.38654206786832,-7.296542031429727]}"
1935,2946,2725,1380,1015,0.4572192430496216,1401,1050,-7.295393591752138,72.41003976215119,"{""type"":""Point"",""coordinates"":[72.40999848896386,-7.295412400106692]}"
1938,1664,1290,1056,960,0.14666666090488434,856,571,-7.286688155741453,72.42058833265719,"{""type"":""Point"",""coordinates"":[72.42061016956664,-7.286677403968054]}"
1941,1718,1400,1252,1052,0.14192495921696574,1039,778,-7.296894565492729,72.3726526173356,"{""type"":""Point"",""coordinates"":[72.37261439646682,-7.296866246094645]}"
1944,2519,2172,2032,1846,0.08113489300012589,1505,1032,-7.278686324632558,72.41194581517324,"{""type"":""Point"",""coordinates"":[72.41195179499212,-7.278678625903554]}"
1947,2142,1893,1739,1651,0.0682844243792325,1524,1081,-7.294646548630282,72.37456630394746,"{""type"":""Point"",""coordinates"":[72.37454534280849,-7.294604489975614]}"
1948,1849,1497,1395,1154,0.12938513768389287,1140,871,-7.308026580258946,72.37557428085903,"{""type"":""Point"",""coordinates"":[72.3755311031792,-7.30803974249076]}"
1951,4305,4128,4165,3819,0.03888259828090668,3853,2550,-7.306496987526329,72.4237331407271,"{""type"":""Point"",""coordinates"":[72.42371167456022,-7.306480647649738]}"
1953,1863,1532,1380,1218,0.11418181818181818,1129,816,-7.315783543971353,72.37308525548342,"{""type"":""Point"",""coordinates"":[72.37304737249603,-7.315744332235556]}"
1954,2519,2333,2093,2025,0.07067462138595686,1714,1158,-7.292235124277545,72.37946752062751,"{""type"":""Point"",""coordinates"":[72.37946747884067,-7.2922237174550615]}"
1956,1927,1534,1290,1058,0.1836419701576233,1120,769,-7.281366544308822,72.39084337210164,"{""type"":""Point"",""coordinates"":[72.39084557804206,-7.281385980459921]}"
1958,832,497,291,165,0.5015105605125427,89,60,-7.2823056108915685,72.41273958265599,"{""type"":""Point"",""coordinates"":[72.4127608576917,-7.282292942600888]}"
1959,1959,1551,1417,1182,0.13501647114753723,1201,975,-7.291394433127641,72.42182847383961,"{""type"":""Point"",""coordinates"":[72.42187221220597,-7.291406074808632]}"
1960,1599,1350,1157,995,0.1513859275053305,934,729,-7.308774755623774,72.379914214319,"{""type"":""Point"",""coordinates"":[72.37988885093728,-7.308756044053043]}"
1962,1600,1360,1255,1027,0.13950565457344055,944,684,-7.310338792615637,72.38470196209548,"{""type"":""Point"",""coordinates"":[72.38468171639721,-7.310313146478694]}"
1965,1619,1340,1201,1021,0.1351122409105301,984,719,-7.314171851382175,72.39119622731609,"{""type"":""Point"",""coordinates"":[72.3912217716815,-7.314207506705597]}"
1968,1799,1532,1399,1217,0.11458712259003274,1177,884,-7.295706679253533,72.37039696993611,"{""type"":""Point"",""coordinates"":[72.37041512312682,-7.2956647644556725]}"
1970,2068,1595,1240,1043,0.20924943685531616,1019,751,-7.286165763639644,72.39253515440033,"{""type"":""Point"",""coordinates"":[72.39255145386029,-7.286164248868191]}"
1973,3166,3056,2708,2418,0.11655096709728241,1893,1148,-7.2855608223862305,72.38167837940524,"{""type"":""Point"",""coordinates"":[72.38166161470113,-7.285569857929443]}"
1974,1530,1259,1136,928,0.15134887397289276,928,677,-7.31654175249012,72.39471230520728,"{""type"":""Point"",""coordinates"":[72.39475630058534,-7.316504073921032]}"
1975,1510,1202,1056,840,0.1772771792360431,875,679,-7.296285179871663,72.37663833133948,"{""type"":""Point"",""coordinates"":[72.37668001641924,-7.296240632164039]}"
1979,2634,2364,2217,1891,0.11116334050893784,2116,1651,-7.299259921884549,72.4224169834349,"{""type"":""Point"",""coordinates"":[72.42245286811473,-7.2992172342475845]}"
1981,1899,1480,1297,1106,0.14462490379810333,1097,825,-7.295331765659378,72.43085663113344,"{""type"":""Point"",""coordinates"":[72.43085786211594,-7.295313877314238]}"
1982,2368,2370,1871,1126,0.3558352291584015,891,638,-7.295793393490806,72.38532957326593,"{""type"":""Point"",""coordinates"":[72.38528505282395,-7.295793560853582]}"
1985,2534,2492,2050,1502,0.24787180125713348,1550,1089,-7.292973773030694,72.38217832278887,"{""type"":""Point"",""coordinates"":[72.38214369156523,-7.293018182252503]}"
1986,2726,2830,2146,1032,0.4655618965625763,993,725,-7.295427270327639,72.40017446536675,"{""type"":""Point"",""coordinates"":[72.40016824842978,-7.295459776415349]}"
1987,1610,1199,978,787,0.20745216310024261,809,606,-7.285054038021205,72.40349244105519,"{""type"":""Point"",""coordinates"":[72.403467249815,-7.28501572340258]}"
1990,1829,1583,1481,1262,0.11282952548330404,1266,919,-7.29420367492773,72.37610744069669,"{""type"":""Point"",""coordinates"":[72.37607569059135,-7.294178215679109]}"
1992,801,485,288,163,0.4969135820865631,77,51,-7.286800289588938,72.44031790133445,"{""type"":""Point"",""coordinates"":[72.44032243379151,-7.286814352069742]}"
1996,2196,1909,1350,1044,0.2929224371910095,1041,777,-7.297949765106272,72.41455038126675,"{""type"":""Point"",""coordinates"":[72.41451474106417,-7.297992952868773]}"
1999,1833,1491,1180,955,0.21913327276706696,982,731,-7.31549085209717,72.40051098407612,"{""type"":""Point"",""coordinates"":[72.40047340950044,-7.315449214466008]}"
