system:index,B2,B3,B4,B8,NDWI,SWIR1,SWIR2,latitude,longitude,.geo
0,1226,903,745,578,0.2194463163614273,559,415,-7.305345157664321,72.3806582527094,"{""type"":""Point"",""coordinates"":[72.38063659631389,-7.305317212050705]}"
2,1564,1181,869,657,0.2850925028324127,689,523,-7.291877636434832,72.41150806734878,"{""type"":""Point"",""coordinates"":[72.41147124949657,-7.29190246642715]}"
4,1138,818,661,513,0.22915101051330566,580,454,-7.343276787131898,72.40795305823836,"{""type"":""Point"",""coordinates"":[72.40797580467537,-7.343273840832117]}"
5,1268,941,788,621,0.20486555993556976,524,386,-7.348726378438184,72.38158142229612,"{""type"":""Point"",""coordinates"":[72.38161495809052,-7.348703109140689]}"
6,1220,890,668,590,0.20270270109176636,579,443,-7.325748550253468,72.40850708177017,"{""type"":""Point"",""coordinates"":[72.40846753001422,-7.32570669644179]}"
7,3449,3744,2382,950,0.5952279567718506,819,615,-7.341161752508795,72.43303820698685,"{""type"":""Point"",""coordinates"":[72.43300482635445,-7.34116368042838]}"
8,3297,3379,1944,723,0.6474890112876892,638,478,-7.3317656561671605,72.43345414453738,"{""type"":""Point"",""coordinates"":[72.43343087324742,-7.331789085606659]}"
9,1374,1041,851,659,0.22470587491989136,613,451,-7.323056869400655,72.41187156250756,"{""type"":""Point"",""coordinates"":[72.41185167434642,-7.323052743930957]}"
10,1184,907,818,551,0.24417009949684143,621,468,-7.306348614542862,72.38228151537376,"{""type"":""Point"",""coordinates"":[72.3822645797805,-7.306376494361725]}"
11,1240,950,804,600,0.22580644488334656,624,494,-7.327644490403684,72.39256605700263,"{""type"":""Point"",""coordinates"":[72.3925933401136,-7.327684789944135]}"
12,1146,900,814,540,0.25,607,480,-7.313324210747221,72.36975089294181,"{""type"":""Point"",""coordinates"":[72.3697953732999,-7.3133068419558755]}"
13,1376,1028,850,682,0.20233918726444244,662,516,-7.3437419451739325,72.42596307318684,"{""type"":""Point"",""coordinates"":[72.42593244029098,-7.343757085620849]}"
14,1349,1009,840,677,0.19691577553749084,672,496,-7.278730247628689,72.41963831079144,"{""type"":""Point"",""coordinates"":[72.4196506478728,-7.27876279249379]}"
16,1266,949,735,640,0.19446192681789398,611,448,-7.339082841225706,72.40155083977004,"{""type"":""Point"",""coordinates"":[72.40151675209597,-7.339056746404696]}"
17,3110,3339,2230,1551,0.3656441569328308,1111,777,-7.348941079476203,72.43435132106644,"{""type"":""Point"",""coordinates"":[72.43433573967907,-7.348903987986047]}"
18,1314,989,790,662,0.1980617791414261,629,469,-7.283070610831752,72.43599481966085,"{""type"":""Point"",""coordinates"":[72.43599390664346,-7.283061890623812]}"
19,1469,1083,810,627,0.2666666805744171,645,497,-7.293474408541586,72.42208808635264,"{""type"":""Point"",""coordinates"":[72.4220764105749,-7.293463767283007]}"
20,1747,1506,1477,1138,0.13918305933475494,1146,875,-7.330609901606135,72.37417504358547,"{""type"":""Point"",""coordinates"":[72.37418952399784,-7.3306257380349304]}"
21,1434,1140,827,585,0.321739137172699,582,446,-7.3355206731779,72.42637242607242,"{""type"":""Point"",""coordinates"":[72.42639856028717,-7.335487639705435]}"
22,1232,916,734,618,0.19426336884498596,525,392,-7.323836077617123,72.39032544898078,"{""type"":""Point"",""coordinates"":[72.39028164553345,-7.323828848092079]}"
23,1260,976,823,622,0.22152690589427948,650,486,-7.3310735989003915,72.39173149644384,"{""type"":""Point"",""coordinates"":[72.39177571477907,-7.331058499293591]}"
24,3057,3382,2298,882,0.5863039493560791,635,383,-7.3467691641144475,72.43382068070946,"{""type"":""Point"",""coordinates"":[72.4338246323409,-7.346774125179832]}"
25,1243,942,800,598,0.22337661683559418,597,432,-7.307451356861887,72.3854428196535,"{""type"":""Point"",""coordinates"":[72.38541734040828,-7.307475166008451]}"
26,1478,1121,886,725,0.21451787650585175,692,527,-7.304049718459875,72.43831912467351,"{""type"":""Point"",""coordinates"":[72.4383433338656,-7.304038722869169]}"
27,1361,1006,837,655,0.2113184779882431,651,492,-7.27748101128582,72.40661309715779,"{""type"":""Point"",""coordinates"":[72.40661531128436,-7.277450938346337]}"
28,1311,994,790,669,0.1954299509525299,584,421,-7.335246102619524,72.3944225783944,"{""type"":""Point"",""coordinates"":[72.39438638793075,-7.335256043468021]}"
29,1252,917,746,624,0.19013626873493195,555,445,-7.33183743163529,72.39878700119343,"{""type"":""Point"",""coordinates"":[72.39876465281249,-7.331812639100245]}"
30,1209,882,691,568,0.21655172413793103,547,405,-7.29888728694156,72.37345551953968,"{""type"":""Point"",""coordinates"":[72.37341588433925,-7.298880214905205]}"
31,1168,895,772,543,0.2447844296693802,580,435,-7.328779693766328,72.40133908780406,"{""type"":""Point"",""coordinates"":[72.40133413201629,-7.328749516734646]}"
34,1193,941,827,596,0.22446323931217194,621,481,-7.306902350723453,72.38426942964388,"{""type"":""Point"",""coordinates"":[72.38431142613102,-7.306894410172699]}"
36,2692,2368,1029,717,0.5351701974868774,730,556,-7.326918345741981,72.4391842938571,"{""type"":""Point"",""coordinates"":[72.43915321499973,-7.326896621040714]}"
37,1626,1254,895,716,0.2730964422225952,681,517,-7.293438203406131,72.40000494072554,"{""type"":""Point"",""coordinates"":[72.40000739156552,-7.293430455749641]}"
40,1607,1225,903,741,0.24618515372276306,733,548,-7.2893131492149115,72.40554950271351,"{""type"":""Point"",""coordinates"":[72.40559447276803,-7.289329283144754]}"
41,1230,924,792,590,0.2206076681613922,555,405,-7.345877486318611,72.40449838131168,"{""type"":""Point"",""coordinates"":[72.4045224297112,-7.345908746244835]}"
42,1330,995,771,612,0.23833230137825012,586,442,-7.295972571208071,72.4323010938718,"{""type"":""Point"",""coordinates"":[72.43230030086697,-7.295970358147406]}"
43,1340,989,793,657,0.2017010897397995,659,494,-7.283170209578422,72.4376233480759,"{""type"":""Point"",""coordinates"":[72.43761286723661,-7.283156450737549]}"
44,1330,1001,843,647,0.21480582654476166,649,493,-7.34479365567306,72.38902661789469,"{""type"":""Point"",""coordinates"":[72.38904894977483,-7.344789376328807]}"
45,1319,1027,848,644,0.22920407354831696,662,485,-7.289223291774885,72.43731742100708,"{""type"":""Point"",""coordinates"":[72.43727816836655,-7.2892639555935625]}"
46,1771,1365,862,676,0.337579607963562,668,516,-7.331170636489045,72.42422508396207,"{""type"":""Point"",""coordinates"":[72.42422092471458,-7.3311574124601195]}"
47,1276,982,886,679,0.18242022395133972,576,427,-7.33522035407213,72.3899876069133,"{""type"":""Point"",""coordinates"":[72.3899547670727,-7.335200694073641]}"
48,1134,892,756,542,0.24407252669334412,488,372,-7.334306836135829,72.37279570216712,"{""type"":""Point"",""coordinates"":[72.37283217067373,-7.334332214043654]}"
49,1356,1020,815,665,0.21068249642848969,621,459,-7.2934206692623365,72.42851435766816,"{""type"":""Point"",""coordinates"":[72.42847112667245,-7.293446098142498]}"
50,1385,1052,872,694,0.2050400972366333,685,519,-7.279452961686894,72.40379619246053,"{""type"":""Point"",""coordinates"":[72.40380231361928,-7.279496888803792]}"
51,2580,2622,1885,1209,0.3688332140445709,936,640,-7.314400736321162,72.43101920117326,"{""type"":""Point"",""coordinates"":[72.4310148295993,-7.314370811653157]}"
52,3307,3606,2446,951,0.5826201438903809,881,652,-7.285840295574631,72.38312478833626,"{""type"":""Point"",""coordinates"":[72.3831447366959,-7.285821187709844]}"
53,1322,981,786,627,0.22014924883842468,637,480,-7.282947888411126,72.43029370474572,"{""type"":""Point"",""coordinates"":[72.4302876869493,-7.282928125670702]}"
55,1158,900,738,539,0.25086864829063416,573,439,-7.330303853419259,72.39924846664735,"{""type"":""Point"",""coordinates"":[72.39928290695708,-7.330267634833056]}"
58,1133,893,791,518,0.26576894521713257,584,431,-7.348166965079565,72.40973503584695,"{""type"":""Point"",""coordinates"":[72.40975561420505,-7.348157221500323]}"
60,1350,1003,827,660,0.2062537521123886,681,516,-7.283606143983523,72.43481520656167,"{""type"":""Point"",""coordinates"":[72.43478583047407,-7.283645756711918]}"
61,1305,1033,878,724,0.175867959856987,622,468,-7.3279103329041355,72.3916593984879,"{""type"":""Point"",""coordinates"":[72.391655242797,-7.327896618614551]}"
62,1142,827,715,523,0.22518518567085266,565,427,-7.319566391108635,72.38645839187343,"{""type"":""Point"",""coordinates"":[72.38648655841047,-7.319595213362762]}"
63,2605,2415,1109,767,0.517913281917572,761,584,-7.348152614436342,72.43870072994045,"{""type"":""Point"",""coordinates"":[72.43868851367827,-7.348190374071725]}"
64,1267,907,711,579,0.22072678804397583,615,470,-7.335770493123279,72.42265987328953,"{""type"":""Point"",""coordinates"":[72.42263343332841,-7.335763951337402]}"
65,1225,913,734,608,0.20052596975673898,570,443,-7.304781938124254,72.37704131081436,"{""type"":""Point"",""coordinates"":[72.3770832005484,-7.304750620855732]}"
66,1309,985,807,684,0.1803475171327591,633,465,-7.3430948344291975,72.42343233448518,"{""type"":""Point"",""coordinates"":[72.42340206368385,-7.343075896994942]}"
67,1534,1158,806,586,0.3279816508293152,638,485,-7.3139999137936265,72.43998212200876,"{""type"":""Point"",""coordinates"":[72.44001636261662,-7.3139690672663455]}"
68,1478,1094,860,803,0.15340010821819305,651,445,-7.343084642108255,72.3903943076978,"{""type"":""Point"",""coordinates"":[72.39035071974305,-7.343059868563608]}"
69,1257,966,784,605,0.22978994250297546,652,483,-7.342140558919756,72.39899867056951,"{""type"":""Point"",""coordinates"":[72.39898969532328,-7.342170430979719]}"
70,1227,1057,1042,672,0.22267206013202667,716,514,-7.3480483388751905,72.40484784106805,"{""type"":""Point"",""coordinates"":[72.40484026607604,-7.3480925663637455]}"
71,1553,1185,871,700,0.2572944164276123,666,495,-7.289917100974677,72.40056828970086,"{""type"":""Point"",""coordinates"":[72.40055611966189,-7.289903857381009]}"
72,2466,2547,1709,946,0.4583452641963959,829,602,-7.294336640084751,72.3990947039227,"{""type"":""Point"",""coordinates"":[72.39909743036533,-7.294314824898847]}"
73,1422,1073,834,696,0.21311475336551666,672,503,-7.289680570062344,72.42238131522979,"{""type"":""Point"",""coordinates"":[72.42241269271821,-7.289698637270621]}"
74,1376,1005,822,657,0.20938627421855927,645,479,-7.297707551539165,72.43545897624615,"{""type"":""Point"",""coordinates"":[72.43548912550445,-7.297728371880673]}"
75,1266,971,813,652,0.19654959440231323,609,450,-7.3417112711142885,72.37184711047868,"{""type"":""Point"",""coordinates"":[72.37186354404766,-7.3416878758525375]}"
76,1423,1132,757,588,0.3162790834903717,586,440,-7.31076732914733,72.39628444122539,"{""type"":""Point"",""coordinates"":[72.3963245308417,-7.310770733456069]}"
78,3631,4110,3125,1301,0.5191277265548706,990,684,-7.3067629935344325,72.40707804528266,"{""type"":""Point"",""coordinates"":[72.40705950545755,-7.3068050065862815]}"
79,1141,904,778,533,0.2581767439842224,606,470,-7.333035208786571,72.40276260981574,"{""type"":""Point"",""coordinates"":[72.40272460592705,-7.333000533759873]}"
80,1390,1044,833,675,0.2146596908569336,661,504,-7.280771002504815,72.3972724450397,"{""type"":""Point"",""coordinates"":[72.39730824630759,-7.2807818210383966]}"
81,3459,3338,1470,726,0.6427165269851685,688,507,-7.332682761985527,72.43580228257936,"{""type"":""Point"",""coordinates"":[72.43577300860032,-7.332711803084992]}"
83,3531,3492,1698,724,0.6565464735031128,704,518,-7.333038547542585,72.43480457809837,"{""type"":""Point"",""coordinates"":[72.4348017222612,-7.333003002634393]}"
84,1340,1012,841,650,0.21780987083911896,648,492,-7.294545210097761,72.43556749919753,"{""type"":""Point"",""coordinates"":[72.43559019420944,-7.294545480275783]}"
85,3562,3467,1601,706,0.6616343259811401,636,470,-7.327267439105801,72.43700995734876,"{""type"":""Point"",""coordinates"":[72.43700353119601,-7.327245722865518]}"
86,3620,3865,2308,893,0.6246321797370911,867,649,-7.341716374008886,72.43520743039646,"{""type"":""Point"",""coordinates"":[72.43517634705024,-7.341757850693012]}"
87,1229,898,772,544,0.2454923689365387,622,476,-7.3389690166760415,72.41313735649724,"{""type"":""Point"",""coordinates"":[72.41309476426811,-7.338927011682828]}"
89,1428,1063,815,650,0.24109749495983124,649,483,-7.2832845378029925,72.39436186257176,"{""type"":""Point"",""coordinates"":[72.39432947084211,-7.283285055679531]}"
90,1820,1740,1478,1057,0.24419020116329193,777,545,-7.317525310823288,72.40855458871624,"{""type"":""Point"",""coordinates"":[72.40857986611395,-7.317541098318046]}"
91,1265,941,776,649,0.18364779651165009,594,463,-7.345950352384847,72.37046449657674,"{""type"":""Point"",""coordinates"":[72.37050887745316,-7.345976741007553]}"
92,3420,3796,2651,1091,0.5535093104153878,843,606,-7.281105228888496,72.37690770505975,"{""type"":""Point"",""coordinates"":[72.37690316454821,-7.281111980991881]}"
94,1315,982,831,627,0.22063393890857697,644,483,-7.286495843252747,72.43443674219351,"{""type"":""Point"",""coordinates"":[72.43444204512814,-7.286506602369843]}"
95,2608,2625,1571,762,0.5500442981719971,680,508,-7.305128042755439,72.42138775937867,"{""type"":""Point"",""coordinates"":[72.4213684800517,-7.305159162438632]}"
96,1235,916,686,572,0.23118279874324799,593,439,-7.339155483599741,72.4141319432914,"{""type"":""Point"",""coordinates"":[72.41411279440196,-7.339174267046311]}"
97,1586,1291,829,650,0.3302421569824219,627,468,-7.303146557712311,72.43841477885817,"{""type"":""Point"",""coordinates"":[72.43839957512954,-7.303167104337078]}"
98,1370,1027,794,643,0.22994011640548706,610,455,-7.298402402909838,72.38332331406882,"{""type"":""Point"",""coordinates"":[72.38336134941784,-7.298399696298053]}"
99,1330,1054,831,563,0.3036487400531769,560,396,-7.3018247810032575,72.42846634003132,"{""type"":""Point"",""coordinates"":[72.42843644113923,-7.301849948957242]}"
100,1313,991,805,610,0.23797626793384552,674,511,-7.287564318880878,72.43162497801912,"{""type"":""Point"",""coordinates"":[72.43166293728623,-7.287535237615797]}"
101,1284,948,759,656,0.1820448935031891,614,441,-7.33210118836147,72.39751829501604,"{""type"":""Point"",""coordinates"":[72.39751166621149,-7.332135023030385]}"
102,1408,1085,860,695,0.21910113096237183,700,534,-7.283804174864123,72.4219623975668,"{""type"":""Point"",""coordinates"":[72.42199939513263,-7.28384696037781]}"
103,1142,883,745,531,0.24893918633460999,514,358,-7.348564311374017,72.40031903921835,"{""type"":""Point"",""coordinates"":[72.40029999533643,-7.348579217410705]}"
104,1292,1037,875,617,0.25392985343933105,633,487,-7.3440192747486295,72.42704767915608,"{""type"":""Point"",""coordinates"":[72.42701291318816,-7.3440299746313205]}"
105,1388,1010,790,674,0.19952493906021118,652,494,-7.34768793091036,72.38946228890269,"{""type"":""Point"",""coordinates"":[72.38947131659434,-7.347729785503512]}"
107,1364,1051,851,666,0.22422830760478973,667,498,-7.30560343501213,72.44138761228503,"{""type"":""Point"",""coordinates"":[72.44142494061337,-7.305602894540361]}"
108,1399,1065,827,653,0.23981373012065887,623,463,-7.283776808548033,72.41716583195766,"{""type"":""Point"",""coordinates"":[72.41719746767069,-7.2837950458774845]}"
109,1304,971,799,618,0.22215229272842407,593,435,-7.343169789969092,72.37401085087728,"{""type"":""Point"",""coordinates"":[72.3739862425785,-7.343130374953187]}"
110,1783,1347,934,738,0.29208633303642273,725,546,-7.309333997543457,72.4299620576072,"{""type"":""Point"",""coordinates"":[72.42992473937385,-7.309342716003704]}"
111,1876,2006,1537,1006,0.3320053219795227,790,556,-7.308063712421171,72.39756721300444,"{""type"":""Point"",""coordinates"":[72.39756158405454,-7.308081800921146]}"
112,1398,1043,809,645,0.23578199744224548,664,511,-7.285486006973151,72.41579847607262,"{""type"":""Point"",""coordinates"":[72.41581286766981,-7.285487595031124]}"
113,1255,933,752,591,0.22440944881889763,576,411,-7.299599651857405,72.37164127942364,"{""type"":""Point"",""coordinates"":[72.3716179337331,-7.299562302146859]}"
114,1277,910,696,618,0.19109947979450226,527,393,-7.311397920812628,72.38035145173303,"{""type"":""Point"",""coordinates"":[72.38036065599859,-7.311431619728198]}"
115,1476,1143,925,749,0.20824524760246277,719,547,-7.280646761921973,72.3913905447797,"{""type"":""Point"",""coordinates"":[72.39143049408437,-7.280665054196812]}"
116,1155,903,763,520,0.26914969086647034,595,471,-7.3257589771511205,72.4103172607767,"{""type"":""Point"",""coordinates"":[72.41034613309286,-7.32580225457842]}"
117,1242,933,797,593,0.2228047251701355,600,445,-7.347979435958496,72.40855940878097,"{""type"":""Point"",""coordinates"":[72.40856073605197,-7.347980067933307]}"
118,1352,979,738,591,0.2471337616443634,550,407,-7.315387421716777,72.39824885383086,"{""type"":""Point"",""coordinates"":[72.39826215678771,-7.315393470228455]}"
119,2903,2866,1527,761,0.5803694725036621,730,551,-7.315690634136275,72.43535637621147,"{""type"":""Point"",""coordinates"":[72.43532572362781,-7.315707654315699]}"
120,1219,881,680,564,0.21937716007232666,598,441,-7.330916489448988,72.39580544742245,"{""type"":""Point"",""coordinates"":[72.39584524089386,-7.330927988185697]}"
121,1058,759,606,399,0.3108808398246765,379,284,-7.333943268272708,72.37243579105863,"{""type"":""Point"",""coordinates"":[72.372410790458,-7.333983404610493]}"
123,1168,865,727,530,0.24014337360858917,570,443,-7.320757929023822,72.38934775317949,"{""type"":""Point"",""coordinates"":[72.38933303406873,-7.320798358423314]}"
124,1190,926,800,581,0.22893165051937103,615,482,-7.334562016953971,72.38555634493723,"{""type"":""Point"",""coordinates"":[72.38557403380517,-7.334604450007631]}"
125,3577,3540,1732,742,0.6534329652786255,704,527,-7.332856779832049,72.43462458885092,"{""type"":""Point"",""coordinates"":[72.43459710186903,-7.332881726958036]}"
126,1552,1158,855,678,0.26143792271614075,695,518,-7.304734052424117,72.43152701510537,"{""type"":""Point"",""coordinates"":[72.43155146815079,-7.304732794442633]}"
127,1232,959,800,613,0.22010177373886108,597,437,-7.3191681073822386,72.38012509558568,"{""type"":""Point"",""coordinates"":[72.38009336261375,-7.319195239163118]}"
128,1625,1261,919,701,0.28542304039001465,723,543,-7.292017866411681,72.4044478679563,"{""type"":""Point"",""coordinates"":[72.40440929837283,-7.292052600694884]}"
129,1279,991,826,618,0.2318210005760193,591,444,-7.33348795389527,72.41859986742679,"{""type"":""Point"",""coordinates"":[72.4185846085718,-7.33345286334794]}"
130,1106,814,696,479,0.25908738374710083,593,454,-7.317033301695087,72.37045322264834,"{""type"":""Point"",""coordinates"":[72.3704869128215,-7.317064127137804]}"
131,1355,1021,845,675,0.20400942862033844,655,506,-7.291833163199606,72.43540192864565,"{""type"":""Point"",""coordinates"":[72.43538927570695,-7.29181720499731]}"
132,3068,3472,2836,1583,0.3736894130706787,746,457,-7.343415228672196,72.43202958615701,"{""type"":""Point"",""coordinates"":[72.43206945369661,-7.343454514682906]}"
133,1412,1128,869,659,0.26245102286338806,613,451,-7.3177687706100185,72.40375614667549,"{""type"":""Point"",""coordinates"":[72.40376582737527,-7.317797064395298]}"
134,3350,3209,1506,737,0.626457154750824,694,523,-7.301741497360171,72.41389504038004,"{""type"":""Point"",""coordinates"":[72.41386649634181,-7.301767234665104]}"
135,1589,1312,851,690,0.3106893002986908,659,480,-7.321538343978924,72.41495771191674,"{""type"":""Point"",""coordinates"":[72.41491705733043,-7.321570218235535]}"
136,1391,1065,870,688,0.21505989134311676,693,525,-7.278989710346882,72.40180781260887,"{""type"":""Point"",""coordinates"":[72.40179899713327,-7.278961636144378]}"
137,1404,1104,917,708,0.21854305267333984,717,539,-7.281798052941921,72.4188062305288,"{""type"":""Point"",""coordinates"":[72.4188445110068,-7.281776863619635]}"
138,1305,965,812,647,0.197270467877388,652,503,-7.337818263350603,72.37060281257457,"{""type"":""Point"",""coordinates"":[72.3705798793796,-7.337834403053016]}"
139,1339,992,796,689,0.18024985492229462,584,421,-7.3212008198770615,72.38780651285857,"{""type"":""Point"",""coordinates"":[72.38779243350245,-7.32124568293678]}"
140,2443,2514,1792,928,0.4607786238193512,886,659,-7.282487416388047,72.3815152233947,"{""type"":""Point"",""coordinates"":[72.3814804100833,-7.282507316380688]}"
141,1170,839,655,533,0.22303207218647003,541,421,-7.339688999184426,72.38145331461644,"{""type"":""Point"",""coordinates"":[72.38142306512422,-7.339708764054284]}"
142,1289,959,812,636,0.2025078386068344,637,475,-7.280384183498499,72.44035432029081,"{""type"":""Point"",""coordinates"":[72.44035468924298,-7.280383810014596]}"
145,1689,1242,866,676,0.29509904980659485,677,516,-7.305417243037406,72.42455390834955,"{""type"":""Point"",""coordinates"":[72.42451724052654,-7.305448387612959]}"
146,1304,938,729,672,0.16521738469600677,606,479,-7.347257037654021,72.40865411338558,"{""type"":""Point"",""coordinates"":[72.40867258214752,-7.347245678938198]}"
148,1224,902,725,603,0.1986711025238037,598,454,-7.322098151133791,72.38671517122027,"{""type"":""Point"",""coordinates"":[72.38670877116517,-7.322107729683328]}"
149,1805,1344,851,701,0.31442543864250183,658,478,-7.319245862730821,72.44076681929361,"{""type"":""Point"",""coordinates"":[72.44073392049657,-7.319285718133189]}"
150,1667,1216,859,680,0.28270041942596436,663,494,-7.307522532418131,72.42924833970665,"{""type"":""Point"",""coordinates"":[72.42925871185837,-7.3075029444576485]}"
151,1319,1051,871,721,0.18623024225234985,630,464,-7.333155390698586,72.37678494300012,"{""type"":""Point"",""coordinates"":[72.37675851141266,-7.333189351266753]}"
152,1552,1185,870,701,0.25662779808044434,677,508,-7.290001738261005,72.3995722564232,"{""type"":""Point"",""coordinates"":[72.39960093339583,-7.2899871004760115]}"
153,4140,4462,3067,1067,0.6140350699424744,898,654,-7.305254338253259,72.41188366160351,"{""type"":""Point"",""coordinates"":[72.41185712444573,-7.305227004062947]}"
154,1245,968,808,674,0.17904993891716003,603,458,-7.324178093273454,72.38697458142612,"{""type"":""Point"",""coordinates"":[72.38695923818314,-7.324148463172498]}"
155,2194,2155,1544,892,0.41450607776641846,883,663,-7.2982141221821815,72.413372275297,"{""type"":""Point"",""coordinates"":[72.41333759103725,-7.2982183734262325]}"
156,1648,1440,1182,954,0.2030075192451477,1060,871,-7.348458655336145,72.42901352193502,"{""type"":""Point"",""coordinates"":[72.42897461527176,-7.3484872304744675]}"
157,1319,1030,888,672,0.21034078299999237,776,576,-7.333699682015797,72.37714379998584,"{""type"":""Point"",""coordinates"":[72.37713673956428,-7.333688956883024]}"
158,1189,861,742,534,0.23440860211849213,588,461,-7.33187695644865,72.42132457043816,"{""type"":""Point"",""coordinates"":[72.42133237827069,-7.3318572591754965]}"
159,1265,953,811,590,0.23525599481529488,605,455,-7.305034593178315,72.37387214811187,"{""type"":""Point"",""coordinates"":[72.37386281109983,-7.305006831298417]}"
160,1278,956,792,598,0.23037323355674744,573,438,-7.3079198755586665,72.37276922156049,"{""type"":""Point"",""coordinates"":[72.37276914807316,-7.3079042316102765]}"
161,1254,937,817,629,0.19667944312095642,542,384,-7.334944901571476,72.40483334273183,"{""type"":""Point"",""coordinates"":[72.40485004888602,-7.334922517600892]}"
162,1762,1482,1096,991,0.19854427874088287,772,528,-7.347557583482432,72.42947129398125,"{""type"":""Point"",""coordinates"":[72.42942756907485,-7.347566732873051]}"
163,1442,1030,813,670,0.21176470816135406,673,503,-7.30449538594601,72.43723047019989,"{""type"":""Point"",""coordinates"":[72.43719783795052,-7.304455592633443]}"
164,2357,2275,1233,740,0.5091210603713989,698,517,-7.34182173461721,72.43783182216724,"{""type"":""Point"",""coordinates"":[72.43782035546528,-7.341832478639524]}"
165,1668,1225,891,676,0.2887953817844391,667,519,-7.295356593957243,72.41936211215987,"{""type"":""Point"",""coordinates"":[72.41934933574002,-7.295393139398006]}"
167,1295,1008,855,697,0.18240469208211144,644,468,-7.29383906793189,72.37556654638932,"{""type"":""Point"",""coordinates"":[72.3755226552435,-7.2938087372543405]}"
169,1434,1081,876,789,0.1561497300863266,568,409,-7.336692979971955,72.39459518361582,"{""type"":""Point"",""coordinates"":[72.39456724810697,-7.336687716569704]}"
170,1400,1057,866,713,0.19435028731822968,696,518,-7.2811515427961035,72.41636633489895,"{""type"":""Point"",""coordinates"":[72.41637241026736,-7.281128490612518]}"
171,1501,1108,842,661,0.2526851296424866,714,529,-7.28828012126443,72.39876765900188,"{""type"":""Point"",""coordinates"":[72.39881280908203,-7.288254127725113]}"
172,1235,943,821,623,0.20434227585792542,616,450,-7.343086119113075,72.40623437226091,"{""type"":""Point"",""coordinates"":[72.40626988765439,-7.34312001812538]}"
173,1128,823,722,473,0.270061731338501,650,504,-7.3324863479577935,72.37054361490804,"{""type"":""Point"",""coordinates"":[72.3705766733524,-7.332449730040307]}"
174,1594,1189,890,692,0.2642211616039276,706,536,-7.312437929511517,72.43546546436505,"{""type"":""Point"",""coordinates"":[72.43546547547871,-7.312401184930286]}"
175,1345,1013,824,677,0.19881656765937805,637,488,-7.284456331151676,72.42539784417521,"{""type"":""Point"",""coordinates"":[72.42541017876566,-7.284488230455716]}"
176,1710,1331,986,749,0.2798076868057251,769,577,-7.295969488565319,72.41591935131105,"{""type"":""Point"",""coordinates"":[72.41592359646381,-7.295932081808849]}"
177,1273,1008,891,668,0.20286396145820618,610,450,-7.324133866637658,72.37937201604072,"{""type"":""Point"",""coordinates"":[72.37937289130916,-7.324175594429479]}"
178,1270,910,724,597,0.20769740641117096,582,443,-7.31174406927434,72.3932920123497,"{""type"":""Point"",""coordinates"":[72.39327072494936,-7.311719889164522]}"
179,1561,1157,794,629,0.2956326901912689,626,474,-7.295992777280136,72.41999201194999,"{""type"":""Point"",""coordinates"":[72.42003306783694,-7.29598124679202]}"
180,1276,952,823,646,0.19148936867713928,635,461,-7.312265728121068,72.3741919158011,"{""type"":""Point"",""coordinates"":[72.37415603150627,-7.312269123410979]}"
181,1188,870,722,558,0.21848739683628082,542,429,-7.313117980335983,72.38088446379999,"{""type"":""Point"",""coordinates"":[72.38092864798573,-7.31312864016644]}"
182,2518,2299,1166,682,0.5424354076385498,690,519,-7.321212830389379,72.43704456305387,"{""type"":""Point"",""coordinates"":[72.43700036569162,-7.321248054172804]}"
183,1858,1447,1198,1159,0.11051420122385025,928,780,-7.347047529252267,72.41933628694184,"{""type"":""Point"",""coordinates"":[72.41934357872648,-7.347039072626962]}"
184,3090,2965,1342,718,0.6101004481315613,685,516,-7.302736039207943,72.41397982964138,"{""type"":""Point"",""coordinates"":[72.41396725694717,-7.302758230749316]}"
185,1324,997,819,656,0.2062915861606598,688,487,-7.347151951673183,72.42177964519601,"{""type"":""Point"",""coordinates"":[72.42180087316413,-7.347160385032964]}"
186,1254,1018,881,672,0.2047337293624878,605,460,-7.316033800583682,72.38503082983439,"{""type"":""Point"",""coordinates"":[72.38502532026173,-7.316008898341621]}"
187,2599,2677,1867,873,0.508169014084507,841,633,-7.280214707215786,72.37917539738119,"{""type"":""Point"",""coordinates"":[72.3791705945647,-7.280249504365826]}"
188,1586,1176,837,678,0.268608421087265,665,490,-7.314253516537919,72.43690328028867,"{""type"":""Point"",""coordinates"":[72.43688399348677,-7.3142848418913395]}"
189,1378,1014,811,724,0.1668584644794464,614,454,-7.345711815537696,72.42278363678733,"{""type"":""Point"",""coordinates"":[72.42275634269542,-7.345716099147199]}"
190,1309,959,762,618,0.21623335778713226,655,494,-7.2857954820894095,72.43842298170713,"{""type"":""Point"",""coordinates"":[72.43838242474821,-7.285769383912648]}"
192,1783,1450,938,730,0.3302752375602722,689,513,-7.281507030557365,72.38387394512729,"{""type"":""Point"",""coordinates"":[72.38389953354748,-7.281483628166506]}"
193,1253,981,800,648,0.20441989600658417,597,443,-7.345771924937529,72.4018740420388,"{""type"":""Point"",""coordinates"":[72.4018356124843,-7.345791127094236]}"
194,1229,922,752,593,0.21716171503067017,572,431,-7.3155644903134736,72.39761426399254,"{""type"":""Point"",""coordinates"":[72.397653918334,-7.31559483243145]}"
195,1253,938,720,600,0.21976593136787415,575,421,-7.33284872302752,72.40176804933007,"{""type"":""Point"",""coordinates"":[72.40173969888671,-7.332866530746475]}"
196,1521,1080,760,667,0.23640526831150055,568,406,-7.344836725808651,72.42776711229459,"{""type"":""Point"",""coordinates"":[72.42776128844974,-7.344848593829636]}"
197,1957,1539,1261,1146,0.14636871218681335,1154,794,-7.298555584571712,72.42567928724185,"{""type"":""Point"",""coordinates"":[72.42569344593315,-7.298566482356206]}"
198,3996,4412,3347,1086,0.6049472689628601,876,653,-7.305685894527389,72.40835136708124,"{""type"":""Point"",""coordinates"":[72.40836366620825,-7.305655732043715]}"
199,1256,1006,826,635,0.22608165442943573,588,443,-7.325435675811372,72.40126796364035,"{""type"":""Point"",""coordinates"":[72.40130829198218,-7.325422983622222]}"
200,1097,758,646,447,0.2580913007259369,554,436,-7.338443432598105,72.38480957304303,"{""type"":""Point"",""coordinates"":[72.38483074777758,-7.338407630962984]}"
201,1209,923,721,579,0.22902795672416687,566,416,-7.336195935616531,72.38681397801373,"{""type"":""Point"",""coordinates"":[72.3868081130938,-7.336235989883664]}"
202,1290,998,789,657,0.20604228973388672,598,446,-7.342378226303203,72.37772653076708,"{""type"":""Point"",""coordinates"":[72.37776305441159,-7.342334456479216]}"
203,2408,2314,1949,1266,0.2927374243736267,800,478,-7.33426020830736,72.42719430503297,"{""type"":""Point"",""coordinates"":[72.42720525350241,-7.334259120303615]}"
204,3911,4413,3236,1142,0.5888388752937317,934,679,-7.3064155780044215,72.40952376459244,"{""type"":""Point"",""coordinates"":[72.40950839183091,-7.306444839108471]}"
205,1826,1830,1456,1048,0.27171647548675537,779,573,-7.3070587281817305,72.3956723791634,"{""type"":""Point"",""coordinates"":[72.39564469905505,-7.307058129115623]}"
206,1543,1193,838,662,0.2862533628940582,655,496,-7.308257332994082,72.43132586363916,"{""type"":""Point"",""coordinates"":[72.43129092203533,-7.308290926534708]}"
207,1393,1065,867,709,0.20067644119262695,644,473,-7.290513472185406,72.4258157727458,"{""type"":""Point"",""coordinates"":[72.42578148456651,-7.290513139778279]}"
208,1287,956,829,655,0.1868404746055603,661,486,-7.278396605682174,72.44045609999657,"{""type"":""Point"",""coordinates"":[72.44042468530203,-7.278383546192904]}"
209,1112,777,578,474,0.24220623075962067,494,512,-7.341946382511334,72.41230550242702,"{""type"":""Point"",""coordinates"":[72.41232943348892,-7.34197573406677]}"
210,1647,1255,948,712,0.27605491876602173,760,561,-7.293884340003646,72.4147547416739,"{""type"":""Point"",""coordinates"":[72.41472831239601,-7.293871891217382]}"
211,1363,1010,801,643,0.22202056646347046,639,471,-7.297227411680545,72.43048378148549,"{""type"":""Point"",""coordinates"":[72.43052758061307,-7.297240682248454]}"
212,1252,975,827,625,0.21875,624,459,-7.320920574255983,72.40183718935639,"{""type"":""Point"",""coordinates"":[72.4018076895096,-7.320916681523482]}"
213,1403,1039,802,610,0.26015767455101013,613,459,-7.285102251720581,72.39616141369208,"{""type"":""Point"",""coordinates"":[72.39616905996637,-7.285144084039991]}"
214,1392,1071,823,636,0.25483304262161255,610,449,-7.327608449815371,72.41763810111172,"{""type"":""Point"",""coordinates"":[72.41766883280604,-7.327630206090662]}"
216,1249,915,768,621,0.19140625,611,450,-7.326125649652892,72.41122026398054,"{""type"":""Point"",""coordinates"":[72.41118014506597,-7.326169786723765]}"
217,1169,870,752,558,0.21848739683628082,581,431,-7.314930508555497,72.38177896983896,"{""type"":""Point"",""coordinates"":[72.3818005684743,-7.314932050818517]}"
219,1929,2064,1630,1007,0.34418755769729614,830,615,-7.322373459113157,72.41875439450487,"{""type"":""Point"",""coordinates"":[72.41877202900729,-7.322389622694843]}"
220,1721,1305,937,705,0.2985074520111084,697,523,-7.296700183514038,72.41727275555897,"{""type"":""Point"",""coordinates"":[72.41726173878732,-7.296682310799447]}"
221,1292,964,776,589,0.2414681315422058,592,449,-7.291801276447238,72.4297906942774,"{""type"":""Point"",""coordinates"":[72.42978283311662,-7.291797128336094]}"
222,1227,854,704,586,0.18611110746860504,588,431,-7.330176582864955,72.37734545078837,"{""type"":""Point"",""coordinates"":[72.37733239137887,-7.330170735078982]}"
223,1326,982,762,610,0.23366834223270416,631,481,-7.299358312796251,72.43970347193923,"{""type"":""Point"",""coordinates"":[72.4397365231811,-7.299339884179889]}"
224,1893,1546,1318,1225,0.11584265530109406,1146,923,-7.343866488088696,72.41618658011025,"{""type"":""Point"",""coordinates"":[72.41614656182934,-7.343905699531243]}"
225,1644,1220,869,695,0.27415144443511963,676,513,-7.307434745729078,72.42970139006083,"{""type"":""Point"",""coordinates"":[72.42968436289976,-7.307432219918019]}"
227,1525,1167,905,716,0.2395114153623581,724,542,-7.2821808655912665,72.39101966529887,"{""type"":""Point"",""coordinates"":[72.39105747399272,-7.282208988360962]}"
228,1294,978,786,626,0.21945136785507202,604,448,-7.3187502519982734,72.40157822689756,"{""type"":""Point"",""coordinates"":[72.40159275331082,-7.318715746589157]}"
229,1264,917,623,450,0.341623991727829,305,214,-7.2970012796324015,72.42252042684323,"{""type"":""Point"",""coordinates"":[72.42252924739438,-7.297022587330626]}"
230,1433,1062,837,660,0.23344947397708893,646,480,-7.305223981388249,72.4382219247852,"{""type"":""Point"",""coordinates"":[72.438244370315,-7.3052481147587285]}"
231,1641,1219,784,665,0.29405519366264343,650,478,-7.3258894187470105,72.4172859540417,"{""type"":""Point"",""coordinates"":[72.41730323656601,-7.325877426289565]}"
233,1231,898,693,572,0.22176870703697205,568,430,-7.327008070531904,72.37636838479516,"{""type"":""Point"",""coordinates"":[72.37633358119925,-7.326974190912715]}"
234,1336,943,772,658,0.17801374197006226,606,446,-7.338996111599208,72.41784398353887,"{""type"":""Point"",""coordinates"":[72.41787421781129,-7.338960675187942]}"
235,1205,926,820,581,0.22893165051937103,624,474,-7.313791513786019,72.3879401433873,"{""type"":""Point"",""coordinates"":[72.38798521189617,-7.313758516887333]}"
236,1191,908,777,560,0.23705722391605377,583,436,-7.321186442267074,72.40093054476428,"{""type"":""Point"",""coordinates"":[72.40093572395519,-7.321215067445718]}"
237,2074,1900,1125,852,0.3808139534883721,821,604,-7.277404534374051,72.37765321867404,"{""type"":""Point"",""coordinates"":[72.37761930023343,-7.2774023117449405]}"
238,1469,1179,834,673,0.2732181425485961,631,480,-7.286227547987692,72.37199082548993,"{""type"":""Point"",""coordinates"":[72.3719923642922,-7.286233546375814]}"
239,1378,1035,830,679,0.20770128071308136,675,503,-7.2818682672120065,72.41527618712983,"{""type"":""Point"",""coordinates"":[72.41524447350079,-7.281824385278305]}"
240,1399,1047,925,736,0.1744251251220703,835,646,-7.3491326660035625,72.37379479601822,"{""type"":""Point"",""coordinates"":[72.37382470517036,-7.34911224658321]}"
241,1079,732,513,410,0.28196147084236145,311,226,-7.348299775063808,72.37045067541341,"{""type"":""Point"",""coordinates"":[72.3704886837581,-7.348270989777155]}"
242,1246,940,771,640,0.18987341225147247,600,454,-7.322462985026875,72.37177903020776,"{""type"":""Point"",""coordinates"":[72.37178077835605,-7.322466152304078]}"
243,1395,994,795,744,0.14384350180625916,651,478,-7.336087221348099,72.41487378504549,"{""type"":""Point"",""coordinates"":[72.41486258939298,-7.336071401876129]}"
244,1270,1045,886,694,0.20184013801035078,599,421,-7.2963046229962405,72.37998685977985,"{""type"":""Point"",""coordinates"":[72.37999930700781,-7.296276954931323]}"
245,4059,4295,2723,949,0.6380625367164612,852,636,-7.304717856660192,72.41288233686798,"{""type"":""Point"",""coordinates"":[72.41284239897557,-7.304742304828301]}"
246,1627,1191,822,661,0.2861770987510681,638,488,-7.2948076724102675,72.41818867585052,"{""type"":""Point"",""coordinates"":[72.41816504170401,-7.294783967547491]}"
247,1299,1021,848,695,0.18997669219970703,622,454,-7.299839821332873,72.38186687751401,"{""type"":""Point"",""coordinates"":[72.3818930036593,-7.299849919202391]}"
248,1405,1050,819,645,0.23893804848194122,631,481,-7.303767303819041,72.43632952562484,"{""type"":""Point"",""coordinates"":[72.43634627229142,-7.303781975171121]}"
249,1310,1077,936,717,0.20066890120506287,660,477,-7.327589251209955,72.39863064019059,"{""type"":""Point"",""coordinates"":[72.39862834840773,-7.327610336169611]}"
250,1506,1278,1229,881,0.18388143181800842,874,730,-7.3462243374348475,72.41762122097012,"{""type"":""Point"",""coordinates"":[72.41764436164058,-7.346210054810916]}"
251,1302,983,861,664,0.19368548876745598,615,452,-7.294301922750607,72.37746441795856,"{""type"":""Point"",""coordinates"":[72.3774557227211,-7.294333638895813]}"
252,1247,940,764,633,0.19516846537590027,575,407,-7.307458178489616,72.38661936611123,"{""type"":""Point"",""coordinates"":[72.38658495604638,-7.307451325203967]}"
253,1165,898,815,597,0.2013377994298935,582,418,-7.330533210383361,72.4076647992623,"{""type"":""Point"",""coordinates"":[72.40770042213909,-7.3305785115199935]}"
254,1419,1103,895,716,0.2127542644739151,695,519,-7.279016032646119,72.390675963456,"{""type"":""Point"",""coordinates"":[72.39069477087304,-7.279000264163612]}"
255,1287,984,754,659,0.1978088915348053,614,474,-7.338431302206985,72.3827278509189,"{""type"":""Point"",""coordinates"":[72.38273191589971,-7.3384394120397465]}"
256,1272,975,745,658,0.19412125647068024,562,410,-7.325268456085218,72.37248666127003,"{""type"":""Point"",""coordinates"":[72.37252884902935,-7.325236369708513]}"
257,1385,1047,865,684,0.20970536768436432,668,509,-7.277277450288065,72.40263218577702,"{""type"":""Point"",""coordinates"":[72.40261960076246,-7.27730941497002]}"
258,4212,4519,2961,1035,0.6272956132888794,929,698,-7.304349643783005,72.41170785365398,"{""type"":""Point"",""coordinates"":[72.4116946070621,-7.304308299830813]}"
259,1212,889,750,593,0.19973009824752808,600,449,-7.343313198490928,72.39862979213818,"{""type"":""Point"",""coordinates"":[72.3985855641732,-7.343341214996581]}"
260,1214,901,747,593,0.20615796744823456,616,479,-7.329192339894746,72.41020691061503,"{""type"":""Point"",""coordinates"":[72.41024339106836,-7.329195429509497]}"
261,3599,3865,2489,1062,0.5689060091972351,985,717,-7.321896536787715,72.43016167954691,"{""type"":""Point"",""coordinates"":[72.43012734355152,-7.321881484361632]}"
262,1158,919,784,552,0.2494901427600272,580,441,-7.304247652418367,72.37840200853324,"{""type"":""Point"",""coordinates"":[72.37840311525109,-7.3042856343797995]}"
263,1319,1078,958,706,0.20852017402648926,745,565,-7.348591550375309,72.37397900421546,"{""type"":""Point"",""coordinates"":[72.37398366868577,-7.348608310515818]}"
264,3644,3553,1658,790,0.6361961960792542,776,572,-7.330776786726476,72.43436495667747,"{""type"":""Point"",""coordinates"":[72.43439746081431,-7.330754941175508]}"
265,1264,997,845,658,0.20483383536338806,581,435,-7.311974265249239,72.3862310679801,"{""type"":""Point"",""coordinates"":[72.38620294470552,-7.312013740950159]}"
266,1362,1015,804,682,0.19622863829135895,677,512,-7.287050881156185,72.43669623192714,"{""type"":""Point"",""coordinates"":[72.43672705421888,-7.2870353284268115]}"
267,1328,992,773,632,0.2216748744249344,593,440,-7.2990866966464765,72.4396145087432,"{""type"":""Point"",""coordinates"":[72.43958865208482,-7.299113435292015]}"
268,1240,919,759,583,0.22370173037052155,587,447,-7.3380622322439395,72.41259950979922,"{""type"":""Point"",""coordinates"":[72.41256416066726,-7.338076262361931]}"
270,2985,3244,2234,895,0.5675283670425415,855,628,-7.283748836864975,72.38087438853084,"{""type"":""Point"",""coordinates"":[72.38091782931308,-7.2837465304374795]}"
271,1366,1013,905,743,0.15375854074954987,884,682,-7.335588316069223,72.37559403894767,"{""type"":""Point"",""coordinates"":[72.37560535191878,-7.335557814973003]}"
273,1266,958,806,633,0.2042740434408188,611,431,-7.326432977873624,72.3862373553596,"{""type"":""Point"",""coordinates"":[72.38619494244386,-7.326438702657764]}"
274,1270,955,766,647,0.19225966930389404,590,433,-7.302735127131002,72.3824835637725,"{""type"":""Point"",""coordinates"":[72.3824743008845,-7.302731290481194]}"
275,1724,1406,967,776,0.28872594237327576,786,584,-7.278146827608512,72.3809974144563,"{""type"":""Point"",""coordinates"":[72.38097033423632,-7.278119600096606]}"
276,1259,1027,929,663,0.2153846174478531,638,477,-7.334541626440242,72.41325345589112,"{""type"":""Point"",""coordinates"":[72.41321627444101,-7.334530003949332]}"
277,1389,1031,815,695,0.19466975331306458,614,438,-7.341173800417223,72.40371104723268,"{""type"":""Point"",""coordinates"":[72.40370648314496,-7.341151735849821]}"
279,1336,1005,820,655,0.21084336936473846,642,474,-7.296657545774743,72.4415290012223,"{""type"":""Point"",""coordinates"":[72.44149288427839,-7.296663097136938]}"
280,1667,1305,884,700,0.30174562335014343,653,496,-7.291250688884813,72.39675941669452,"{""type"":""Point"",""coordinates"":[72.39671655333849,-7.29122400442103]}"
282,3383,3308,1744,736,0.6360039710998535,706,527,-7.335218208803945,72.43669292196465,"{""type"":""Point"",""coordinates"":[72.43673598491529,-7.335222831708039]}"
283,1275,970,760,638,0.2064676616915423,629,457,-7.2911848607945675,72.36978985927536,"{""type"":""Point"",""coordinates"":[72.36975920854753,-7.291142444026624]}"
284,3172,3193,1897,852,0.5787391662597656,824,612,-7.330227866391466,72.43319141081028,"{""type"":""Point"",""coordinates"":[72.43320713969058,-7.330235280192516]}"
285,1566,1192,874,713,0.2514435648918152,703,516,-7.286348579739362,72.39289610825081,"{""type"":""Point"",""coordinates"":[72.39290386838863,-7.286390290869381]}"
286,1210,925,819,592,0.2195121943950653,622,483,-7.33204815264061,72.38837688219687,"{""type"":""Point"",""coordinates"":[72.38840706697523,-7.332017516386096]}"
287,1297,1050,823,682,0.2124711275100708,589,453,-7.335330165009523,72.39333593534838,"{""type"":""Point"",""coordinates"":[72.39329350284753,-7.335317042613191]}"
288,1365,1034,835,653,0.22584469616413116,661,494,-7.281912023354346,72.4071306453684,"{""type"":""Point"",""coordinates"":[72.407134048813,-7.281916379714854]}"
289,1408,1038,838,637,0.23940297961235046,655,492,-7.303516248596201,72.43986082545969,"{""type"":""Point"",""coordinates"":[72.43987015259198,-7.3035324177433045]}"
290,1186,862,703,565,0.2081289440393448,581,448,-7.339141740464245,72.39611966137288,"{""type"":""Point"",""coordinates"":[72.39608634855234,-7.339101423790594]}"
291,1273,957,775,613,0.21910828351974487,587,438,-7.319122156472818,72.40338627611663,"{""type"":""Point"",""coordinates"":[72.4033875720126,-7.319086547524491]}"
292,1600,1189,852,679,0.27301928400993347,672,500,-7.29325385096678,72.4151203843753,"{""type"":""Point"",""coordinates"":[72.41510839934493,-7.293241145066836]}"
293,1124,884,739,527,0.2530120611190796,649,484,-7.302112031186669,72.38411628645922,"{""type"":""Point"",""coordinates"":[72.38415095120736,-7.302131845887101]}"
294,1216,935,814,634,0.19184193015098572,601,437,-7.327985152462909,72.37346634533041,"{""type"":""Point"",""coordinates"":[72.37347257332797,-7.3279929001604405]}"
295,3273,3301,3135,1862,0.2787139117717743,700,400,-7.300968227858168,72.38946275497688,"{""type"":""Point"",""coordinates"":[72.38947556961645,-7.300956964692752]}"
296,1277,949,822,665,0.17596034705638885,659,469,-7.319541145268283,72.38211410945559,"{""type"":""Point"",""coordinates"":[72.38214017891899,-7.319513940106166]}"
297,1393,1067,851,671,0.2278480976819992,664,491,-7.306769995046339,72.43993280808427,"{""type"":""Point"",""coordinates"":[72.43993604523,-7.306778923784471]}"
299,1348,1072,872,664,0.23502303659915924,650,492,-7.279843988120071,72.4089525838373,"{""type"":""Point"",""coordinates"":[72.40899382324801,-7.279873550785489]}"
301,1367,1025,863,671,0.2087264209985733,688,516,-7.286471685923818,72.43018311580093,"{""type"":""Point"",""coordinates"":[72.4302079362708,-7.286477315753975]}"
303,1277,945,777,617,0.20998719334602356,603,449,-7.277522786055873,72.4297815830338,"{""type"":""Point"",""coordinates"":[72.42976342940462,-7.27755855387254]}"
304,1312,1003,816,701,0.17723004519939423,600,428,-7.332183163354802,72.39606962056145,"{""type"":""Point"",""coordinates"":[72.39607703178064,-7.332188169359]}"
305,3277,3263,1617,686,0.6525702476501465,672,500,-7.332237122691205,72.43689101548946,"{""type"":""Point"",""coordinates"":[72.43690605732958,-7.332199127500172]}"
306,1244,944,828,610,0.21492920815944672,634,469,-7.307204882344332,72.37413098646692,"{""type"":""Point"",""coordinates"":[72.37415628649721,-7.307164917897012]}"
309,2139,1742,943,716,0.41741251945495605,689,513,-7.293920213341253,72.40525145090781,"{""type"":""Point"",""coordinates"":[72.40526965864346,-7.293949785177056]}"
310,1505,1168,906,731,0.23012112081050873,695,512,-7.296471991898234,72.4247861334383,"{""type"":""Point"",""coordinates"":[72.4247428958207,-7.296444140752432]}"
312,1323,1047,914,726,0.18104906380176544,641,461,-7.341943854461672,72.38071601065039,"{""type"":""Point"",""coordinates"":[72.38067208717696,-7.34194764255357]}"
313,1205,923,780,610,0.20417481660842896,615,483,-7.339737494878622,72.38978023918007,"{""type"":""Point"",""coordinates"":[72.38981131318884,-7.339770972938418]}"
315,1544,1173,880,700,0.25253602862358093,720,545,-7.284443623826007,72.39164009063614,"{""type"":""Point"",""coordinates"":[72.39165299707051,-7.28440234179824]}"
316,1185,881,730,566,0.21769177913665771,553,428,-7.309573757743813,72.39303308259792,"{""type"":""Point"",""coordinates"":[72.3929997448579,-7.3096067908581785]}"
319,1251,919,772,614,0.19895629584789276,591,438,-7.332011872254257,72.39769983876617,"{""type"":""Point"",""coordinates"":[72.39773765729612,-7.331987279596353]}"
320,1204,952,862,602,0.22522522509098053,626,475,-7.320130262094865,72.4058242253715,"{""type"":""Point"",""coordinates"":[72.40578466728452,-7.3201222679227165]}"
322,1209,827,604,567,0.18651363253593445,562,428,-7.305106623053541,72.38627101263461,"{""type"":""Point"",""coordinates"":[72.3862586532013,-7.305083969217239]}"
323,1187,933,739,568,0.24317121505737305,561,425,-7.331876674047605,72.40557522578467,"{""type"":""Point"",""coordinates"":[72.40555208318746,-7.331857668145115]}"
324,1348,1005,797,642,0.22040073573589325,607,458,-7.295527424389725,72.43348023006567,"{""type"":""Point"",""coordinates"":[72.43346107357709,-7.295516652911665]}"
325,1405,1059,891,683,0.21584385633468628,684,505,-7.292627960444499,72.4321391526897,"{""type"":""Point"",""coordinates"":[72.43216449190764,-7.292652077267505]}"
326,1773,1355,875,678,0.3330053985118866,662,500,-7.298519408963,72.41934397855677,"{""type"":""Point"",""coordinates"":[72.419328112634,-7.298479218987786]}"
327,1378,1047,829,640,0.24125666916370392,669,495,-7.283862522379133,72.41635080489282,"{""type"":""Point"",""coordinates"":[72.41635343706712,-7.283832206300479]}"
328,1497,1155,875,722,0.23068726062774658,662,504,-7.285196263677233,72.39679439079565,"{""type"":""Point"",""coordinates"":[72.3967581364492,-7.2851740534313585]}"
329,1280,1031,860,748,0.15907813608646393,599,455,-7.318307889775328,72.37207489492215,"{""type"":""Point"",""coordinates"":[72.37206134137516,-7.31833895674141]}"
330,1865,1448,961,732,0.3284403681755066,742,567,-7.304773820364316,72.42265691124759,"{""type"":""Point"",""coordinates"":[72.42264363983482,-7.30473620551936]}"
331,1146,867,763,525,0.24568966031074524,621,476,-7.341117374781068,72.37845802516004,"{""type"":""Point"",""coordinates"":[72.37843465860725,-7.341094907872103]}"
332,1543,1190,826,727,0.24152320623397827,602,454,-7.313124648486461,72.39762840450778,"{""type"":""Point"",""coordinates"":[72.39760029067396,-7.313136184423785]}"
333,1450,1096,900,684,0.23146067559719086,678,516,-7.305751268058418,72.43559413543183,"{""type"":""Point"",""coordinates"":[72.43561005813133,-7.305778911896894]}"
334,1765,1343,900,681,0.3270750939846039,698,521,-7.296961441286512,72.41555163053714,"{""type"":""Point"",""coordinates"":[72.41557741484935,-7.296936515423072]}"
335,1291,894,600,421,0.35969582200050354,400,306,-7.313455651025114,72.43962317838397,"{""type"":""Point"",""coordinates"":[72.4396031272531,-7.31345273520346]}"
336,1460,1088,814,649,0.25273460149765015,664,508,-7.289203941391677,72.41803978612052,"{""type"":""Point"",""coordinates"":[72.41804877178319,-7.2891678756013345]}"
337,1729,1274,873,716,0.2804020047187805,740,570,-7.297624023075851,72.42079722522287,"{""type"":""Point"",""coordinates"":[72.42079005533706,-7.297649418824317]}"
338,2264,2382,2110,1598,0.19698492462311556,1780,877,-7.288436717442667,72.37894660120513,"{""type"":""Point"",""coordinates"":[72.3789175870706,-7.288421460093267]}"
339,1630,1279,920,723,0.2777222692966461,706,513,-7.282252428022961,72.38776118733682,"{""type"":""Point"",""coordinates"":[72.38774186055774,-7.282207288541144]}"
341,1457,1193,871,763,0.21983639895915985,653,480,-7.34827947895212,72.42928610636939,"{""type"":""Point"",""coordinates"":[72.42929937662613,-7.348291829782003]}"
342,1213,914,699,533,0.26330339908599854,568,442,-7.321420899740036,72.39459346727611,"{""type"":""Point"",""coordinates"":[72.39455761816346,-7.3214382947319185]}"
343,1154,901,783,530,0.25925925925925924,582,445,-7.2956389620597095,72.37428900634812,"{""type"":""Point"",""coordinates"":[72.37427144541087,-7.29567617191119]}"
345,1345,994,780,611,0.2386292815208435,595,446,-7.281336080363555,72.40125128519186,"{""type"":""Point"",""coordinates"":[72.401272658684,-7.281340225525979]}"
347,1209,897,747,550,0.23980650305747986,576,435,-7.3100151047226305,72.39122037037895,"{""type"":""Point"",""coordinates"":[72.39121942779406,-7.310023708438992]}"
348,1317,995,859,649,0.210462287068367,699,528,-7.279560562974709,72.42262017637337,"{""type"":""Point"",""coordinates"":[72.42262537253524,-7.279543461332197]}"
349,2615,2234,1764,1170,0.3125734329223633,774,516,-7.317613592198722,72.40819203802204,"{""type"":""Point"",""coordinates"":[72.40820625207026,-7.317600332981831]}"
350,1591,1190,838,641,0.2998361587524414,662,502,-7.291029567950106,72.40544911371597,"{""type"":""Point"",""coordinates"":[72.40547829261963,-7.290996878262998]}"
351,1399,1052,865,723,0.1853521168231964,674,497,-7.278072898596509,72.41529793049239,"{""type"":""Point"",""coordinates"":[72.41532586018347,-7.278057993907392]}"
352,1472,1097,827,650,0.25586721301078796,652,477,-7.289296375481392,72.41840127729066,"{""type"":""Point"",""coordinates"":[72.41840757042186,-7.289256551460003]}"
353,1305,1096,791,668,0.24263039231300354,592,435,-7.34228985082927,72.42488523311013,"{""type"":""Point"",""coordinates"":[72.42489175886786,-7.342303386991603]}"
354,1223,955,799,583,0.24187256395816803,594,438,-7.348257639376293,72.37868770527541,"{""type"":""Point"",""coordinates"":[72.3786976145971,-7.348215217255397]}"
355,1308,950,736,651,0.18675827980041504,585,428,-7.323012547733575,72.40417835683986,"{""type"":""Point"",""coordinates"":[72.40420755378956,-7.322984917712925]}"
356,1331,992,828,654,0.20534630119800568,634,474,-7.279355068948808,72.41827718886873,"{""type"":""Point"",""coordinates"":[72.418321834279,-7.279371534459054]}"
357,1297,1002,855,678,0.19285714626312256,599,431,-7.327829417053383,72.39328907101347,"{""type"":""Point"",""coordinates"":[72.39332661532119,-7.32778624629595]}"
358,2206,2287,1806,1099,0.3508564531803131,807,561,-7.326009382427452,72.42244448915366,"{""type"":""Point"",""coordinates"":[72.42245304359582,-7.326021848785982]}"
359,1198,857,713,556,0.21302193403244019,597,459,-7.308924412144785,72.37457346976763,"{""type"":""Point"",""coordinates"":[72.37456730838313,-7.308881995554053]}"
360,1933,1961,1545,1072,0.29310911893844604,770,530,-7.346114828923015,72.43002269533983,"{""type"":""Point"",""coordinates"":[72.43001815722944,-7.346101475482477]}"
361,1272,981,784,653,0.20073439180850983,646,483,-7.34651938885307,72.42178329355293,"{""type"":""Point"",""coordinates"":[72.42178296495001,-7.346502838487894]}"
363,1457,1152,879,707,0.2393760085105896,634,458,-7.298317284766173,72.38422885522222,"{""type"":""Point"",""coordinates"":[72.38424028070196,-7.298313037438544]}"
364,1386,1156,1072,810,0.17599186301231384,971,798,-7.345957315983507,72.38711901639581,"{""type"":""Point"",""coordinates"":[72.38707549916892,-7.3459381094049725]}"
365,2911,3017,2070,949,0.5214321613311768,808,593,-7.295888991470643,72.40189140040063,"{""type"":""Point"",""coordinates"":[72.40186365282173,-7.2958968750544075]}"
367,1221,900,725,592,0.20643430948257446,500,351,-7.34083536000655,72.40769566090947,"{""type"":""Point"",""coordinates"":[72.40772528643413,-7.340831170463957]}"
369,1302,972,788,660,0.19117647409439087,585,413,-7.318286054460122,72.38384109499337,"{""type"":""Point"",""coordinates"":[72.38385409805318,-7.318260186542705]}"
370,1356,967,843,641,0.20273631811141968,639,489,-7.2862555214548985,72.43986846427768,"{""type"":""Point"",""coordinates"":[72.43990788727262,-7.286279379823879]}"
372,1505,1219,840,684,0.28113505244255066,625,452,-7.314768979029217,72.4006961818621,"{""type"":""Point"",""coordinates"":[72.4007363112834,-7.314742524685498]}"
373,1234,907,748,581,0.21908602150537634,563,434,-7.300319917534399,72.37118455087669,"{""type"":""Point"",""coordinates"":[72.37120130222793,-7.300313317591647]}"
374,3337,3283,1824,849,0.5890609622001648,864,658,-7.319113238756259,72.43334554801704,"{""type"":""Point"",""coordinates"":[72.43334864280651,-7.319121176858368]}"
375,2370,2082,1026,740,0.47554925084114075,759,562,-7.343365212633964,72.43909022631257,"{""type"":""Point"",""coordinates"":[72.43912460072377,-7.3433794543648405]}"
376,1245,947,774,629,0.2017766535282135,609,463,-7.321006235523804,72.40102209923965,"{""type"":""Point"",""coordinates"":[72.40106297517337,-7.3209930661095575]}"
377,1339,1030,828,736,0.16647791862487793,605,459,-7.320145317852511,72.39279068072176,"{""type"":""Point"",""coordinates"":[72.39279223266968,-7.320122581503139]}"
378,1191,919,805,583,0.22370173037052155,596,454,-7.308815060575117,72.37131589343151,"{""type"":""Point"",""coordinates"":[72.37127115623198,-7.308832263092928]}"
379,1171,832,640,534,0.21815519034862518,546,435,-7.314881652205697,72.38892939301978,"{""type"":""Point"",""coordinates"":[72.3889579061645,-7.3148594862919705]}"
380,1627,1215,941,726,0.2519319951534271,749,551,-7.29169171917464,72.41060408382621,"{""type"":""Point"",""coordinates"":[72.410627738271,-7.2916519270569795]}"
381,1120,911,861,570,0.23024983119513842,646,465,-7.299865468180337,72.37073468611072,"{""type"":""Point"",""coordinates"":[72.37073176196553,-7.299909237784097]}"
382,1252,943,824,605,0.2183462530374527,624,474,-7.348522377222485,72.37759997977113,"{""type"":""Point"",""coordinates"":[72.37759833017593,-7.348492146687187]}"
383,1851,1538,973,780,0.3270060420036316,743,555,-7.284228406541663,72.3856681954559,"{""type"":""Point"",""coordinates"":[72.38565535377263,-7.284255829094927]}"
384,1298,978,799,651,0.2007366418838501,584,433,-7.307880062400916,72.38145803835764,"{""type"":""Point"",""coordinates"":[72.38148479323003,-7.30790682720919]}"
385,1394,1058,877,677,0.21959653496742249,674,495,-7.295743095970917,72.43963352932849,"{""type"":""Point"",""coordinates"":[72.43965041061841,-7.295783619476534]}"
386,1244,937,711,588,0.22885246574878693,564,430,-7.332767776169502,72.40339775127086,"{""type"":""Point"",""coordinates"":[72.40339625487012,-7.3327647679447825]}"
387,2356,2317,1966,1381,0.25310978293418884,834,512,-7.296783724847507,72.38469029008026,"{""type"":""Point"",""coordinates"":[72.38470930603977,-7.296825766229617]}"
388,1301,962,803,637,0.20325203239917755,630,464,-7.323236559023628,72.41168950230043,"{""type"":""Point"",""coordinates"":[72.41168544254785,-7.323203924695632]}"
389,1364,991,793,748,0.13973547518253326,583,436,-7.328315309300479,72.3991694964071,"{""type"":""Point"",""coordinates"":[72.39921427792875,-7.328352949554333]}"
390,3017,2990,1744,810,0.5736842155456543,761,570,-7.3209288365293785,72.43478336499217,"{""type"":""Point"",""coordinates"":[72.43477357256789,-7.32090748363649]}"
391,1506,1145,894,701,0.24052004516124725,748,535,-7.301840763099795,72.43127201357301,"{""type"":""Point"",""coordinates"":[72.4312785441293,-7.3018129809639865]}"
392,1221,935,761,545,0.2635135054588318,542,424,-7.348204427311508,72.40059268030785,"{""type"":""Point"",""coordinates"":[72.40055002423446,-7.348203110287613]}"
393,1217,912,781,585,0.21843686699867249,607,456,-7.3291401061979515,72.40115597358638,"{""type"":""Point"",""coordinates"":[72.40117168562652,-7.329123832274864]}"
394,3512,3779,2668,1195,0.5195013880729675,902,659,-7.326592506890208,72.42959168581352,"{""type"":""Point"",""coordinates"":[72.4295602350728,-7.326595471589431]}"
395,1358,1107,923,697,0.22727273404598236,649,473,-7.345557062760018,72.42731038209722,"{""type"":""Point"",""coordinates"":[72.42735241892348,-7.345542135271567]}"
396,1176,881,784,544,0.23649122807017545,564,404,-7.293007913145403,72.37249429292666,"{""type"":""Point"",""coordinates"":[72.37250437014809,-7.293019990869889]}"
398,1335,1018,778,609,0.2513829171657562,620,470,-7.285127646062396,72.41634355552496,"{""type"":""Point"",""coordinates"":[72.41631034995682,-7.285141240577359]}"
399,1269,976,857,654,0.19754600524902344,633,458,-7.33149018226607,72.3856647885237,"{""type"":""Point"",""coordinates"":[72.38563327000493,-7.331466740235063]}"
400,1318,981,792,623,0.2231920212507248,640,483,-7.284715684505605,72.43924366822282,"{""type"":""Point"",""coordinates"":[72.43923816273355,-7.284678269260331]}"
401,1572,1161,868,721,0.23379383981227875,681,520,-7.308001694706847,72.4340426242896,"{""type"":""Point"",""coordinates"":[72.434003165056,-7.3079672950723324]}"
402,1355,1049,830,663,0.22546729445457458,642,483,-7.27920365568098,72.40759872375173,"{""type"":""Point"",""coordinates"":[72.40758912569784,-7.279214203985425]}"
403,1370,1066,865,692,0.21274174749851227,679,509,-7.290753377724163,72.43622263656034,"{""type"":""Point"",""coordinates"":[72.43620738725019,-7.290763908854321]}"
404,1231,1030,908,593,0.2692544758319855,594,470,-7.337122203328165,72.39070062214525,"{""type"":""Point"",""coordinates"":[72.39067894166932,-7.337132050418879]}"
406,1141,882,831,546,0.23529411852359772,666,512,-7.309724617205654,72.3878732857984,"{""type"":""Point"",""coordinates"":[72.38785803865525,-7.309718630512174]}"
408,1374,1024,785,638,0.23225030303001404,638,481,-7.302700372106636,72.43941292296189,"{""type"":""Point"",""coordinates"":[72.43944622576204,-7.302713966411263]}"
409,1440,1062,823,642,0.246478870511055,647,488,-7.302128858737267,72.43425715881766,"{""type"":""Point"",""coordinates"":[72.43427751746874,-7.302155467982175]}"
410,1880,1546,935,740,0.3525809347629547,684,506,-7.28077417603148,72.38215867575781,"{""type"":""Point"",""coordinates"":[72.38213010045081,-7.28080060104872]}"
411,1589,1370,928,755,0.2894117534160614,697,509,-7.321177400952469,72.41505030330683,"{""type"":""Point"",""coordinates"":[72.41508248849553,-7.321158736381076]}"
413,1215,876,744,577,0.20578114246386786,555,419,-7.298985547557156,72.37481250714426,"{""type"":""Point"",""coordinates"":[72.37483184183074,-7.29894563243862]}"
415,1493,1373,979,747,0.2952830195426941,667,478,-7.318065939532228,72.408279936092,"{""type"":""Point"",""coordinates"":[72.40824703343206,-7.318055494872263]}"
416,1221,882,689,551,0.2309839427471161,560,421,-7.345277246656078,72.37897672377946,"{""type"":""Point"",""coordinates"":[72.37895135534234,-7.345302441723856]}"
417,1180,896,780,546,0.24271844327449799,581,433,-7.305478499688511,72.37251197529505,"{""type"":""Point"",""coordinates"":[72.37249985496373,-7.305463640437861]}"
418,1439,1023,791,765,0.14429530501365662,685,437,-7.3437066676344225,72.37310256749825,"{""type"":""Point"",""coordinates"":[72.37306811585948,-7.343722979507517]}"
419,3190,3174,1911,971,0.5314837098121643,924,710,-7.317938467034081,72.43335226688409,"{""type"":""Point"",""coordinates"":[72.4333466344528,-7.317974438560089]}"
420,1383,1029,818,639,0.23381294310092926,661,497,-7.3050560933543744,72.44048562760744,"{""type"":""Point"",""coordinates"":[72.4405084635534,-7.305071222475173]}"
421,1342,1042,878,672,0.21586930751800537,680,501,-7.28741440337984,72.43705618900454,"{""type"":""Point"",""coordinates"":[72.43708790024603,-7.287424478359495]}"
422,1135,900,782,496,0.28939828276634216,591,451,-7.3401756379069045,72.37194664406766,"{""type"":""Point"",""coordinates"":[72.37192310046842,-7.3401372695073555]}"
423,1188,857,673,534,0.2322070449590683,510,397,-7.323309635979993,72.39304381941946,"{""type"":""Point"",""coordinates"":[72.39306821539373,-7.323318331150127]}"
426,3630,3927,2436,891,0.6301369667053223,848,639,-7.328863056405979,72.43156997358618,"{""type"":""Point"",""coordinates"":[72.43157807974909,-7.328907785212536]}"
427,1376,1042,874,685,0.206716850399971,655,484,-7.29863742539169,72.44006960794539,"{""type"":""Point"",""coordinates"":[72.44009927564123,-7.298618839356193]}"
428,2729,2587,1665,689,0.579365074634552,514,394,-7.301349398358427,72.40855737254677,"{""type"":""Point"",""coordinates"":[72.40858239658259,-7.301389761988374]}"
429,1359,1033,821,729,0.17253121733665466,637,469,-7.335630038534552,72.38274423032169,"{""type"":""Point"",""coordinates"":[72.3827185107693,-7.335651814025185]}"
430,1291,1012,857,680,0.19621749222278595,626,464,-7.335216345980084,72.42058122453078,"{""type"":""Point"",""coordinates"":[72.4205477729212,-7.3351919080376735]}"
432,1314,973,821,685,0.17370325326919556,648,477,-7.346849730389444,72.36973509837566,"{""type"":""Point"",""coordinates"":[72.36972436718231,-7.346890534827185]}"
433,2904,3084,2173,956,0.5267326732673268,878,650,-7.278753688815408,72.37655937631587,"{""type"":""Point"",""coordinates"":[72.37653215900971,-7.2787703260634435]}"
434,1253,956,769,629,0.20630915462970734,549,431,-7.346191451956046,72.3807816450003,"{""type"":""Point"",""coordinates"":[72.38074620649995,-7.346191190649273]}"
435,3954,4139,2368,870,0.6526252627372742,800,594,-7.336472497094386,72.43478490538641,"{""type"":""Point"",""coordinates"":[72.43474749804021,-7.3364445488436525]}"
436,1272,908,678,610,0.19631093740463257,577,464,-7.335512694280102,72.40926522669709,"{""type"":""Point"",""coordinates"":[72.40925107083527,-7.335511948850013]}"
437,1128,858,730,527,0.23898917436599731,370,223,-7.3473599501980855,72.41082590962526,"{""type"":""Point"",""coordinates"":[72.41080617984089,-7.347357670734006]}"
438,1324,984,805,668,0.19128328561782837,663,498,-7.278442629129394,72.41674385877006,"{""type"":""Point"",""coordinates"":[72.41675371007818,-7.278435597572529]}"
439,1209,939,736,611,0.21161290322580645,585,427,-7.300164476666243,72.37552966366168,"{""type"":""Point"",""coordinates"":[72.37556153102013,-7.3001685504749405]}"
440,1428,1035,823,659,0.22195985913276672,689,519,-7.303319581480197,72.43705615252732,"{""type"":""Point"",""coordinates"":[72.43704480377009,-7.303309388861924]}"
441,1208,884,728,583,0.20518064076346285,550,410,-7.301524131949002,72.37624576908695,"{""type"":""Point"",""coordinates"":[72.37624972059079,-7.301489368297635]}"
442,2651,2350,2221,2137,0.047470469027757645,2106,1737,-7.345029246777187,72.41409798719788,"{""type"":""Point"",""coordinates"":[72.41407076269527,-7.345010258662607]}"
443,1139,843,638,471,0.2831050157546997,519,446,-7.3489938421668475,72.41208367964188,"{""type"":""Point"",""coordinates"":[72.41209266969751,-7.348996265589873]}"
444,1233,905,661,597,0.20505991578102112,609,486,-7.334505329104183,72.39134946133409,"{""type"":""Point"",""coordinates"":[72.39130852234314,-7.334546920535645]}"
445,1355,1007,809,620,0.23786109685897827,599,435,-7.2798506902933555,72.39438169861673,"{""type"":""Point"",""coordinates"":[72.39438980198997,-7.279823566111177]}"
446,1624,1243,892,728,0.26128867268562317,699,522,-7.292916836439647,72.40362814265676,"{""type"":""Point"",""coordinates"":[72.40360650709663,-7.292882990886812]}"
447,1609,1197,887,737,0.23784901201725006,762,584,-7.292598486764548,72.41114190297887,"{""type"":""Point"",""coordinates"":[72.41110385973597,-7.2925904741432035]}"
448,1298,949,762,658,0.18108277022838593,648,483,-7.330777273420273,72.38738866518642,"{""type"":""Point"",""coordinates"":[72.38737912209604,-7.3307521021883755]}"
449,3278,3351,1963,774,0.6247272491455078,740,561,-7.329047926556005,72.43229302752944,"{""type"":""Point"",""coordinates"":[72.43233412261188,-7.329032045014001]}"
450,2000,1603,1468,1336,0.09084722399711609,1320,1020,-7.329882240332879,72.37336471555724,"{""type"":""Point"",""coordinates"":[72.3734087449597,-7.329858244203194]}"
451,1233,942,822,623,0.20383386313915253,636,469,-7.313244082281253,72.38703824858906,"{""type"":""Point"",""coordinates"":[72.38701530349877,-7.3132151218675325]}"
452,1256,913,759,584,0.21977287530899048,574,420,-7.339752321877115,72.42363261747468,"{""type"":""Point"",""coordinates"":[72.42362348177525,-7.339747388710404]}"
453,1358,1000,842,703,0.17439812421798706,669,485,-7.3458847447722855,72.4214248860155,"{""type"":""Point"",""coordinates"":[72.42143102920409,-7.345912254577214]}"
454,1368,1073,853,674,0.22839152812957764,675,493,-7.290825761225679,72.43305449178516,"{""type"":""Point"",""coordinates"":[72.43301638079407,-7.290798328206038]}"
455,1029,727,527,386,0.30637916922569275,280,198,-7.347906845081095,72.41163739084978,"{""type"":""Point"",""coordinates"":[72.41160816077662,-7.347907018864238]}"
456,1370,1025,817,694,0.1925538033246994,691,514,-7.288195345453245,72.4313498641374,"{""type"":""Point"",""coordinates"":[72.43138466991009,-7.288211280903199]}"
457,2927,2999,1993,899,0.5387378334999084,871,663,-7.2993810940285755,72.41200796447352,"{""type"":""Point"",""coordinates"":[72.41199950275188,-7.299395429967237]}"
458,1118,819,655,489,0.25229358673095703,465,342,-7.343593623239321,72.38468895244114,"{""type"":""Point"",""coordinates"":[72.38470411911733,-7.343601474849392]}"
459,1564,1357,1317,1001,0.15097540616989136,1160,898,-7.346727084530415,72.39517034703054,"{""type"":""Point"",""coordinates"":[72.39514416760024,-7.346732545143341]}"
460,1184,931,860,567,0.2429906576871872,644,449,-7.34540364930508,72.40069948217916,"{""type"":""Point"",""coordinates"":[72.40067141566429,-7.345381546085142]}"
461,2427,2496,2084,1343,0.30033862590789795,821,557,-7.316522956509174,72.40711221597496,"{""type"":""Point"",""coordinates"":[72.40709359106623,-7.316508703219696]}"
462,1481,1155,802,656,0.2755383849143982,614,448,-7.310038661061638,72.39529307805803,"{""type"":""Point"",""coordinates"":[72.39530986456252,-7.310057450405257]}"
463,1280,927,730,614,0.20311486721038818,580,433,-7.323767749340801,72.39412728175243,"{""type"":""Point"",""coordinates"":[72.39415667206649,-7.323767757526327]}"
464,1301,1001,835,693,0.18181818181818182,598,439,-7.2929222873524475,72.37330931740853,"{""type"":""Point"",""coordinates"":[72.37328257609455,-7.29291954026378]}"
466,1202,833,652,556,0.19942404329776764,536,402,-7.3068986748978695,72.38363590646533,"{""type"":""Point"",""coordinates"":[72.38361226135986,-7.306863955121836]}"
468,2404,2499,1717,934,0.4558695018933877,899,660,-7.277761267835828,72.37683664568901,"{""type"":""Point"",""coordinates"":[72.37680505368542,-7.2777608599501065]}"
469,1258,961,726,575,0.2513020932674408,628,470,-7.341017449727777,72.42362533245817,"{""type"":""Point"",""coordinates"":[72.42359066479756,-7.340974758403734]}"
470,2925,3125,2186,1147,0.46301499009132385,931,582,-7.307988668674619,72.4159408087286,"{""type"":""Point"",""coordinates"":[72.41593964033834,-7.307973609245798]}"
471,1512,1162,906,728,0.22962963581085205,724,553,-7.283361862667779,72.39209885902147,"{""type"":""Point"",""coordinates"":[72.3920677240623,-7.283400814581339]}"
472,1327,987,749,612,0.23452158272266388,598,445,-7.303494752172806,72.3888145483604,"{""type"":""Point"",""coordinates"":[72.38885219305277,-7.303473484061385]}"
473,1324,1009,864,647,0.21859903633594513,692,518,-7.2810280628183754,72.42641295981329,"{""type"":""Point"",""coordinates"":[72.42642576515205,-7.281015564045955]}"
474,1195,815,704,478,0.260634183883667,483,355,-7.338756961874423,72.40770770211363,"{""type"":""Point"",""coordinates"":[72.40774642438927,-7.3387146321581485]}"
475,1507,1254,1107,905,0.1616489142179489,898,668,-7.338598686365913,72.4116007460595,"{""type"":""Point"",""coordinates"":[72.4116337790837,-7.338563081088684]}"
476,1420,1167,940,754,0.2149921953678131,649,473,-7.345647429276906,72.42730986210854,"{""type"":""Point"",""coordinates"":[72.42732446736206,-7.345648549078454]}"
477,1413,1101,902,710,0.21590282022953033,723,530,-7.278298857357952,72.39167562269444,"{""type"":""Point"",""coordinates"":[72.39169874500442,-7.2782804416054585]}"
478,2541,2171,946,674,0.5261862874031067,662,494,-7.327913418504918,72.439359637651,"{""type"":""Point"",""coordinates"":[72.43931900100567,-7.327950585610301]}"
479,1398,1036,858,738,0.16798196166854565,625,446,-7.296298845194709,72.37899135036746,"{""type"":""Point"",""coordinates"":[72.37897447521965,-7.296326698380936]}"
480,1361,995,748,684,0.18522930145263672,567,428,-7.336932006247634,72.38907249929755,"{""type"":""Point"",""coordinates"":[72.38906693895679,-7.336929119657598]}"
481,1473,1103,895,714,0.21408915519714355,701,514,-7.309208891161467,72.43973789392061,"{""type"":""Point"",""coordinates"":[72.4397735038348,-7.3092202077479]}"
482,1247,906,712,594,0.20800000429153442,561,400,-7.3163688763509285,72.39607094481902,"{""type"":""Point"",""coordinates"":[72.39607686014071,-7.3163312218968315]}"
483,1261,974,862,620,0.22208280861377716,638,469,-7.313064929511981,72.38731081447584,"{""type"":""Point"",""coordinates"":[72.38729279286107,-7.3130886724777735]}"
484,1175,867,757,499,0.26939970717423134,572,426,-7.296250963063793,72.37075580358814,"{""type"":""Point"",""coordinates"":[72.3707161093433,-7.296285412478306]}"
485,1401,1041,829,728,0.17693611979484558,655,469,-7.300578473132255,72.38457773016677,"{""type"":""Point"",""coordinates"":[72.38454640039686,-7.3005601698101]}"
486,1532,1158,892,748,0.215110182762146,723,540,-7.287738453839807,72.39886128905977,"{""type"":""Point"",""coordinates"":[72.39883104099724,-7.287723326926755]}"
487,1271,1027,902,638,0.2336336374282837,638,464,-7.339663748974584,72.40824553717155,"{""type"":""Point"",""coordinates"":[72.40825542151147,-7.339634622906292]}"
488,1716,1266,924,768,0.24483776092529297,710,534,-7.307069150164631,72.42897940420316,"{""type"":""Point"",""coordinates"":[72.42896635658047,-7.307107783366771]}"
489,1701,1240,841,680,0.2916666567325592,677,504,-7.310895504473586,72.43438814160909,"{""type"":""Point"",""coordinates"":[72.43438521088235,-7.310889084533235]}"
490,1259,900,708,591,0.20724345743656158,585,417,-7.313983676808392,72.37436288528139,"{""type"":""Point"",""coordinates"":[72.37440254721787,-7.31399661378431]}"
491,1743,1286,633,458,0.4747706353664398,364,257,-7.323940856416754,72.44001592355062,"{""type"":""Point"",""coordinates"":[72.44000484500981,-7.323944822782776]}"
492,1311,1025,804,692,0.19394291937351227,625,471,-7.3446258611586535,72.42251834610352,"{""type"":""Point"",""coordinates"":[72.4225311919248,-7.344637409241529]}"
493,1835,1801,1327,949,0.3098181818181818,807,580,-7.284786476304284,72.37281373603624,"{""type"":""Point"",""coordinates"":[72.37284218437713,-7.28482128798749]}"
494,1412,1077,896,726,0.1946755349636078,706,539,-7.277736024788006,72.40380607053714,"{""type"":""Point"",""coordinates"":[72.4038185264799,-7.277719652133287]}"
498,1288,975,789,653,0.19778870046138763,573,435,-7.341224844709281,72.39692216603693,"{""type"":""Point"",""coordinates"":[72.39693633273254,-7.341205019014591]}"
499,1703,1340,892,711,0.3066796660423279,710,524,-7.284879776429302,72.38892249633466,"{""type"":""Point"",""coordinates"":[72.38889630808332,-7.284864478516528]}"
500,1067,735,572,393,0.30319148302078247,533,405,-7.331435817833932,72.40747855030057,"{""type"":""Point"",""coordinates"":[72.40745874228553,-7.3314581426583025]}"
501,1500,1116,816,635,0.2747001647949219,610,451,-7.288803132395853,72.4111637135418,"{""type"":""Point"",""coordinates"":[72.41115982164965,-7.288832602916657]}"
502,1679,1419,1015,769,0.29707494378089905,705,495,-7.332537541926017,72.42620854149203,"{""type"":""Point"",""coordinates"":[72.42621464236461,-7.332570596915854]}"
503,1403,1064,834,691,0.21253561973571777,651,478,-7.292449283905304,72.43250219868536,"{""type"":""Point"",""coordinates"":[72.43250530434752,-7.292431452097188]}"
504,1212,926,758,605,0.2096668779850006,581,411,-7.3282789601935185,72.37735655737346,"{""type"":""Point"",""coordinates"":[72.37732899572723,-7.328269139032811]}"
505,2120,1885,1323,1021,0.29731589555740356,727,497,-7.328911996077187,72.42432858200658,"{""type"":""Point"",""coordinates"":[72.42431982492411,-7.328930364967469]}"
506,1286,949,786,643,0.1922110617160797,624,471,-7.280049976337253,72.42922416382895,"{""type"":""Point"",""coordinates"":[72.42926298271625,-7.280012919711586]}"
507,1350,1047,846,670,0.21956901252269745,690,520,-7.281022914097224,72.42550794840113,"{""type"":""Point"",""coordinates"":[72.42552311290046,-7.281061504828811]}"
508,3062,3301,2284,914,0.5663108229637146,839,642,-7.2833941943361795,72.38205296722697,"{""type"":""Point"",""coordinates"":[72.38202001373804,-7.283369409438036]}"
509,1880,1480,933,714,0.34913399815559387,703,533,-7.300417615287577,72.41942359908359,"{""type"":""Point"",""coordinates"":[72.41945728824584,-7.300447536441684]}"
510,1382,1024,800,742,0.15968289971351624,653,474,-7.3403203259812075,72.4124054230725,"{""type"":""Point"",""coordinates"":[72.41239293567759,-7.340333308704319]}"
512,1527,1254,1145,879,0.17580871284008026,1095,875,-7.346208173412439,72.41481530018899,"{""type"":""Point"",""coordinates"":[72.41483156321934,-7.3462503933324745]}"
513,1206,971,898,635,0.209215447306633,699,542,-7.34907129411766,72.39425152815535,"{""type"":""Point"",""coordinates"":[72.39420675822488,-7.349072862313779]}"
516,1217,880,725,539,0.24031007289886475,561,411,-7.316418722735243,72.37353407624528,"{""type"":""Point"",""coordinates"":[72.37353364006614,-7.3164373419377915]}"
517,1456,965,670,614,0.22229258716106415,562,397,-7.32433083653344,72.4134029122813,"{""type"":""Point"",""coordinates"":[72.41338428219296,-7.324371913800456]}"
518,1415,1058,805,684,0.21469575200918484,592,427,-7.293859562869409,72.37909605442107,"{""type"":""Point"",""coordinates"":[72.37905879608375,-7.293853286633957]}"
519,1632,1222,836,627,0.3217955529689789,631,460,-7.3109729837893225,72.43212493352175,"{""type"":""Point"",""coordinates"":[72.4321693175665,-7.310954409689105]}"
520,1290,962,798,605,0.227823868393898,637,475,-7.288206141723377,72.43325042783177,"{""type"":""Point"",""coordinates"":[72.43329014292738,-7.288219008610181]}"
522,1445,1263,937,745,0.25796812749003983,684,510,-7.286327376547818,72.37361926923688,"{""type"":""Point"",""coordinates"":[72.37357902501648,-7.2863242139078075]}"
524,2008,1664,932,695,0.4107672870159149,696,534,-7.344733634969896,72.44134533848111,"{""type"":""Point"",""coordinates"":[72.4413130761578,-7.344726156093789]}"
525,1647,1213,874,686,0.2775144875049591,659,489,-7.310428718838573,72.43176600275629,"{""type"":""Point"",""coordinates"":[72.43180298336759,-7.31044452077899]}"
526,2643,2591,1530,521,0.6651670932769775,505,361,-7.304273294431608,72.41415200543608,"{""type"":""Point"",""coordinates"":[72.4141417353189,-7.304248026527232]}"
527,1569,1260,1172,907,0.1628980189561844,973,786,-7.344421709250824,72.41844627952446,"{""type"":""Point"",""coordinates"":[72.41840977395681,-7.344463573052077]}"
529,1239,921,749,574,0.2321070283651352,562,417,-7.318775545392492,72.37478739713949,"{""type"":""Point"",""coordinates"":[72.37477565626456,-7.3187886836377825]}"
530,1250,906,721,599,0.20398670434951782,605,453,-7.322024382420612,72.37404431650504,"{""type"":""Point"",""coordinates"":[72.37403494220784,-7.3219891861186195]}"
531,2136,1862,1059,807,0.3952791392803192,770,561,-7.288677678018253,72.38935301060687,"{""type"":""Point"",""coordinates"":[72.38932590385096,-7.288696696371603]}"
532,1328,966,772,691,0.1659625768661499,606,432,-7.328035836194265,72.3977229317049,"{""type"":""Point"",""coordinates"":[72.39773323612033,-7.328028781707953]}"
535,1731,1392,991,786,0.27823692560195923,795,592,-7.279510133614907,72.38234701191594,"{""type"":""Point"",""coordinates"":[72.38238482004675,-7.2795231761766255]}"
536,1329,1032,836,707,0.18688902258872986,617,446,-7.318302084384994,72.40221439138355,"{""type"":""Point"",""coordinates"":[72.40222182009704,-7.318332118518598]}"
537,1233,1025,870,642,0.22975404560565948,670,502,-7.339104304674466,72.40526179944486,"{""type"":""Point"",""coordinates"":[72.40528796657603,-7.33912474086475]}"
538,1292,1028,862,696,0.19257541000843048,621,447,-7.327013878314538,72.37736396012245,"{""type"":""Point"",""coordinates"":[72.3773829495218,-7.3270262750628845]}"
539,1232,978,856,628,0.21793274581432343,647,486,-7.342231448020421,72.39908865664059,"{""type"":""Point"",""coordinates"":[72.39911283488092,-7.342244687020925]}"
540,1221,928,812,589,0.2234673649072647,664,528,-7.345151949447087,72.38848143892685,"{""type"":""Point"",""coordinates"":[72.3884879850809,-7.3451849774324565]}"
541,1209,931,789,596,0.21938441693782806,600,453,-7.3291794215026576,72.37680822508322,"{""type"":""Point"",""coordinates"":[72.3767656758551,-7.329135643597079]}"
542,3388,3756,2632,966,0.5908513069152832,854,631,-7.28393218394375,72.38132583124062,"{""type"":""Point"",""coordinates"":[72.38129033835276,-7.283973703766473]}"
543,1235,1038,927,673,0.21332554519176483,694,483,-7.337854053552361,72.39223507944243,"{""type"":""Point"",""coordinates"":[72.39227039087095,-7.337856312826507]}"
544,1343,1000,811,624,0.23152709007263184,621,472,-7.2890261263971485,72.43442233833994,"{""type"":""Point"",""coordinates"":[72.43440934182469,-7.289037484959089]}"
545,3434,3773,2891,1284,0.49218904972076416,938,597,-7.31067090689612,72.42669604231362,"{""type"":""Point"",""coordinates"":[72.42666526520745,-7.310628931364407]}"
546,2107,2112,1437,1005,0.3551491819056785,859,613,-7.284428704706269,72.37344932825289,"{""type"":""Point"",""coordinates"":[72.37342929521509,-7.284400256582067]}"
548,1544,1226,824,676,0.2891692817211151,630,469,-7.311588451631444,72.39763730530969,"{""type"":""Point"",""coordinates"":[72.39764977415315,-7.31156328436703]}"
549,1211,859,669,535,0.23242467641830444,556,431,-7.327376386064905,72.3775428591138,"{""type"":""Point"",""coordinates"":[72.3775446455991,-7.327349273745531]}"
550,2806,3025,2537,1304,0.39755138754844666,964,645,-7.295510859845995,72.39899741551734,"{""type"":""Point"",""coordinates"":[72.39901003814278,-7.295485558744858]}"
551,3344,3282,1556,687,0.6538170576095581,643,478,-7.327606189880126,72.4330253993989,"{""type"":""Point"",""coordinates"":[72.43304931404575,-7.3275728260776125]}"
552,1233,973,795,606,0.23242558538913727,618,470,-7.3306689243440415,72.4155386546622,"{""type"":""Point"",""coordinates"":[72.41555960055992,-7.330630087369191]}"
553,1635,1274,918,741,0.26451611518859863,726,539,-7.2923824463213025,72.4049887963206,"{""type"":""Point"",""coordinates"":[72.40494679303355,-7.292370207447744]}"
554,1134,848,711,515,0.2443140149116516,549,423,-7.318714161588058,72.3953332615258,"{""type"":""Point"",""coordinates"":[72.39530674527832,-7.318677570937464]}"
555,1361,960,755,621,0.21442125737667084,608,448,-7.29785549954539,72.3825119538172,"{""type"":""Point"",""coordinates"":[72.38252413633766,-7.297890626383026]}"
556,1233,973,795,606,0.23242558538913727,618,470,-7.3306689243440415,72.4155386546622,"{""type"":""Point"",""coordinates"":[72.41556998000144,-7.330683431490143]}"
557,1278,946,746,589,0.23257328569889069,612,456,-7.293485444959506,72.43991788988836,"{""type"":""Point"",""coordinates"":[72.43993405488148,-7.293512626641496]}"
558,1352,1033,785,657,0.22248521447181702,577,447,-7.30595029198561,72.39151548592845,"{""type"":""Point"",""coordinates"":[72.39149663001136,-7.30599109694443]}"
559,1283,943,812,627,0.20127388834953308,618,457,-7.347128878631894,72.38656908027903,"{""type"":""Point"",""coordinates"":[72.38653574953776,-7.347148244420727]}"
560,1300,959,792,632,0.20553110539913177,561,419,-7.329695182558184,72.41907429061024,"{""type"":""Point"",""coordinates"":[72.41905472703027,-7.329714648641511]}"
561,1285,955,791,613,0.21811224520206451,626,471,-7.281328477287399,72.43156999382089,"{""type"":""Point"",""coordinates"":[72.4315341817179,-7.281314034678369]}"
562,1184,923,735,530,0.2704748809337616,592,435,-7.347722338039177,72.3798675308801,"{""type"":""Point"",""coordinates"":[72.37983412080847,-7.347747404902597]}"
563,1592,1120,747,624,0.2844036817550659,585,432,-7.330527694328547,72.42241850258671,"{""type"":""Point"",""coordinates"":[72.4224125176875,-7.330482781750222]}"
564,2326,1884,859,630,0.4988066852092743,593,443,-7.331081434914516,72.44024668530132,"{""type"":""Point"",""coordinates"":[72.4402833468554,-7.331082538462002]}"
566,2571,2486,1249,768,0.5279656052589417,736,539,-7.345161187226701,72.43708854768646,"{""type"":""Point"",""coordinates"":[72.43708763467677,-7.345125787767056]}"
567,1275,964,783,613,0.22257450222969055,623,460,-7.282371760822706,72.44025253663314,"{""type"":""Point"",""coordinates"":[72.44028546296002,-7.282341543916304]}"
568,1369,977,719,632,0.21441888809204102,637,465,-7.337994217266103,72.36978717359727,"{""type"":""Point"",""coordinates"":[72.36974465529089,-7.337949179112982]}"
569,1359,1096,876,780,0.168443500995636,598,418,-7.30347010888236,72.38456091571796,"{""type"":""Point"",""coordinates"":[72.38457059484894,-7.303444510983948]}"
571,1608,1241,905,707,0.2741273045539856,705,528,-7.285523294966709,72.39081932117688,"{""type"":""Point"",""coordinates"":[72.39082288267717,-7.2855045818120985]}"
572,921,623,465,275,0.38752785325050354,290,213,-7.341301294364468,72.41013686823132,"{""type"":""Point"",""coordinates"":[72.4100935528488,-7.341311843554819]}"
573,1393,990,858,689,0.17927338182926178,587,437,-7.338319239078881,72.41015412849909,"{""type"":""Point"",""coordinates"":[72.41011303802266,-7.3383158939604956]}"
574,1387,1043,858,657,0.22705882787704468,672,514,-7.282466204832161,72.4250471889955,"{""type"":""Point"",""coordinates"":[72.42506728660565,-7.282465255188316]}"
575,1325,1019,865,680,0.19952914118766785,673,495,-7.335391187696949,72.37278933959425,"{""type"":""Point"",""coordinates"":[72.37283068377006,-7.335430506632976]}"
578,1630,1278,794,670,0.31211498379707336,603,459,-7.321721155072817,72.41531870458948,"{""type"":""Point"",""coordinates"":[72.41534045602971,-7.321718561574848]}"
579,1216,868,705,592,0.18904109299182892,574,405,-7.320316605767254,72.3911605117485,"{""type"":""Point"",""coordinates"":[72.39113794890635,-7.320279917355744]}"
580,1242,970,834,628,0.21401752531528473,625,450,-7.330926482944832,72.41318382161988,"{""type"":""Point"",""coordinates"":[72.4131507203099,-7.330939169055538]}"
581,1262,961,824,624,0.21261829137802124,667,514,-7.3459524747512175,72.37082653746137,"{""type"":""Point"",""coordinates"":[72.3708006362401,-7.345945247586724]}"
582,1311,952,753,679,0.16738197207450867,607,462,-7.3174453954033964,72.39470706020427,"{""type"":""Point"",""coordinates"":[72.39473241457331,-7.317418534906408]}"
583,1414,1077,778,599,0.28520286083221436,589,443,-7.318412803951012,72.40574364428642,"{""type"":""Point"",""coordinates"":[72.40570564232165,-7.318448318956929]}"
584,1302,933,744,645,0.18250951170921326,534,392,-7.337940017297052,72.40707883407184,"{""type"":""Point"",""coordinates"":[72.40705216535983,-7.337976071394974]}"
585,3403,3638,2196,785,0.6450372934341431,549,399,-7.338992945766073,72.43305064944947,"{""type"":""Point"",""coordinates"":[72.43301304301814,-7.3389721592344985]}"
586,1183,955,809,591,0.23544631898403168,687,514,-7.3347213151023505,72.41307138975306,"{""type"":""Point"",""coordinates"":[72.41302839446227,-7.334724345904382]}"
587,3867,3989,2910,1511,0.45054545998573303,1720,1344,-7.304062958416912,72.40899427463566,"{""type"":""Point"",""coordinates"":[72.40896008425982,-7.304033782927229]}"
588,1222,922,774,577,0.23015344142913818,554,406,-7.30764362696666,72.38743284837848,"{""type"":""Point"",""coordinates"":[72.38744386108026,-7.307640699842637]}"
589,1154,890,773,554,0.23268698155879974,601,438,-7.3135513683662365,72.37771417774692,"{""type"":""Point"",""coordinates"":[72.37774181966321,-7.313594616481285]}"
590,1187,901,740,585,0.2126514131897712,574,421,-7.300798070137572,72.37570697653743,"{""type"":""Point"",""coordinates"":[72.37572763987106,-7.300783875694319]}"
592,1405,1079,864,703,0.21099887788295746,686,504,-7.280296778806546,72.39338360358488,"{""type"":""Point"",""coordinates"":[72.3933812953474,-7.280285458770009]}"
593,2386,2058,1041,728,0.4773869216442108,731,548,-7.339665829055442,72.44010708937009,"{""type"":""Point"",""coordinates"":[72.44015156867631,-7.339641929579046]}"
594,1399,1052,816,642,0.24203069508075714,646,482,-7.287756533196402,72.41777656450805,"{""type"":""Point"",""coordinates"":[72.41779730873246,-7.287795035450248]}"
595,1248,984,845,651,0.2036697268486023,634,446,-7.330045728701595,72.41717148921097,"{""type"":""Point"",""coordinates"":[72.4171814706514,-7.330028286870446]}"
596,1240,903,706,589,0.2104557603597641,637,471,-7.329796418453177,72.38965716791057,"{""type"":""Point"",""coordinates"":[72.38965576370869,-7.329754883784972]}"
597,1171,883,762,557,0.22638888657093048,626,453,-7.32628500342809,72.40750834899202,"{""type"":""Point"",""coordinates"":[72.40754666613874,-7.326276827622251]}"
598,3391,3193,1576,609,0.6796423196792603,573,372,-7.3036371019853785,72.41352210929591,"{""type"":""Point"",""coordinates"":[72.41353288545822,-7.303621674371685]}"
599,1232,941,797,606,0.2165481597185135,577,421,-7.308939691714195,72.37719806062846,"{""type"":""Point"",""coordinates"":[72.37719315068476,-7.3089671769270605]}"
600,3015,2844,1284,690,0.6095076203346252,660,497,-7.335501186095897,72.43877316757136,"{""type"":""Point"",""coordinates"":[72.4387909609729,-7.33545672592285]}"
601,1212,932,765,611,0.20803628861904144,587,432,-7.308375451683925,72.38896721244531,"{""type"":""Point"",""coordinates"":[72.38897647203339,-7.308418524031934]}"
602,1363,1068,770,647,0.24548104405403137,628,455,-7.299952744663273,72.38575793343688,"{""type"":""Point"",""coordinates"":[72.38579745582986,-7.299982269393807]}"
603,1340,1026,846,654,0.22142857313156128,674,505,-7.285192140429555,72.42765626638977,"{""type"":""Point"",""coordinates"":[72.42762280918609,-7.285232584461969]}"
604,1225,958,846,623,0.21189120411872864,609,453,-7.3187247166144935,72.381575820925,"{""type"":""Point"",""coordinates"":[72.38160178103388,-7.318711980037055]}"
605,1384,1057,858,663,0.2290697693824768,666,491,-7.283187510068911,72.40893337786744,"{""type"":""Point"",""coordinates"":[72.40893812678394,-7.2831727271394415]}"
606,2321,1872,878,672,0.4716981053352356,655,493,-7.328642543039177,72.44044164763739,"{""type"":""Point"",""coordinates"":[72.44046914554421,-7.32863273017798]}"
607,1279,1047,754,799,0.13434453308582306,430,192,-7.307460472892698,72.41838758323713,"{""type"":""Point"",""coordinates"":[72.41838458836551,-7.307502779544026]}"
608,1201,888,721,584,0.20652173459529877,587,445,-7.311155741404035,72.38533075726897,"{""type"":""Point"",""coordinates"":[72.38534192352714,-7.3111574909914125]}"
609,1325,983,784,663,0.19441069662570953,537,389,-7.329145709846717,72.41781026957472,"{""type"":""Point"",""coordinates"":[72.41783567242436,-7.329168454454341]}"
610,1827,1338,893,675,0.32935917377471924,662,498,-7.31680130749958,72.43996614832317,"{""type"":""Point"",""coordinates"":[72.43997203630053,-7.316822077169388]}"
611,1249,912,711,595,0.21035169064998627,564,425,-7.328800313524734,72.38930092591255,"{""type"":""Point"",""coordinates"":[72.38933462769609,-7.328817692381319]}"
612,1258,962,821,642,0.19950124621391296,616,456,-7.33003433071632,72.39952156754141,"{""type"":""Point"",""coordinates"":[72.3995351007361,-7.330020071233622]}"
613,1411,1058,857,707,0.1988668590784073,690,519,-7.2819756867268,72.4182621914611,"{""type"":""Point"",""coordinates"":[72.4182272196865,-7.282011705129471]}"
614,1382,1033,826,702,0.19077809154987335,566,446,-7.314692527308211,72.38748236099343,"{""type"":""Point"",""coordinates"":[72.38747465215425,-7.3146647947003]}"
615,1287,959,822,630,0.2070484608411789,632,457,-7.312522222019915,72.3872234638923,"{""type"":""Point"",""coordinates"":[72.38719028334785,-7.312512081197465]}"
616,2081,1617,936,726,0.3802816867828369,732,556,-7.317607923530136,72.43878488675641,"{""type"":""Point"",""coordinates"":[72.43874519893279,-7.317578981154743]}"
617,1398,1083,854,690,0.22165820002555847,668,503,-7.285599113309106,72.41978002280877,"{""type"":""Point"",""coordinates"":[72.41980546797951,-7.285625345739669]}"
618,3597,3544,1626,691,0.6736717820167542,635,468,-7.327967657861784,72.43302332914911,"{""type"":""Point"",""coordinates"":[72.4330010125362,-7.327932247600515]}"
619,1192,932,766,589,0.22550953924655914,564,421,-7.309167216306243,72.38525182296682,"{""type"":""Point"",""coordinates"":[72.38522262634712,-7.309169127700667]}"
620,1417,1089,822,655,0.24885320663452148,670,500,-7.283005622624659,72.39300594065882,"{""type"":""Point"",""coordinates"":[72.3929779129559,-7.283045029045121]}"
621,1344,1021,835,681,0.19976498186588287,664,496,-7.28871386904919,72.42718363918338,"{""type"":""Point"",""coordinates"":[72.42722380916165,-7.288742307145854]}"
622,1318,1033,869,644,0.23196183145046234,667,493,-7.278871607492419,72.42859735072537,"{""type"":""Point"",""coordinates"":[72.42855593574461,-7.278867977344039]}"
623,1298,1004,859,714,0.16880093131548313,574,418,-7.303062934866493,72.37668931762549,"{""type"":""Point"",""coordinates"":[72.37665619134613,-7.303021782804244]}"
624,2438,2051,1050,786,0.4458935558795929,786,591,-7.3263782025696464,72.43954943617064,"{""type"":""Point"",""coordinates"":[72.43956281916044,-7.326340638972472]}"
625,1509,1144,870,711,0.2334231734275818,688,507,-7.299460282853413,72.42585512707387,"{""type"":""Point"",""coordinates"":[72.42587819886222,-7.299475027100839]}"
626,2512,2336,1105,674,0.5521594882011414,669,501,-7.33920314942325,72.43820888449501,"{""type"":""Point"",""coordinates"":[72.43823157099216,-7.339223021678686]}"
627,1554,1143,821,639,0.28282827138900757,644,476,-7.293090717043144,72.41819852014895,"{""type"":""Point"",""coordinates"":[72.41816427433285,-7.293128983445446]}"
628,3840,3984,2283,945,0.6165550947189331,869,656,-7.33592874362667,72.43451647379791,"{""type"":""Point"",""coordinates"":[72.43448115112997,-7.335892028819294]}"
629,1429,1089,821,666,0.2410256415605545,641,477,-7.278376699484386,72.38950314680206,"{""type"":""Point"",""coordinates"":[72.38947874552376,-7.278334404612775]}"
630,1356,1032,822,662,0.2184179425239563,665,502,-7.291243622122072,72.42707868691747,"{""type"":""Point"",""coordinates"":[72.42709996960603,-7.29123565794215]}"
632,1337,999,841,717,0.16433566808700562,602,433,-7.327168812498407,72.40406378159662,"{""type"":""Point"",""coordinates"":[72.40410066035972,-7.3271386798919815]}"
633,2807,3186,2730,2153,0.1934819221496582,1639,874,-7.3068853163175715,72.39694048516286,"{""type"":""Point"",""coordinates"":[72.39696295941873,-7.30685437545217]}"
635,1268,891,726,610,0.18720853328704834,635,458,-7.30799563825383,72.3858016801187,"{""type"":""Point"",""coordinates"":[72.38579091447497,-7.307953766682509]}"
636,1126,863,720,533,0.23638968169689178,554,398,-7.348546180572715,72.38167299273435,"{""type"":""Point"",""coordinates"":[72.38162935135526,-7.348539789193248]}"
637,1348,1035,890,713,0.18421052396297455,622,453,-7.330313876290066,72.38540011938711,"{""type"":""Point"",""coordinates"":[72.38543042310607,-7.330327607935628]}"
639,1163,907,884,564,0.23317471146583557,638,491,-7.338044766136355,72.3939537212235,"{""type"":""Point"",""coordinates"":[72.39395863120085,-7.338037103131764]}"
640,1214,919,741,598,0.2116018384695053,578,409,-7.311921655752209,72.39274793364817,"{""type"":""Point"",""coordinates"":[72.39277238751696,-7.311916021079428]}"
641,1238,942,787,619,0.2069186419248581,541,408,-7.333392481635197,72.40203643370717,"{""type"":""Point"",""coordinates"":[72.4020589270343,-7.333365448610413]}"
642,1986,2125,1719,1133,0.30448126792907715,808,590,-7.3078767125703035,72.39648220608262,"{""type"":""Point"",""coordinates"":[72.39647863714873,-7.307914232660583]}"
643,3891,4102,2346,869,0.6503721475601196,794,593,-7.336833965434756,72.43478283402422,"{""type"":""Point"",""coordinates"":[72.43481759044684,-7.336826423367613]}"
644,1322,1019,832,648,0.2225554883480072,655,494,-7.291092234482183,72.43223841425542,"{""type"":""Point"",""coordinates"":[72.43223468416465,-7.291093062773947]}"
647,1437,1239,839,690,0.28460341691970825,597,445,-7.316869817109053,72.40457593473583,"{""type"":""Point"",""coordinates"":[72.40459596548847,-7.316828213414327]}"
648,1642,1213,809,630,0.316332072019577,618,467,-7.300981017834601,72.42313118616053,"{""type"":""Point"",""coordinates"":[72.42313177662055,-7.300949136591041]}"
649,2831,2496,2554,2248,0.05227655917406082,2521,2262,-7.347280555070825,72.41272721591308,"{""type"":""Point"",""coordinates"":[72.41273513736374,-7.34726514747544]}"
650,3122,2990,2289,1609,0.30028265714645386,802,516,-7.339512357316131,72.42906495479203,"{""type"":""Point"",""coordinates"":[72.4290340086164,-7.339482359677153]}"
651,2176,2340,1938,1233,0.3098236918449402,827,587,-7.3280124797865325,72.42505785964494,"{""type"":""Point"",""coordinates"":[72.4250834678099,-7.3280518184649255]}"
652,1162,851,687,524,0.23781818151474,573,448,-7.322658918543768,72.40553806886835,"{""type"":""Point"",""coordinates"":[72.40552422827126,-7.322682712215929]}"
653,1202,919,781,578,0.22778891026973724,627,462,-7.332803119661564,72.39389371911054,"{""type"":""Point"",""coordinates"":[72.39385922269501,-7.332844448815807]}"
655,1236,972,804,600,0.23664122819900513,606,461,-7.320067531246247,72.39496336618689,"{""type"":""Point"",""coordinates"":[72.39500091687599,-7.3200270738785935]}"
657,1261,977,841,657,0.19583843648433685,605,457,-7.343695109207381,72.4021576545975,"{""type"":""Point"",""coordinates"":[72.40214225694997,-7.343666756512183]}"
658,1394,1081,821,664,0.23896847665309906,650,477,-7.282209023960527,72.39590661336753,"{""type"":""Point"",""coordinates"":[72.39592946664538,-7.282164920821052]}"
659,2829,3224,3067,2800,0.07038512825965881,1971,1144,-7.309890848728182,72.40099593688987,"{""type"":""Point"",""coordinates"":[72.40101548096499,-7.309865003043076]}"
660,1329,994,803,655,0.20557913184165955,639,493,-7.279062271249731,72.41447773733381,"{""type"":""Point"",""coordinates"":[72.4144428556136,-7.27908933674383]}"
661,1379,1063,866,668,0.2281917929649353,692,524,-7.281353225032357,72.40423776995867,"{""type"":""Point"",""coordinates"":[72.40419890321348,-7.281377529034455]}"
662,1319,1003,822,658,0.20770619809627533,652,488,-7.287123277102838,72.4335281123402,"{""type"":""Point"",""coordinates"":[72.4335225545847,-7.287111680332359]}"
663,1204,895,721,587,0.20782725512981415,551,401,-7.300024223060208,72.38249933842559,"{""type"":""Point"",""coordinates"":[72.38247723495337,-7.300006591315695]}"
665,1208,961,877,625,0.21185371279716492,601,454,-7.330318906544619,72.41753196819127,"{""type"":""Point"",""coordinates"":[72.41752917386074,-7.330307822360088]}"
666,3294,3602,3124,3200,0.05910026282072067,1512,672,-7.307891557257882,72.4147647531842,"{""type"":""Point"",""coordinates"":[72.41475134182086,-7.307921546542331]}"
668,1635,1363,1225,1015,0.1463414579629898,1188,882,-7.333872479621572,72.37578511839709,"{""type"":""Point"",""coordinates"":[72.37576303177347,-7.333848633653316]}"
669,1229,886,731,626,0.17195767164230347,580,432,-7.3431703196734475,72.37410136078472,"{""type"":""Point"",""coordinates"":[72.37413464121767,-7.3431545624971015]}"
671,1469,1337,1021,851,0.22212065756320953,624,426,-7.298690797343255,72.38630829452237,"{""type"":""Point"",""coordinates"":[72.38628543138465,-7.2987286228760215]}"
672,2364,2357,1607,837,0.4758923053741455,801,590,-7.29474753259428,72.40769033157768,"{""type"":""Point"",""coordinates"":[72.40764734682246,-7.294779524175764]}"
673,1292,1004,877,667,0.2016756385564804,625,450,-7.347071276777706,72.37670335355867,"{""type"":""Point"",""coordinates"":[72.37669894055892,-7.347052021032865]}"
674,1360,1075,884,705,0.2078651636838913,674,496,-7.293114738838101,72.43829086366873,"{""type"":""Point"",""coordinates"":[72.43825153168872,-7.2931127495387695]}"
675,1575,1243,904,721,0.2657841145992279,700,529,-7.284526678500073,72.39037257727325,"{""type"":""Point"",""coordinates"":[72.3903789474079,-7.284553254604244]}"
676,1171,889,810,506,0.27455195784568787,634,467,-7.300945172390008,72.38548065064472,"{""type"":""Point"",""coordinates"":[72.38546880226764,-7.300907473076115]}"
677,1268,1009,890,701,0.18011696636676788,631,457,-7.343423490974257,72.40206871736751,"{""type"":""Point"",""coordinates"":[72.40204889713249,-7.343451338401742]}"
678,1557,1338,866,688,0.32082921266555786,635,468,-7.326091446375719,72.42099581114188,"{""type"":""Point"",""coordinates"":[72.42103048205536,-7.326051393106207]}"
679,2450,2041,981,752,0.46151092648506165,718,545,-7.320407253740963,72.43840685780042,"{""type"":""Point"",""coordinates"":[72.438400928072,-7.3203672775370405]}"
680,2438,2400,1553,823,0.48929569125175476,805,610,-7.298852904614761,72.4144546856451,"{""type"":""Point"",""coordinates"":[72.41443287076477,-7.298885977627383]}"
681,1307,892,592,496,0.2853025794029236,496,410,-7.301647142043174,72.42901040614504,"{""type"":""Point"",""coordinates"":[72.42898268757673,-7.301621002608939]}"
682,1500,1148,878,709,0.23640279471874237,686,508,-7.286412631911897,72.40402763767005,"{""type"":""Point"",""coordinates"":[72.40401684422731,-7.28639821150462]}"
683,1363,1029,815,667,0.21344339847564697,661,497,-7.290387799849236,72.4355006638071,"{""type"":""Point"",""coordinates"":[72.43547530488144,-7.290385753701702]}"
684,1368,1036,844,677,0.20957385003566742,654,507,-7.28068368439815,72.41356341376508,"{""type"":""Point"",""coordinates"":[72.41354196260185,-7.280655947373452]}"
685,1168,842,752,539,0.21940623223781586,518,404,-7.337944720654383,72.40789343552778,"{""type"":""Point"",""coordinates"":[72.4078939154245,-7.3379252935760695]}"
686,1279,940,719,621,0.20435617864131927,522,375,-7.344935034223731,72.39780572180801,"{""type"":""Point"",""coordinates"":[72.39779146565506,-7.34493201503426]}"
687,3593,3767,2466,855,0.6300302743911743,839,632,-7.29983655455293,72.4126388932077,"{""type"":""Point"",""coordinates"":[72.4125951013483,-7.299814330329992]}"
688,1574,1359,837,671,0.33891624212265015,619,464,-7.320627406739503,72.41369580333266,"{""type"":""Point"",""coordinates"":[72.41365437643833,-7.320586950605121]}"
689,3919,4219,2831,1073,0.5944822430610657,940,681,-7.302250972289709,72.40819014978078,"{""type"":""Point"",""coordinates"":[72.40815339583166,-7.302283659856875]}"
690,1368,1062,889,700,0.20544835925102234,677,503,-7.278931004304083,72.40732878308567,"{""type"":""Point"",""coordinates"":[72.40736107010254,-7.2789016036950915]}"
691,1328,972,760,600,0.23664122819900513,572,429,-7.300981847777058,72.43915117877116,"{""type"":""Point"",""coordinates"":[72.43915677341026,-7.300964443161072]}"
692,3409,3237,1527,885,0.5705968141555786,846,632,-7.295487590332722,72.41067276275963,"{""type"":""Point"",""coordinates"":[72.41066612397293,-7.295483194243757]}"
693,3436,3499,2027,724,0.6571158170700073,652,490,-7.298377729425432,72.41038461714045,"{""type"":""Point"",""coordinates"":[72.41042698294119,-7.298345508039543]}"
694,1436,1078,847,668,0.23482245206832886,669,505,-7.302944736918387,72.43470504995534,"{""type"":""Point"",""coordinates"":[72.43471391741991,-7.302973204956477]}"
695,3480,3547,1780,825,0.6225983500480652,812,613,-7.304468029274292,72.41659460348325,"{""type"":""Point"",""coordinates"":[72.41661267684019,-7.304462336785611]}"
696,959,642,447,317,0.33889469504356384,233,156,-7.348288298555772,72.38393737043165,"{""type"":""Point"",""coordinates"":[72.38394149849279,-7.34832760831798]}"
697,2031,2244,1792,1166,0.31612902879714966,814,593,-7.30815041917721,72.39693315803574,"{""type"":""Point"",""coordinates"":[72.3969768045394,-7.308147271332145]}"
698,1588,1250,782,662,0.3075313866138458,588,436,-7.337696729905628,72.42762713392958,"{""type"":""Point"",""coordinates"":[72.42766162910006,-7.3377060887079155]}"
699,1217,907,718,570,0.22816519439220428,578,462,-7.315774038199321,72.37145617901515,"{""type"":""Point"",""coordinates"":[72.37144486787133,-7.315805585899339]}"
701,2229,2180,1434,821,0.45284906029701233,794,606,-7.336940351558381,72.43758822299685,"{""type"":""Point"",""coordinates"":[72.43757664277213,-7.336922655315682]}"
702,1204,920,751,571,0.23407109081745148,600,449,-7.343312673720938,72.3985392804215,"{""type"":""Point"",""coordinates"":[72.39857961871782,-7.3432784697379185]}"
703,1396,1061,846,690,0.2118789255619049,667,505,-7.281889702612705,72.40323915285838,"{""type"":""Point"",""coordinates"":[72.40323496039109,-7.28186644734812]}"
704,1632,1188,869,698,0.25980910658836365,673,506,-7.308892995858004,72.43186529075969,"{""type"":""Point"",""coordinates"":[72.43190563107561,-7.308911090277208]}"
705,1196,828,641,524,0.2248520702123642,612,462,-7.328722033668085,72.39138314029127,"{""type"":""Point"",""coordinates"":[72.39138837195917,-7.328727303020615]}"
706,1520,1184,812,636,0.30109891295433044,617,451,-7.29235070066116,72.3994681918466,"{""type"":""Point"",""coordinates"":[72.39946203412441,-7.292320066713949]}"
707,2265,2220,1538,866,0.43875566124916077,783,575,-7.309681007452538,72.42742579146466,"{""type"":""Point"",""coordinates"":[72.42743045053608,-7.309678974265586]}"
708,1527,1134,815,657,0.26633167266845703,636,470,-7.289439838330015,72.41188409360892,"{""type"":""Point"",""coordinates"":[72.41187356126045,-7.289477938536913]}"
709,1360,1034,854,656,0.22366863489151,687,510,-7.296999514232911,72.43808774385035,"{""type"":""Point"",""coordinates"":[72.43804700503465,-7.2970196147160635]}"
710,1448,1181,784,642,0.29566648381788263,621,448,-7.2856843193617244,72.37181298996055,"{""type"":""Point"",""coordinates"":[72.37181193570065,-7.2857280963084845]}"
711,1234,980,843,608,0.23425692319869995,602,457,-7.320270245916674,72.39876360819426,"{""type"":""Point"",""coordinates"":[72.39872984496633,-7.320226055412316]}"
712,1160,892,788,564,0.2252747267484665,623,468,-7.3347563260632755,72.40347673438731,"{""type"":""Point"",""coordinates"":[72.40344107041841,-7.334736950492244]}"
713,1175,870,677,557,0.21934127807617188,570,427,-7.342588708518833,72.39836246216109,"{""type"":""Point"",""coordinates"":[72.39840307438429,-7.342573185043438]}"
714,1456,1065,776,642,0.24780316650867462,609,451,-7.3107358808962,72.43809999527326,"{""type"":""Point"",""coordinates"":[72.43813484609107,-7.310703707491273]}"
715,1199,869,720,535,0.23789173364639282,548,391,-7.330095722812484,72.3789751158891,"{""type"":""Point"",""coordinates"":[72.37897571175418,-7.330115565718677]}"
716,1529,1178,902,736,0.23092998564243317,721,536,-7.287292877795525,72.39994990260038,"{""type"":""Point"",""coordinates"":[72.39992361540948,-7.287279343905187]}"
717,3417,3764,2251,889,0.6178809404373169,766,534,-7.345599053081665,72.43464205662426,"{""type"":""Point"",""coordinates"":[72.4346149646358,-7.345614386556829]}"
718,1246,889,731,613,0.18375499334221038,554,401,-7.303442797354718,72.37985478615576,"{""type"":""Point"",""coordinates"":[72.37981987702125,-7.303464855748227]}"
719,1399,1078,875,695,0.21601805090904236,717,538,-7.281254306915066,72.41853783116842,"{""type"":""Point"",""coordinates"":[72.41851746486739,-7.28123316588259]}"
720,1444,1155,773,633,0.29194632172584534,603,453,-7.309586839250439,72.39529569737037,"{""type"":""Point"",""coordinates"":[72.39525156558895,-7.309566910668862]}"
721,1292,979,853,653,0.19975490868091583,648,483,-7.312172200247803,72.37364942222547,"{""type"":""Point"",""coordinates"":[72.37369056680508,-7.312177200791739]}"
722,1323,986,745,646,0.2083333283662796,629,482,-7.331156308056987,72.3748959258228,"{""type"":""Point"",""coordinates"":[72.37487879725371,-7.331183352188144]}"
723,1227,910,767,597,0.20769741207697412,587,442,-7.304594368062289,72.37586583519719,"{""type"":""Point"",""coordinates"":[72.37582847006139,-7.304606298012963]}"
725,2611,2277,942,637,0.5628002882003784,619,458,-7.336958416555377,72.44075618987992,"{""type"":""Point"",""coordinates"":[72.44071207993395,-7.336945364541334]}"
727,1337,1071,944,695,0.21291053295135498,731,545,-7.328527328695602,72.37346316774725,"{""type"":""Point"",""coordinates"":[72.37344487111834,-7.328564749417825]}"
728,1223,882,714,562,0.22160664200782776,578,465,-7.336100304780484,72.38590941175323,"{""type"":""Point"",""coordinates"":[72.38593346372286,-7.336133842665044]}"
729,1376,1031,759,665,0.2158018797636032,592,446,-7.334971731128553,72.42519888687082,"{""type"":""Point"",""coordinates"":[72.4252042536456,-7.334993200309093]}"
730,1286,1008,895,661,0.20790892839431763,639,462,-7.300563253833708,72.38195317250782,"{""type"":""Point"",""coordinates"":[72.38198349297176,-7.300540681673251]}"
731,1254,908,702,507,0.2833922207355499,607,458,-7.343838022660896,72.42695820513494,"{""type"":""Point"",""coordinates"":[72.42692305364449,-7.343873913667457]}"
732,1364,1184,816,654,0.2883569002151489,594,442,-7.31260283592343,72.40116126363465,"{""type"":""Point"",""coordinates"":[72.40113700948703,-7.312583864137993]}"
733,1870,1469,956,696,0.35704389214515686,682,501,-7.299415305878955,72.41798123137711,"{""type"":""Point"",""coordinates"":[72.41799974274986,-7.299374850924427]}"
734,1315,1020,832,716,0.17511520737327188,556,393,-7.296559949528716,72.37727025649215,"{""type"":""Point"",""coordinates"":[72.37730272028301,-7.2965967135371725]}"
735,1231,926,826,619,0.1987054944038391,610,460,-7.308456901171256,72.38742812054407,"{""type"":""Point"",""coordinates"":[72.3874278970013,-7.3084314781330715]}"
736,3485,3335,1488,750,0.6328029632568359,735,551,-7.330426164107941,72.4362677733249,"{""type"":""Point"",""coordinates"":[72.43624245729272,-7.330410762068447]}"
737,3684,4069,2692,1011,0.60196852684021,898,667,-7.343060493801327,72.43320834502137,"{""type"":""Point"",""coordinates"":[72.43321973929724,-7.343090686193707]}"
739,2869,2553,1384,1163,0.3740581274032593,1097,667,-7.317957030639069,72.43661059832361,"{""type"":""Point"",""coordinates"":[72.43657271781213,-7.317963915043392]}"
740,1286,987,811,635,0.21701602637767792,584,436,-7.312277327868101,72.37618299840094,"{""type"":""Point"",""coordinates"":[72.37620515762077,-7.312267802547025]}"
741,1405,1029,725,616,0.25106382369995117,574,438,-7.321699304421615,72.41151735083557,"{""type"":""Point"",""coordinates"":[72.41152329835985,-7.321735249960677]}"
742,2161,2256,1777,1079,0.35292354226112366,759,540,-7.298884097382351,72.38847929153164,"{""type"":""Point"",""coordinates"":[72.38850182422271,-7.298918139537914]}"
745,1377,962,596,482,0.33240997791290283,366,192,-7.296271630910801,72.42134801552675,"{""type"":""Point"",""coordinates"":[72.42138826459858,-7.29624836991299]}"
746,1342,1026,851,675,0.2063492089509964,688,515,-7.2929894287324535,72.43213709171788,"{""type"":""Point"",""coordinates"":[72.4321556644243,-7.292996198662617]}"
748,1363,1073,882,686,0.220011368393898,696,519,-7.280872174037591,72.41491988161361,"{""type"":""Point"",""coordinates"":[72.41491501417248,-7.2809018263933885]}"
749,1414,1042,870,679,0.21092388033866882,710,530,-7.304417355480507,72.4394031464979,"{""type"":""Point"",""coordinates"":[72.43937448616721,-7.3043805396475605]}"
752,3721,3765,1945,719,0.6793041825294495,658,483,-7.327446109867842,72.43664687887548,"{""type"":""Point"",""coordinates"":[72.43663649874459,-7.32741865483707]}"
753,1295,1001,887,671,0.19736842811107635,696,521,-7.349209537123554,72.41814707748314,"{""type"":""Point"",""coordinates"":[72.41814002024608,-7.349196481121369]}"
754,1253,922,723,637,0.1828094869852066,559,396,-7.32409692710454,72.40417208000382,"{""type"":""Point"",""coordinates"":[72.40413162144164,-7.3240799379199695]}"
755,1242,890,726,588,0.204330176115036,573,440,-7.324963444163609,72.39774076743548,"{""type"":""Point"",""coordinates"":[72.397702575633,-7.3249489990574235]}"
756,1156,855,791,514,0.24908693134784698,559,459,-7.338638387671575,72.3872522831723,"{""type"":""Point"",""coordinates"":[72.3872676620264,-7.3386250990496995]}"
757,1267,991,845,642,0.21371708810329437,618,452,-7.32624816071587,72.37003716579127,"{""type"":""Point"",""coordinates"":[72.37006191682312,-7.326291379892018]}"
758,2371,2096,1043,799,0.4480138123035431,768,573,-7.346256451261518,72.4389831493548,"{""type"":""Point"",""coordinates"":[72.43897698980403,-7.346288606574168]}"
759,1326,951,744,637,0.19773299992084503,605,455,-7.298121866244629,72.38169586439578,"{""type"":""Point"",""coordinates"":[72.38169565808306,-7.298105944806099]}"
760,1243,996,854,647,0.21241630613803864,689,496,-7.34394188094754,72.38242406967422,"{""type"":""Point"",""coordinates"":[72.38244021917572,-7.343957915114291]}"
761,1330,1007,851,670,0.20095407962799072,692,521,-7.3488658188006095,72.37452047768964,"{""type"":""Point"",""coordinates"":[72.37455243946896,-7.348883720251811]}"
762,2510,2090,1092,842,0.425648033618927,825,611,-7.318147038432112,72.43823873558893,"{""type"":""Point"",""coordinates"":[72.43827442080477,-7.318171102035666]}"
763,1303,974,741,659,0.192896509491733,563,404,-7.293021067979263,72.3747567871324,"{""type"":""Point"",""coordinates"":[72.37475317479564,-7.29305883771307]}"
764,1389,1050,801,663,0.2259194403886795,649,488,-7.280925679102521,72.39274645738666,"{""type"":""Point"",""coordinates"":[72.3927285795287,-7.280958939102862]}"
765,1362,1080,934,759,0.17455138266086578,598,419,-7.342603844729007,72.38541884974526,"{""type"":""Point"",""coordinates"":[72.38542493822821,-7.34256941501472]}"
766,1374,1093,929,730,0.1991223245859146,649,504,-7.332552411569947,72.3818571038094,"{""type"":""Point"",""coordinates"":[72.38184396791142,-7.332569125307917]}"
767,1187,878,788,596,0.1913161426782608,657,517,-7.348169756605751,72.39461884659362,"{""type"":""Point"",""coordinates"":[72.39459371398503,-7.348152393994873]}"
768,1302,920,800,620,0.19480518996715546,576,427,-7.335310717948935,72.38998708013649,"{""type"":""Point"",""coordinates"":[72.39000606987065,-7.335280561780946]}"
769,1371,1023,861,666,0.211367666721344,665,499,-7.2952341884429375,72.42959008663927,"{""type"":""Point"",""coordinates"":[72.42956127481085,-7.295222259398231]}"
770,1190,925,792,600,0.21311475336551666,587,442,-7.3186201311309995,72.39470024070569,"{""type"":""Point"",""coordinates"":[72.39466459100474,-7.318635859622482]}"
771,1701,1245,878,717,0.269113153219223,655,491,-7.311614318502936,72.43365994983772,"{""type"":""Point"",""coordinates"":[72.43368358790906,-7.31160929236826]}"
772,1344,956,676,540,0.27807486057281494,390,272,-7.300920081667411,72.42829049532611,"{""type"":""Point"",""coordinates"":[72.42827540145329,-7.300947506618038]}"
773,1173,861,756,544,0.2256227731704712,597,455,-7.331661385731708,72.4152613883231,"{""type"":""Point"",""coordinates"":[72.41530445632961,-7.331684112048164]}"
774,1442,1052,824,642,0.24203069508075714,608,455,-7.332614941477918,72.42394523571137,"{""type"":""Point"",""coordinates"":[72.42397799167841,-7.332616885083069]}"
776,1213,912,772,569,0.23160026967525482,588,431,-7.320909597221529,72.39993653479353,"{""type"":""Point"",""coordinates"":[72.39997115275351,-7.320874071452589]}"
777,1507,1126,829,664,0.25810056924819946,636,469,-7.288436485596148,72.410260774777,"{""type"":""Point"",""coordinates"":[72.41022321999851,-7.288395307086294]}"
778,1200,879,824,603,0.18623481690883636,651,494,-7.330353083252887,72.37662033261343,"{""type"":""Point"",""coordinates"":[72.37661487875917,-7.3303888821235255]}"
781,1486,1253,980,745,0.2542542517185211,683,512,-7.2988689042671,72.3858547355345,"{""type"":""Point"",""coordinates"":[72.38587161169431,-7.2988520571606585]}"
782,3649,3437,2832,2127,0.2354421317577362,715,443,-7.3157838721321475,72.40431068458693,"{""type"":""Point"",""coordinates"":[72.40431939419616,-7.3157405760606515]}"
783,1226,917,755,589,0.2177954912185669,621,486,-7.346392938176199,72.39987909076781,"{""type"":""Point"",""coordinates"":[72.3998956326309,-7.3464046892099795]}"
784,1295,940,816,636,0.19289340101522842,560,412,-7.298370366397534,72.37780273155644,"{""type"":""Point"",""coordinates"":[72.37777266816798,-7.298405841457352]}"
785,1434,987,682,564,0.27272728085517883,509,359,-7.295915849922708,72.42234562827798,"{""type"":""Point"",""coordinates"":[72.42236572191374,-7.295879525330784]}"
786,1191,903,789,576,0.22109533846378326,606,441,-7.323469370712518,72.38942248165078,"{""type"":""Point"",""coordinates"":[72.38939070373841,-7.323443735240651]}"
788,1541,1302,893,647,0.336069792509079,613,446,-7.341045479451032,72.42851304689938,"{""type"":""Point"",""coordinates"":[72.42848949290162,-7.341044978494559]}"
789,1179,827,677,515,0.23248882265275708,527,413,-7.3019964593976265,72.37977270729778,"{""type"":""Point"",""coordinates"":[72.37977289854389,-7.3020195507355385]}"
790,3434,3715,2433,914,0.605098293367898,838,619,-7.279482888168712,72.37764114087645,"{""type"":""Point"",""coordinates"":[72.3776000392017,-7.279525003344945]}"
791,1354,1047,837,741,0.17114093899726868,691,497,-7.337053680244217,72.37893439222803,"{""type"":""Point"",""coordinates"":[72.37890047393367,-7.337026430298484]}"
792,1296,951,795,649,0.1887499988079071,583,430,-7.329135828558539,72.41609057624332,"{""type"":""Point"",""coordinates"":[72.41604726550807,-7.329104430652625]}"
793,1227,964,803,599,0.23352527618408203,595,427,-7.314102963327183,72.39490747448944,"{""type"":""Point"",""coordinates"":[72.39488779272156,-7.314073608697241]}"
796,1230,920,725,600,0.21052631578947367,551,404,-7.299443677852947,72.3758958853405,"{""type"":""Point"",""coordinates"":[72.37588703896172,-7.299425027210596]}"
797,1370,1023,781,610,0.25290876626968384,599,445,-7.282483763949356,72.39653854318462,"{""type"":""Point"",""coordinates"":[72.39656267484648,-7.282479266833931]}"
798,1246,943,767,621,0.20588235557079315,618,472,-7.329997281991769,72.40875405299983,"{""type"":""Point"",""coordinates"":[72.40874161072767,-7.33000397663743]}"
800,1512,1233,1093,837,0.19130434095859528,903,772,-7.344383394792636,72.396179664341,"{""type"":""Point"",""coordinates"":[72.39614521761546,-7.344361794035138]}"
801,1170,865,767,539,0.2321937382221222,637,504,-7.339214770625786,72.39313228562979,"{""type"":""Point"",""coordinates"":[72.39314701466135,-7.339211885411929]}"
802,1680,1273,905,739,0.2654075622558594,641,446,-7.304086014069123,72.42881544623077,"{""type"":""Point"",""coordinates"":[72.42878451997285,-7.3040422831203164]}"
803,1731,1350,909,718,0.3056092858314514,688,510,-7.285513369582422,72.38909983160525,"{""type"":""Point"",""coordinates"":[72.38912754887605,-7.28550832293616]}"
804,2969,2777,1303,721,0.5877644419670105,651,478,-7.334504048332003,72.43823577687502,"{""type"":""Point"",""coordinates"":[72.43824753257665,-7.334496960758158]}"
805,1324,1008,868,674,0.19857312738895416,663,498,-7.28104709738831,72.42976150774949,"{""type"":""Point"",""coordinates"":[72.42979974938126,-7.28102490650786]}"
806,1493,1220,1049,897,0.15257440507411957,849,598,-7.347269795487713,72.39525769981286,"{""type"":""Point"",""coordinates"":[72.3952493514501,-7.347269248863806]}"
807,1187,832,674,529,0.22263041138648987,512,400,-7.308368635328558,72.38779066137336,"{""type"":""Point"",""coordinates"":[72.38783001051492,-7.308349045487805]}"
808,1256,934,772,615,0.20593932271003723,628,470,-7.300213346588506,72.3839463175675,"{""type"":""Point"",""coordinates"":[72.3839560388927,-7.300228245655475]}"
809,1088,819,669,479,0.26194146275520325,489,336,-7.30802499953952,72.37530277210456,"{""type"":""Point"",""coordinates"":[72.37527365589634,-7.307986127237356]}"
810,1440,1152,827,713,0.2353887399463807,617,449,-7.2874117311275,72.37361295071273,"{""type"":""Point"",""coordinates"":[72.3735962424264,-7.2874069918019275]}"
811,1273,997,898,655,0.2070217877626419,650,467,-7.327754194149617,72.38034646578816,"{""type"":""Point"",""coordinates"":[72.38033044953931,-7.327709823959764]}"
812,1606,1232,884,680,0.28870293498039246,704,527,-7.284068067798682,72.38919870334357,"{""type"":""Point"",""coordinates"":[72.3892105077763,-7.284062240319596]}"
813,1310,981,793,643,0.20812807977199554,657,493,-7.287812776968229,72.42764131132093,"{""type"":""Point"",""coordinates"":[72.42761548362678,-7.287821500166415]}"
814,1169,850,732,527,0.23456789553165436,630,492,-7.349231491930123,72.39072048777791,"{""type"":""Point"",""coordinates"":[72.39069227748514,-7.349206845389191]}"
816,1240,906,720,584,0.21610738337039948,597,435,-7.346604071592758,72.40512777398983,"{""type"":""Point"",""coordinates"":[72.40509991371198,-7.346645169356618]}"
817,1258,1006,834,631,0.22907757759094238,591,428,-7.349138493975738,72.39026845386577,"{""type"":""Point"",""coordinates"":[72.39027278387043,-7.3491345309779925]}"
818,1407,1073,897,705,0.20697413384914398,717,536,-7.281536032130136,72.40459872871313,"{""type"":""Point"",""coordinates"":[72.40459885932738,-7.281579178986827]}"
819,1509,1120,817,691,0.2368856966495514,577,399,-7.30847309416945,72.43747932385396,"{""type"":""Point"",""coordinates"":[72.43747502327726,-7.308453335994163]}"
820,1441,1245,880,704,0.2775782346725464,694,510,-7.305598255756024,72.39314664905021,"{""type"":""Point"",""coordinates"":[72.39313560720845,-7.305639450188472]}"
821,1213,932,758,616,0.2041343669250646,545,391,-7.300336252242777,72.37399008689752,"{""type"":""Point"",""coordinates"":[72.37398194713597,-7.300341760840964]}"
822,1962,1919,1640,1147,0.25179386138916016,770,538,-7.31396926903394,72.40305404660369,"{""type"":""Point"",""coordinates"":[72.40305065115714,-7.313929863015528]}"
823,1678,1247,939,740,0.25515854358673096,744,556,-7.294163206037799,72.41611073056778,"{""type"":""Point"",""coordinates"":[72.41613052744037,-7.2941666437062525]}"
824,1228,903,744,585,0.21370968222618103,563,422,-7.327362655296362,72.37518968013337,"{""type"":""Point"",""coordinates"":[72.37520959373738,-7.327356295836269]}"
825,1345,1035,849,680,0.2069970816373825,679,517,-7.280773015489814,72.41338189527444,"{""type"":""Point"",""coordinates"":[72.41335502183428,-7.280755138888875]}"
827,1346,1110,854,776,0.17709438502788544,664,491,-7.342357345850249,72.42090212882417,"{""type"":""Point"",""coordinates"":[72.42094360990863,-7.342374871093859]}"
828,1384,1086,887,710,0.20935411751270294,689,511,-7.287980705650906,72.44130676904068,"{""type"":""Point"",""coordinates"":[72.44126344436245,-7.288016015934364]}"
829,1333,994,784,691,0.1798219531774521,618,438,-7.318296860840435,72.40130932242319,"{""type"":""Point"",""coordinates"":[72.4012753979307,-7.318333724198451]}"
830,1437,1072,801,630,0.25969448685646057,591,448,-7.286847298356803,72.40103851475952,"{""type"":""Point"",""coordinates"":[72.40101308703554,-7.286877782197841]}"
831,1339,1044,808,694,0.2013808935880661,530,358,-7.340296305195351,72.4082418731302,"{""type"":""Point"",""coordinates"":[72.40822228065466,-7.340320130664931]}"
832,1485,1191,1017,840,0.1728212684392929,743,513,-7.3465214699837835,72.42214534974087,"{""type"":""Point"",""coordinates"":[72.42218905229555,-7.346528964637422]}"
833,1193,898,812,531,0.25682294368743896,596,480,-7.338362509409205,72.41766660916899,"{""type"":""Point"",""coordinates"":[72.41770032201906,-7.3383794276567915]}"
834,1254,932,804,601,0.2159164994955063,614,459,-7.3357874442208715,72.40989723486273,"{""type"":""Point"",""coordinates"":[72.40989510701202,-7.335822669680635]}"
835,1201,949,805,593,0.23086899518966675,578,436,-7.333298378879747,72.41706222082907,"{""type"":""Point"",""coordinates"":[72.41708936480563,-7.3333085955519515]}"
836,1331,1003,860,645,0.21723301708698273,649,487,-7.290038651640512,72.4376748102889,"{""type"":""Point"",""coordinates"":[72.43768341339945,-7.290040765734772]}"
838,1682,1296,887,713,0.2901941239833832,681,496,-7.2893399952896125,72.39450786617432,"{""type"":""Point"",""coordinates"":[72.39453197350227,-7.289337128902521]}"
839,1179,835,643,551,0.20490621030330658,517,385,-7.344359599834034,72.4076752352099,"{""type"":""Point"",""coordinates"":[72.40765482398021,-7.344362878981321]}"
840,1401,1065,834,642,0.24780316650867462,654,489,-7.283575907096293,72.41363733209779,"{""type"":""Point"",""coordinates"":[72.4136558553473,-7.283586798642631]}"
841,1487,1109,811,632,0.2739804685115814,632,477,-7.290012064285556,72.41713010210573,"{""type"":""Point"",""coordinates"":[72.41715621269479,-7.290051558009701]}"
843,1285,933,736,651,0.17803029716014862,560,419,-7.310039841118224,72.37990683737121,"{""type"":""Point"",""coordinates"":[72.37987661529962,-7.3100622343054775]}"
844,1287,953,753,671,0.17364531755447388,582,416,-7.314153847582357,72.37255174835013,"{""type"":""Point"",""coordinates"":[72.37259650410398,-7.314114701414248]}"
845,1400,1085,884,698,0.21704991161823273,681,506,-7.2955961711239805,72.42967852720544,"{""type"":""Point"",""coordinates"":[72.42966991032503,-7.295625502827324]}"
846,2158,1796,1777,1579,0.06429629772901535,1982,1734,-7.344038876836338,72.41473732660141,"{""type"":""Point"",""coordinates"":[72.41473895100884,-7.344039167199491]}"
847,1292,932,827,626,0.19640564918518066,631,466,-7.335730966765421,72.40012208431106,"{""type"":""Point"",""coordinates"":[72.40009560341997,-7.3357741147696505]}"
848,1372,1042,813,681,0.20951828360557556,668,491,-7.282932970732106,72.42766915425737,"{""type"":""Point"",""coordinates"":[72.42765226131549,-7.2828963952589145]}"
849,3313,3262,1933,1018,0.5242990851402283,798,530,-7.306377116788724,72.41857482278358,"{""type"":""Point"",""coordinates"":[72.41860845709263,-7.306413193422924]}"
850,1307,1006,852,680,0.19335706532001495,653,482,-7.278287289588171,72.43710805673275,"{""type"":""Point"",""coordinates"":[72.43713255073267,-7.278251379310881]}"
851,3151,3456,2480,1084,0.5224669575691223,937,684,-7.2856532819328335,72.38203985012878,"{""type"":""Point"",""coordinates"":[72.382046432346,-7.285627565457293]}"
853,1916,1939,1399,890,0.3708024024963379,787,571,-7.314792464971012,72.40476896342949,"{""type"":""Point"",""coordinates"":[72.40481114417456,-7.314781150996002]}"
854,1460,1106,864,688,0.23299887776374817,670,507,-7.298751279180582,72.42830289170541,"{""type"":""Point"",""coordinates"":[72.4283306411584,-7.2987258388730565]}"
855,1201,826,621,552,0.19883888959884644,558,416,-7.309143046248552,72.38108865239485,"{""type"":""Point"",""coordinates"":[72.38105703261047,-7.309158566248769]}"
856,2315,2296,2417,1815,0.11700316518545151,2318,1972,-7.346553975843794,72.41209780655734,"{""type"":""Point"",""coordinates"":[72.41207176789047,-7.346546733391096]}"
857,1313,990,850,652,0.20584653317928314,639,462,-7.337295685272386,72.37395481546231,"{""type"":""Point"",""coordinates"":[72.37395968652316,-7.337290440876399]}"
858,1269,958,777,664,0.1812577098608017,569,416,-7.305830057435032,72.38635731301666,"{""type"":""Point"",""coordinates"":[72.38635100133665,-7.305824341815557]}"
859,1360,1014,821,676,0.20000000298023224,699,522,-7.280983724815427,72.41862988316538,"{""type"":""Point"",""coordinates"":[72.41861443125974,-7.280989579181341]}"
860,1388,1042,883,687,0.20532099902629852,697,537,-7.288835113713429,72.43261330239191,"{""type"":""Point"",""coordinates"":[72.43263859673912,-7.2888160605058765]}"
861,3716,3708,1779,667,0.6950857043266296,605,448,-7.324820300417934,72.43575675675804,"{""type"":""Point"",""coordinates"":[72.43575890773504,-7.324821756059693]}"
862,2114,1973,1069,745,0.4518027901649475,709,536,-7.294539764404079,72.40298524857923,"{""type"":""Point"",""coordinates"":[72.40297166159937,-7.294574396735383]}"
863,1250,962,767,592,0.2380952388048172,642,485,-7.331825813483959,72.38122777222293,"{""type"":""Point"",""coordinates"":[72.38118810187214,-7.331787823426545]}"
864,3658,3879,2403,963,0.6022304892539978,918,689,-7.2996454426025394,72.41082985529884,"{""type"":""Point"",""coordinates"":[72.410847092452,-7.299621186966005]}"
865,1239,938,823,603,0.21739129722118378,706,550,-7.336928411300612,72.37296134141349,"{""type"":""Point"",""coordinates"":[72.37297740222479,-7.336911392325099]}"
866,1200,951,861,610,0.21844971179962158,643,466,-7.315781617278786,72.38829059952519,"{""type"":""Point"",""coordinates"":[72.38832823406318,-7.315772250169722]}"
867,1920,1464,993,773,0.30889585614204407,777,587,-7.302227526041467,72.41986575572403,"{""type"":""Point"",""coordinates"":[72.41990618516726,-7.302259631922289]}"
868,1373,1084,859,743,0.1866447776556015,634,474,-7.336161817070797,72.39649905026299,"{""type"":""Point"",""coordinates"":[72.39647052159049,-7.336205862215881]}"
869,1177,801,656,517,0.21547800302505493,603,427,-7.32817222153291,72.37455136864298,"{""type"":""Point"",""coordinates"":[72.37451459989425,-7.328165471881293]}"
870,1274,961,780,627,0.21032745591939547,565,423,-7.300232190657174,72.37163758417053,"{""type"":""Point"",""coordinates"":[72.37160389033787,-7.300269003014405]}"
871,1132,855,714,514,0.24908693134784698,593,441,-7.306860288387682,72.37702918426939,"{""type"":""Point"",""coordinates"":[72.3770616122731,-7.306843209625548]}"
874,1715,1231,828,660,0.3019566237926483,632,476,-7.301708083570514,72.4238510858065,"{""type"":""Point"",""coordinates"":[72.42386392397047,-7.3016899706038405]}"
875,1508,1153,902,729,0.22529223561286926,723,538,-7.284188181789159,72.3943566409634,"{""type"":""Point"",""coordinates"":[72.39433820529976,-7.284157324530948]}"
877,1263,932,796,644,0.18274112045764923,607,440,-7.327758979477559,72.39672891250969,"{""type"":""Point"",""coordinates"":[72.39669804682732,-7.327719739512532]}"
878,2785,2712,2357,1202,0.38579457998275757,389,274,-7.302239606354449,72.39054144657065,"{""type"":""Point"",""coordinates"":[72.39056557298566,-7.30222271157565]}"
879,1956,1508,962,762,0.3286343514919281,731,543,-7.317068807497944,72.43933103661531,"{""type"":""Point"",""coordinates"":[72.43929944054265,-7.3170588673326815]}"
881,1492,1120,886,685,0.24099722504615784,711,532,-7.299554778438078,72.42657864912258,"{""type"":""Point"",""coordinates"":[72.42654751474643,-7.299523069551351]}"
882,2842,2589,2222,1314,0.3266717791557312,830,493,-7.315238552118308,72.40377078069159,"{""type"":""Point"",""coordinates"":[72.4038035532499,-7.31528164422295]}"
883,2387,2153,1034,663,0.5291193127632141,639,475,-7.336501936142553,72.4399441530845,"{""type"":""Point"",""coordinates"":[72.43993911456602,-7.336517309249129]}"
884,1303,986,880,690,0.17661097645759583,628,459,-7.332233745630367,72.42050788977271,"{""type"":""Point"",""coordinates"":[72.42050288901036,-7.332267529423639]}"
885,1392,1080,844,692,0.21896162629127502,664,501,-7.277661092009531,72.39077429897722,"{""type"":""Point"",""coordinates"":[72.39077464763557,-7.27764732111336]}"
886,1232,906,744,590,0.21122995018959045,599,452,-7.32127875353334,72.37015681858354,"{""type"":""Point"",""coordinates"":[72.3701307207035,-7.321308571287421]}"
887,1296,944,780,597,0.22517845034599304,645,495,-7.286157465004893,72.43851143078443,"{""type"":""Point"",""coordinates"":[72.43847653176333,-7.286161872013933]}"
888,1128,900,741,548,0.2430939226519337,526,378,-7.300967212063219,72.3737148904195,"{""type"":""Point"",""coordinates"":[72.37370432363065,-7.3009642182529895]}"
889,3594,3432,1664,929,0.5739509463310242,865,656,-7.296303993786963,72.41121110361516,"{""type"":""Point"",""coordinates"":[72.41119286837163,-7.2962996168965875]}"
890,1173,888,722,547,0.2376306653022766,596,456,-7.3301362110837465,72.40151224529878,"{""type"":""Point"",""coordinates"":[72.40149535628623,-7.3301079025180105]}"
891,1240,992,806,613,0.23613707721233368,592,453,-7.346800616763029,72.39227343415254,"{""type"":""Point"",""coordinates"":[72.39229892320078,-7.34684031681363]}"
892,1281,955,803,618,0.21424031257629395,608,438,-7.313896478911576,72.37490643789913,"{""type"":""Point"",""coordinates"":[72.37488511918939,-7.313875170606681]}"
893,1559,1061,743,542,0.32376793026924133,558,448,-7.323155042852103,72.41322867078415,"{""type"":""Point"",""coordinates"":[72.41320645258855,-7.323123760055267]}"
894,1244,877,665,599,0.18834687769412994,536,413,-7.340806055738125,72.37158089143357,"{""type"":""Point"",""coordinates"":[72.37153748015638,-7.340762405400474]}"
895,3175,3040,1405,678,0.6352877616882324,654,486,-7.3311429046407515,72.43517749327825,"{""type"":""Point"",""coordinates"":[72.435147180414,-7.331141102014329]}"
896,3507,3369,1557,879,0.5861582159996033,870,657,-7.324176375004162,72.43376914433931,"{""type"":""Point"",""coordinates"":[72.43377148758474,-7.324144830939641]}"
897,1381,1037,793,620,0.251659631729126,601,445,-7.284166485902542,72.40630315299315,"{""type"":""Point"",""coordinates"":[72.40634491915316,-7.284196807609856]}"
898,1404,1084,890,738,0.189901202917099,736,534,-7.282233175676776,72.43174585170381,"{""type"":""Point"",""coordinates"":[72.43171518898387,-7.2822115421949]}"
899,1361,1050,869,716,0.18912796676158905,678,473,-7.30158191307043,72.3862009931745,"{""type"":""Point"",""coordinates"":[72.38618871978633,-7.301579295666568]}"
900,2035,1653,915,690,0.4110115170478821,643,483,-7.343469005818049,72.44144309194343,"{""type"":""Point"",""coordinates"":[72.44141870935609,-7.343513765579744]}"
901,1347,982,816,700,0.16765755414962769,626,465,-7.3271813477657135,72.40623599592199,"{""type"":""Point"",""coordinates"":[72.40620665018783,-7.327197454179704]}"
902,1245,916,708,612,0.19895288348197937,565,398,-7.305327800774459,72.37767166531127,"{""type"":""Point"",""coordinates"":[72.37764737356186,-7.305347354181785]}"
903,1339,1066,847,693,0.21205230057239532,676,505,-7.288081817006678,72.427277753274,"{""type"":""Point"",""coordinates"":[72.42727041348759,-7.288092892519578]}"
904,1506,1163,825,673,0.26688453555107117,645,480,-7.288724129883219,72.39740754063682,"{""type"":""Point"",""coordinates"":[72.39741241616002,-7.28868547344901]}"
905,1352,1043,858,740,0.16993831098079681,607,450,-7.3314702392199855,72.41345222193874,"{""type"":""Point"",""coordinates"":[72.41341343207539,-7.331447606896623]}"
906,1407,1080,807,595,0.289552241563797,590,431,-7.332433689918578,72.42385576383558,"{""type"":""Point"",""coordinates"":[72.42389250215935,-7.332426286150639]}"
907,1424,1244,921,714,0.27068437180796734,665,487,-7.286235436457388,72.37334830054489,"{""type"":""Point"",""coordinates"":[72.37332384765544,-7.286240727559726]}"
908,1205,917,786,608,0.20262295007705688,644,498,-7.346023405616422,72.38295496909878,"{""type"":""Point"",""coordinates"":[72.38298424416377,-7.346035591105598]}"
909,1487,1146,796,606,0.30821916460990906,615,461,-7.3023953271515945,72.43344105837959,"{""type"":""Point"",""coordinates"":[72.43343059622657,-7.302428861671237]}"
910,1261,1013,865,674,0.20094843208789825,618,456,-7.336908808191544,72.36961252907275,"{""type"":""Point"",""coordinates"":[72.36965298849326,-7.336929843479086]}"
913,3188,3258,1597,746,0.6273726224899292,713,536,-7.340279806592063,72.43684496760555,"{""type"":""Point"",""coordinates"":[72.43685422092706,-7.3402924434878125]}"
914,1422,1074,836,637,0.2554062008857727,634,470,-7.28654606528362,72.41153869529025,"{""type"":""Point"",""coordinates"":[72.41151622395734,-7.286545088332923]}"
915,2647,2495,1133,658,0.5826197266578674,643,484,-7.336585078337744,72.43867645042226,"{""type"":""Point"",""coordinates"":[72.43871628920783,-7.336583021474886]}"
916,2375,2129,1756,1331,0.2306358367204666,717,494,-7.295783957687104,72.38370055314267,"{""type"":""Point"",""coordinates"":[72.38372990522411,-7.295779793271536]}"
917,1670,1240,863,666,0.3011542558670044,691,525,-7.292969282333616,72.41276887076951,"{""type"":""Point"",""coordinates"":[72.41274845569984,-7.292968014897305]}"
918,3521,3891,2388,917,0.6185523867607117,765,531,-7.34542038945043,72.43500515259659,"{""type"":""Point"",""coordinates"":[72.4350484284747,-7.345411301137662]}"
919,1185,860,707,547,0.22245913743972778,644,497,-7.33976431199746,72.39439627603336,"{""type"":""Point"",""coordinates"":[72.39440054965819,-7.339738447778771]}"
920,1371,1067,884,709,0.2015765756368637,681,495,-7.287792677716965,72.42411171403118,"{""type"":""Point"",""coordinates"":[72.42410787187765,-7.287780137430247]}"
921,4116,4605,3587,1246,0.5740898847579956,940,704,-7.305956470317176,72.40825929934715,"{""type"":""Point"",""coordinates"":[72.40829566726849,-7.3059319814347505]}"
922,1368,1032,904,722,0.1767388880252838,753,568,-7.330327559135524,72.38775333315849,"{""type"":""Point"",""coordinates"":[72.3877794188689,-7.3303358090139215]}"
923,1271,912,811,633,0.18058252334594727,652,487,-7.333172973906783,72.39533976588889,"{""type"":""Point"",""coordinates"":[72.39531138621525,-7.333147775476251]}"
924,1211,901,758,574,0.2216949164867401,625,499,-7.331867951095641,72.38846844458762,"{""type"":""Point"",""coordinates"":[72.38850777165368,-7.331887676929989]}"
925,3557,3496,1605,699,0.6667461395263672,691,516,-7.328707638412443,72.43600606260968,"{""type"":""Point"",""coordinates"":[72.4360371537345,-7.32868491945599]}"
926,1247,986,859,636,0.2157829850912094,646,483,-7.3273948503977175,72.38071060719798,"{""type"":""Point"",""coordinates"":[72.38067204473238,-7.327412050037239]}"
927,1592,1368,905,726,0.3065902590751648,663,485,-7.320083652544185,72.41342740454928,"{""type"":""Point"",""coordinates"":[72.413467047631,-7.320052851813623]}"
928,1289,963,767,646,0.19701677560806274,553,397,-7.312917773206839,72.37753686313711,"{""type"":""Point"",""coordinates"":[72.37757467909394,-7.312939398286196]}"
929,3452,3334,1540,847,0.5948337912559509,839,617,-7.324538875939219,72.43394809657909,"{""type"":""Point"",""coordinates"":[72.43393739328067,-7.324533687674167]}"
930,1325,1086,958,765,0.1734197735786438,737,560,-7.341977143359927,72.41764574723216,"{""type"":""Point"",""coordinates"":[72.4176185167547,-7.341939891045172]}"
931,1235,850,588,428,0.33020344376564026,358,321,-7.296733796735243,72.42315550772251,"{""type"":""Point"",""coordinates"":[72.42320065478792,-7.296738453981129]}"
932,1188,948,852,596,0.22797927260398865,565,442,-7.316722506584567,72.3791437834197,"{""type"":""Point"",""coordinates"":[72.37912387214737,-7.316699203829797]}"
933,1454,1074,826,670,0.23165138065814972,657,497,-7.296300547148296,72.42641624263152,"{""type"":""Point"",""coordinates"":[72.42639954149764,-7.296273789204564]}"
934,1210,933,769,600,0.21722114086151123,578,423,-7.3113657911973045,72.37483072295343,"{""type"":""Point"",""coordinates"":[72.37484187757174,-7.311392903783406]}"
936,1949,1941,1231,810,0.41112321615219116,678,492,-7.316982598191445,72.4084672119993,"{""type"":""Point"",""coordinates"":[72.4084844014167,-7.316963088183023]}"
937,1238,938,844,653,0.1791326254606247,640,473,-7.327128504885121,72.3815267560179,"{""type"":""Point"",""coordinates"":[72.3814973500342,-7.327140126320103]}"
938,1313,963,779,602,0.23067092895507812,636,469,-7.292494478060831,72.44046656727613,"{""type"":""Point"",""coordinates"":[72.44045830104616,-7.292527566221281]}"
939,1188,853,675,546,0.2194424569606781,543,438,-7.347164177864926,72.39263337369775,"{""type"":""Point"",""coordinates"":[72.39261425621322,-7.347157365758481]}"
941,2608,2284,946,645,0.5595766305923462,622,466,-7.336235476477478,72.44076032293013,"{""type"":""Point"",""coordinates"":[72.44072504981393,-7.336243257082673]}"
942,1271,990,823,652,0.20584653317928314,587,448,-7.340556683452121,72.37529336668604,"{""type"":""Point"",""coordinates"":[72.37531962505366,-7.34058955709469]}"
943,1606,1191,870,668,0.2813340425491333,664,503,-7.296537042918335,72.42035091974964,"{""type"":""Point"",""coordinates"":[72.42032902063762,-7.296576354799873]}"
944,1414,1028,849,683,0.20163646340370178,681,484,-7.308303159428862,72.43938101209997,"{""type"":""Point"",""coordinates"":[72.43940247586838,-7.308258934995002]}"
945,2705,2635,1293,807,0.5310865640640259,777,585,-7.342361870981419,72.43746665918371,"{""type"":""Point"",""coordinates"":[72.43745672618869,-7.3423963467792746]}"
947,1437,1120,889,719,0.21805329620838165,694,507,-7.284240521661686,72.41924477217204,"{""type"":""Point"",""coordinates"":[72.41925366991131,-7.284277425076393]}"
948,1472,1141,889,714,0.23018868267536163,714,547,-7.2838246385014855,72.39399673201827,"{""type"":""Point"",""coordinates"":[72.39400071193656,-7.283865576545322]}"
949,1240,1010,849,691,0.18753674626350403,639,463,-7.329608330620744,72.38839110519899,"{""type"":""Point"",""coordinates"":[72.38840604455886,-7.329632161749461]}"
950,1440,1019,816,690,0.19251024723052979,630,464,-7.344017979463571,72.37997975451725,"{""type"":""Point"",""coordinates"":[72.38000787566607,-7.343977568364033]}"
951,1249,939,779,650,0.18187539332913782,635,478,-7.30505881630017,72.37803525650078,"{""type"":""Point"",""coordinates"":[72.37807782761973,-7.3050654411804965]}"
952,1508,1165,934,743,0.22117400169372559,744,554,-7.283366036547145,72.3928228526231,"{""type"":""Point"",""coordinates"":[72.39278476045368,-7.283345278358212]}"
955,1451,1124,871,679,0.24681086838245392,690,514,-7.277650133051117,72.38887384381535,"{""type"":""Point"",""coordinates"":[72.38891331333095,-7.2776862148276935]}"
957,1966,2055,1627,1027,0.3335496485233307,853,612,-7.322282054635481,72.41857389672143,"{""type"":""Point"",""coordinates"":[72.41855667781635,-7.322272656138628]}"
958,3391,3193,1576,609,0.6796423196792603,573,372,-7.3036371019853785,72.41352210929591,"{""type"":""Point"",""coordinates"":[72.41356241387524,-7.303637758126854]}"
959,1188,871,691,540,0.23458540439605713,560,400,-7.3157437788083834,72.38177422700446,"{""type"":""Point"",""coordinates"":[72.38180006445417,-7.315706696195881]}"
960,1165,862,721,501,0.2648569345474243,583,448,-7.313016497929315,72.39455174372698,"{""type"":""Point"",""coordinates"":[72.39454150726293,-7.313028904052505]}"
961,1226,889,720,605,0.19009371101856232,550,411,-7.318113214530331,72.38519973268632,"{""type"":""Point"",""coordinates"":[72.38517419387252,-7.3181028606064045]}"
962,1202,888,772,586,0.20488466322422028,586,438,-7.3408586621777,72.39610966957903,"{""type"":""Point"",""coordinates"":[72.39609882316958,-7.340875181189296]}"
963,3121,3199,1698,703,0.6396719813346863,639,505,-7.30473290469986,72.41550698354403,"{""type"":""Point"",""coordinates"":[72.41551429570154,-7.3047060521185685]}"
964,1619,1267,934,738,0.2638404071331024,771,582,-7.279619853869885,72.38569490756707,"{""type"":""Point"",""coordinates"":[72.3857393963821,-7.279655741515036]}"
965,1670,1370,933,731,0.3041408956050873,653,484,-7.322357354328629,72.4159486205531,"{""type"":""Point"",""coordinates"":[72.41598652578419,-7.322355277456442]}"
966,1303,1007,870,691,0.1861013025045395,610,453,-7.341473956681837,72.42443734891636,"{""type"":""Point"",""coordinates"":[72.42442869214106,-7.341437786790571]}"
967,1700,1268,885,677,0.3038560450077057,690,509,-7.30262259710199,72.42574652331761,"{""type"":""Point"",""coordinates"":[72.42573660899158,-7.302617279187022]}"
968,1204,914,756,576,0.2268456369638443,552,410,-7.311281754155271,72.37591729385755,"{""type"":""Point"",""coordinates"":[72.37591923698176,-7.311321250677544]}"
969,1387,976,687,521,0.3039412200450897,480,294,-7.296098649123458,72.42270660908845,"{""type"":""Point"",""coordinates"":[72.42272946484559,-7.296070481250573]}"
970,1200,943,752,596,0.22547107934951782,569,415,-7.3313485851303515,72.4080221330279,"{""type"":""Point"",""coordinates"":[72.40799528211866,-7.331327528660404]}"
971,3396,3221,1381,732,0.6296483874320984,709,528,-7.326257399536908,72.43420980210308,"{""type"":""Point"",""coordinates"":[72.43421399099168,-7.326231724998763]}"
972,1380,1050,880,753,0.16472545266151428,628,472,-7.33903589466472,72.40906380508748,"{""type"":""Point"",""coordinates"":[72.4090482405739,-7.339033432550625]}"
973,1910,1650,1003,751,0.37442731857299805,732,543,-7.315078664235531,72.43898034095132,"{""type"":""Point"",""coordinates"":[72.43895489216494,-7.31503458239297]}"
974,1663,1316,1008,773,0.2599329948425293,792,592,-7.278983124570477,72.384974590134,"{""type"":""Point"",""coordinates"":[72.38501713330156,-7.278957819915301]}"
975,3549,3893,2341,897,0.6254697442054749,809,603,-7.343881561717836,72.43456139266796,"{""type"":""Point"",""coordinates"":[72.43455660220165,-7.343898991553685]}"
976,1466,1107,833,665,0.2494356632232666,645,492,-7.285304852365224,72.39996136955865,"{""type"":""Point"",""coordinates"":[72.39999558822967,-7.285272821940051]}"
977,1882,1444,969,737,0.3241632282733917,711,550,-7.305048539528791,72.42328889747417,"{""type"":""Point"",""coordinates"":[72.4232798922797,-7.305012213223069]}"
978,1290,1007,929,666,0.20382546323968917,670,472,-7.294019268036764,72.37547499294456,"{""type"":""Point"",""coordinates"":[72.3754931968704,-7.2939820662745]}"
979,1287,952,799,658,0.1826086938381195,608,448,-7.34338543764071,72.37998346038499,"{""type"":""Point"",""coordinates"":[72.37999674517546,-7.343352896482906]}"
980,3694,3714,1862,700,0.682827353477478,671,496,-7.32744146525701,72.43583227797366,"{""type"":""Point"",""coordinates"":[72.43579608701964,-7.3274800744593405]}"
981,1280,922,711,617,0.19818063080310822,583,412,-7.306397399676563,72.39069833057206,"{""type"":""Point"",""coordinates"":[72.39074084549648,-7.306442277718838]}"
982,1510,1145,871,683,0.2527352273464203,669,508,-7.311543526197244,72.43709976794793,"{""type"":""Point"",""coordinates"":[72.43706083632185,-7.31151642450084]}"
983,2159,1844,1031,789,0.4006836414337158,775,584,-7.3467134557101685,72.43988571420516,"{""type"":""Point"",""coordinates"":[72.43987794072027,-7.346752423802305]}"
985,4124,4600,3557,1236,0.5764222145080566,955,714,-7.305956990483451,72.40834980422926,"{""type"":""Point"",""coordinates"":[72.40830977067922,-7.305967385818568]}"
986,1963,1906,1456,1039,0.2943972945213318,861,625,-7.32073336804658,72.4164105326349,"{""type"":""Point"",""coordinates"":[72.41640852027712,-7.320706313983145]}"
987,1754,1408,1034,818,0.26504942774772644,835,629,-7.277785897411575,72.38109000937473,"{""type"":""Point"",""coordinates"":[72.3810776221787,-7.277787589052665]}"
988,1154,907,786,559,0.2373806275579809,614,483,-7.300048302383959,72.37109563388866,"{""type"":""Point"",""coordinates"":[72.37112737029705,-7.300011604178536]}"
989,1466,1098,809,634,0.2678983807563782,607,457,-7.289287067158677,72.41677223769102,"{""type"":""Point"",""coordinates"":[72.416774259145,-7.289301104776957]}"
990,1221,861,750,611,0.16983695328235626,650,504,-7.333005881148359,72.39769406352092,"{""type"":""Point"",""coordinates"":[72.39766817989066,-7.333044899098595]}"
992,1244,895,731,558,0.23193393647670746,622,463,-7.307635596321158,72.37050824218726,"{""type"":""Point"",""coordinates"":[72.37054846292523,-7.307634138359158]}"
993,1338,1013,841,666,0.2066706418991089,655,481,-7.285496153874482,72.43344687075543,"{""type"":""Point"",""coordinates"":[72.43345167711297,-7.285524902128431]}"
994,1598,1322,857,695,0.31085771322250366,658,479,-7.320620643628979,72.41251919697422,"{""type"":""Point"",""coordinates"":[72.41254948527872,-7.320585180070399]}"
995,1255,970,831,663,0.18799754977226257,636,482,-7.314626816588542,72.39173663468878,"{""type"":""Point"",""coordinates"":[72.39170681124509,-7.314645515489576]}"
996,1171,843,693,513,0.24336282908916473,586,455,-7.307411941527493,72.37865507367589,"{""type"":""Point"",""coordinates"":[72.3786860471143,-7.307430725434018]}"
997,3708,3875,2361,789,0.661663830280304,752,562,-7.304030188974157,72.41904083915628,"{""type"":""Point"",""coordinates"":[72.41902421048458,-7.303986476359214]}"
998,2227,2148,1590,943,0.3898414671421051,785,584,-7.30922710771607,72.42706635076266,"{""type"":""Point"",""coordinates"":[72.42705899198523,-7.309186069389351]}"
999,1286,953,774,630,0.2040429562330246,619,481,-7.347105355294428,72.39806463560791,"{""type"":""Point"",""coordinates"":[72.39806807168283,-7.347102571307667]}"
1000,1358,1023,879,694,0.19161327183246613,666,489,-7.348807564411958,72.39552028472173,"{""type"":""Point"",""coordinates"":[72.39549128678594,-7.348850272271053]}"
1003,2108,1805,934,664,0.46213042736053467,662,502,-7.346088631352112,72.44124706602847,"{""type"":""Point"",""coordinates"":[72.44124576402913,-7.346061937072034]}"
1004,1273,997,898,655,0.2070217877626419,650,467,-7.327754194149617,72.38034646578816,"{""type"":""Point"",""coordinates"":[72.38030313664723,-7.327746472355651]}"
1005,1180,811,624,501,0.23628048598766327,558,441,-7.3274211894090495,72.38523597581687,"{""type"":""Point"",""coordinates"":[72.38522175508957,-7.327433238153201]}"
1007,1425,1131,847,681,0.24834437086092714,598,447,-7.29150276657284,72.37784272953247,"{""type"":""Point"",""coordinates"":[72.37787924798633,-7.2914890482903685]}"
1008,1312,981,796,620,0.22548407316207886,627,479,-7.288301133483703,72.43406444148243,"{""type"":""Point"",""coordinates"":[72.43410727851843,-7.288261212522807]}"
1009,1184,928,839,586,0.22589167952537537,610,442,-7.327062366421399,72.38569062183858,"{""type"":""Point"",""coordinates"":[72.38564620697382,-7.327057667772232]}"
1010,1268,878,717,623,0.1698867380619049,550,442,-7.348340592614682,72.37742001783151,"{""type"":""Point"",""coordinates"":[72.37742298188407,-7.348308530952233]}"
1011,1192,868,684,563,0.21313766596785463,560,424,-7.296175349161527,72.37329033936093,"{""type"":""Point"",""coordinates"":[72.37330521506509,-7.296171247035111]}"
1012,1628,1238,855,661,0.3038441240787506,650,482,-7.283702431831475,72.38847680411514,"{""type"":""Point"",""coordinates"":[72.38847236565303,-7.283710361991402]}"
1014,1349,1051,988,705,0.19703872501850128,680,511,-7.336524702236133,72.38120029194464,"{""type"":""Point"",""coordinates"":[72.38121148909572,-7.336563771749425]}"
1015,1259,958,783,645,0.19525888562202454,584,453,-7.316128090821708,72.37018700361486,"{""type"":""Point"",""coordinates"":[72.37016087449287,-7.316124061970895]}"
1017,1308,1016,830,655,0.2160383015871048,631,446,-7.319975071445169,72.39460186393646,"{""type"":""Point"",""coordinates"":[72.39462326630272,-7.319993369077124]}"
1018,2160,1563,851,674,0.3974072337150574,657,482,-7.323897731458847,72.41666384174565,"{""type"":""Point"",""coordinates"":[72.4166804424161,-7.323932608398269]}"
1020,1260,1014,877,640,0.22611850500106812,600,455,-7.343861681586572,72.39971278075419,"{""type"":""Point"",""coordinates"":[72.39966842514033,-7.343883701758713]}"
1021,1387,1032,816,649,0.2278405725955963,648,493,-7.284648905082643,72.41164009204772,"{""type"":""Point"",""coordinates"":[72.41159754696378,-7.284623440809435]}"
1022,1241,983,834,626,0.22187694907188416,607,450,-7.334665831553967,72.41913616402097,"{""type"":""Point"",""coordinates"":[72.41910360346195,-7.3346476922049435]}"
1025,1822,1671,1560,1181,0.17180925607681274,1271,1036,-7.342851602907923,72.41257181239786,"{""type"":""Point"",""coordinates"":[72.412612737769,-7.342860512091141]}"
1026,1221,902,755,581,0.21645313501358032,598,463,-7.317640257918483,72.39714968231338,"{""type"":""Point"",""coordinates"":[72.39719387924207,-7.317672403346281]}"
1027,1526,1178,939,742,0.22708334028720856,749,553,-7.279359737340115,72.38759693579905,"{""type"":""Point"",""coordinates"":[72.38758080205523,-7.279343890939437]}"
1028,1251,1043,919,683,0.20857474207878113,620,443,-7.335734108672314,72.38509693919902,"{""type"":""Point"",""coordinates"":[72.38509827653746,-7.335743975174452]}"
1029,1570,1195,896,698,0.26254621148109436,680,506,-7.292075469653985,72.41449360883256,"{""type"":""Point"",""coordinates"":[72.41447681991295,-7.292030969993036]}"
1030,1883,1512,1005,792,0.3125,760,567,-7.288605598437168,72.39252103901202,"{""type"":""Point"",""coordinates"":[72.3925243425478,-7.288619670665517]}"
1031,1320,969,742,587,0.24550127983093262,592,437,-7.2955243377504635,72.4329372026535,"{""type"":""Point"",""coordinates"":[72.43293495529038,-7.295569429512669]}"
1032,1347,993,800,605,0.24280349910259247,622,452,-7.315117373686514,72.39843143683265,"{""type"":""Point"",""coordinates"":[72.39847143859392,-7.315139069268773]}"
1033,2864,2550,1046,677,0.5804152488708496,647,487,-7.328632748937553,72.43872192552638,"{""type"":""Point"",""coordinates"":[72.43871662886835,-7.328667744070842]}"
1034,3454,3741,2458,1032,0.5675675868988037,834,624,-7.329310753145272,72.43084329400412,"{""type"":""Point"",""coordinates"":[72.43085398297478,-7.329278667846823]}"
1035,1256,907,712,623,0.18562091503267975,574,428,-7.304495577677636,72.37441832758579,"{""type"":""Point"",""coordinates"":[72.37440120462236,-7.304502564690527]}"
1036,1630,1211,900,727,0.24974200129508972,697,514,-7.292263968611672,72.4158501107023,"{""type"":""Point"",""coordinates"":[72.41589195063257,-7.292243528544591]}"
1037,3639,3912,2748,955,0.6075611114501953,733,534,-7.306162149109538,72.41260250092027,"{""type"":""Point"",""coordinates"":[72.41256890652063,-7.306169713402464]}"
1038,1243,989,885,669,0.19300362467765808,655,508,-7.342441590954661,72.37310999802789,"{""type"":""Point"",""coordinates"":[72.37311821225155,-7.342467580931192]}"
1040,1274,968,756,623,0.21684475243091583,612,458,-7.2787724968251855,72.42705935167149,"{""type"":""Point"",""coordinates"":[72.42707796550158,-7.27880943524049]}"
1042,1322,942,789,640,0.190897598862648,632,487,-7.27815175700615,72.42914447480348,"{""type"":""Point"",""coordinates"":[72.42912700272873,-7.27811174793278]}"
1043,1414,1123,932,762,0.19151192903518677,644,467,-7.333234006921043,72.42158830047208,"{""type"":""Point"",""coordinates"":[72.42156045398079,-7.33319972671938]}"
1044,3043,2936,1415,792,0.5751072764396667,765,592,-7.303020619609171,72.41633139516246,"{""type"":""Point"",""coordinates"":[72.4163666763992,-7.3030360285057325]}"
1045,1510,1202,874,699,0.2645975947380066,662,471,-7.3117639525811455,72.39673120576217,"{""type"":""Point"",""coordinates"":[72.39673836348743,-7.3117445217962915]}"
1046,2081,1661,854,633,0.44812554121017456,600,450,-7.331359753112785,72.44151230888122,"{""type"":""Point"",""coordinates"":[72.44147634913783,-7.331378331305828]}"
1047,1382,1032,849,673,0.21055717766284943,676,506,-7.291176942847435,72.43124235964946,"{""type"":""Point"",""coordinates"":[72.43127981194218,-7.291184151241949]}"
1049,1248,949,752,623,0.20737913250923157,626,479,-7.347592259802172,72.37307973693412,"{""type"":""Point"",""coordinates"":[72.37310966571866,-7.347609874754348]}"
1050,1215,854,711,562,0.20621469616889954,608,461,-7.333129089974933,72.41905450646169,"{""type"":""Point"",""coordinates"":[72.41907097176119,-7.333152972461814]}"
1051,1147,764,648,509,0.2003142237663269,620,480,-7.32363188138044,72.37077658261678,"{""type"":""Point"",""coordinates"":[72.37076400610674,-7.323591705934912]}"
1053,1310,1040,914,686,0.205098494887352,885,723,-7.346454414785408,72.3949003903988,"{""type"":""Point"",""coordinates"":[72.39488884518089,-7.346419658455548]}"
1054,1891,1582,931,703,0.38468271493911743,742,557,-7.297070963887545,72.418899749841,"{""type"":""Point"",""coordinates"":[72.41890940962472,-7.297066169348328]}"
1055,1297,990,802,652,0.20584653317928314,598,422,-7.336135327747994,72.40754185767216,"{""type"":""Point"",""coordinates"":[72.40752662904245,-7.336112600929159]}"
1056,2113,1874,1145,820,0.39123979210853577,784,585,-7.3022223492899645,72.41896070643159,"{""type"":""Point"",""coordinates"":[72.41893786506836,-7.302261050448424]}"
1057,1269,937,769,624,0.20051249861717224,604,443,-7.321443938904103,72.39857578203683,"{""type"":""Point"",""coordinates"":[72.39859976581704,-7.321423906491604]}"
1058,1180,918,817,586,0.22074468433856964,587,459,-7.3236268125463395,72.4010069143573,"{""type"":""Point"",""coordinates"":[72.40096190648522,-7.32359626798421]}"
1059,1255,997,857,679,0.189737468957901,648,481,-7.321907268781854,72.40056432593636,"{""type"":""Point"",""coordinates"":[72.40058105258788,-7.32190730293334]}"
1060,1326,1001,822,666,0.20095980167388916,660,480,-7.277555636290462,72.435573642033,"{""type"":""Point"",""coordinates"":[72.43553443473051,-7.277535708592318]}"
1062,1947,2170,1718,1096,0.3288426101207733,779,556,-7.309334562922897,72.39855543949224,"{""type"":""Point"",""coordinates"":[72.39852919476536,-7.309311043729711]}"
1064,1237,960,785,612,0.221374049782753,629,461,-7.327811040193293,72.39012128789513,"{""type"":""Point"",""coordinates"":[72.39011273920829,-7.327792849597025]}"
1065,1309,1001,824,667,0.20023980736732483,654,492,-7.279674106085383,72.4266921950297,"{""type"":""Point"",""coordinates"":[72.42665763227772,-7.279661090043234]}"
1066,1303,941,782,633,0.19567979872226715,682,508,-7.285705627241614,72.43851399815864,"{""type"":""Point"",""coordinates"":[72.4384829000672,-7.285693497166378]}"
1067,1291,964,826,652,0.19306930899620056,604,443,-7.338399943575194,72.42418349668145,"{""type"":""Point"",""coordinates"":[72.42416406462513,-7.338441301443949]}"
1068,1225,905,773,574,0.22379986941814423,605,471,-7.306528290520103,72.38209945669239,"{""type"":""Point"",""coordinates"":[72.38206330382178,-7.306541671470762]}"
1069,1163,892,805,530,0.25457102060317993,598,451,-7.310654462711788,72.39239325760735,"{""type"":""Point"",""coordinates"":[72.39239372596047,-7.310658793763901]}"
1072,1365,1061,895,765,0.16210295259952545,736,546,-7.349175329642691,72.3966043307384,"{""type"":""Point"",""coordinates"":[72.39662034104383,-7.3492130869920596]}"
1073,1404,1077,853,680,0.22595332562923431,687,519,-7.284172861118322,72.42322735239492,"{""type"":""Point"",""coordinates"":[72.42318576053158,-7.284166411566328]}"
1074,1162,828,678,518,0.2303120344877243,606,463,-7.33830025888201,72.3757591629109,"{""type"":""Point"",""coordinates"":[72.37578365401822,-7.338294586585575]}"
1075,1305,957,826,653,0.18881987035274506,628,459,-7.329239886500532,72.4027846136026,"{""type"":""Point"",""coordinates"":[72.40279156467275,-7.329283961238461]}"
1076,1393,1049,805,649,0.2355712652206421,623,468,-7.299302243899716,72.42983837849887,"{""type"":""Point"",""coordinates"":[72.42986122321156,-7.299337789541162]}"
1077,1158,855,693,545,0.22142857313156128,579,446,-7.320593357267412,72.37658693235386,"{""type"":""Point"",""coordinates"":[72.37661609172,-7.3206002775199375]}"
1078,1205,917,755,586,0.2202262133359909,579,446,-7.322339733118934,72.39721292978142,"{""type"":""Point"",""coordinates"":[72.39722752303484,-7.322337818525655]}"
1079,1314,995,851,668,0.19663259387016296,659,507,-7.279214521057014,72.44126600334432,"{""type"":""Point"",""coordinates"":[72.44123049894908,-7.279228142235906]}"
1081,1240,910,783,581,0.22065727412700653,634,489,-7.320402922313752,72.40609418073736,"{""type"":""Point"",""coordinates"":[72.40612476167918,-7.320387861459471]}"
1082,1304,967,801,613,0.2240506261587143,640,499,-7.28741389026939,72.43696568579375,"{""type"":""Point"",""coordinates"":[72.43694737454288,-7.287433846745474]}"
1083,1191,885,747,554,0.23002085089683533,571,451,-7.311393184619463,72.37953691641205,"{""type"":""Point"",""coordinates"":[72.37956756459533,-7.3113505686371845]}"
1084,1248,964,774,640,0.20199501514434814,570,407,-7.327791589025089,72.38677249747742,"{""type"":""Point"",""coordinates"":[72.38673172693747,-7.327809853180537]}"
1085,1280,1039,920,666,0.21876832842826843,653,490,-7.3479564023856705,72.40457682647161,"{""type"":""Point"",""coordinates"":[72.40459301631564,-7.3479960959821256]}"
1086,1143,912,806,549,0.24845996499061584,526,354,-7.327741532915743,72.3781742936853,"{""type"":""Point"",""coordinates"":[72.37820819925453,-7.327718117751665]}"
1087,1345,1015,753,564,0.28562381863594055,601,469,-7.318133361695652,72.40429709783047,"{""type"":""Point"",""coordinates"":[72.40427175234895,-7.318115687671639]}"
1088,1585,1178,862,678,0.2693965435028076,681,514,-7.2925283346388285,72.4146720203768,"{""type"":""Point"",""coordinates"":[72.41471134815326,-7.292569927919868]}"
1089,1685,1481,955,724,0.3433106541633606,674,500,-7.281226517294631,72.38224655175912,"{""type"":""Point"",""coordinates"":[72.38226193205081,-7.2812104038988466]}"
1090,1193,913,781,572,0.22962963581085205,586,434,-7.3419581112274965,72.3831597869901,"{""type"":""Point"",""coordinates"":[72.38313261562908,-7.341922307825843]}"
1092,1592,1283,987,799,0.23246878385543823,793,592,-7.277811532615628,72.38552438298433,"{""type"":""Point"",""coordinates"":[72.38548408793744,-7.2778470220293325]}"
1094,1567,1215,915,727,0.2512873411178589,708,534,-7.286985304378592,72.39361644945456,"{""type"":""Point"",""coordinates"":[72.39360851800328,-7.286963467727241]}"
1095,1649,1241,918,756,0.24286429584026337,748,559,-7.290414668918501,72.40852981333458,"{""type"":""Point"",""coordinates"":[72.40855653697128,-7.2903909463934315]}"
1096,3553,3544,1680,620,0.7022094130516052,620,472,-7.330140083515425,72.43364448628155,"{""type"":""Point"",""coordinates"":[72.43360659448764,-7.3300969216340945]}"
1097,1509,1168,861,669,0.27163854241371155,659,499,-7.291180612834034,72.41603733678822,"{""type"":""Point"",""coordinates"":[72.41599398738029,-7.291197793576835]}"
1098,3283,3438,2221,832,0.6103044748306274,780,574,-7.301758088001599,72.41679118571774,"{""type"":""Point"",""coordinates"":[72.41676738907424,-7.301799267251493]}"
1099,1308,1020,856,693,0.19089317321777344,647,479,-7.344931052793234,72.41274081310893,"{""type"":""Point"",""coordinates"":[72.41270671992979,-7.344949250923663]}"
1100,2168,1859,1758,1567,0.08523058891296387,1532,1110,-7.349279560414301,72.414616501297,"{""type"":""Point"",""coordinates"":[72.41464916584609,-7.349259708857004]}"
1101,1454,1124,906,807,0.16416364908218384,757,564,-7.34778399405492,72.42168548223036,"{""type"":""Point"",""coordinates"":[72.42166751454144,-7.347753084051918]}"
1102,1222,915,772,608,0.20157583057880402,602,453,-7.341392443484978,72.39465833621375,"{""type"":""Point"",""coordinates"":[72.39465057131473,-7.341391291538167]}"
1104,1346,1041,836,672,0.21541155874729156,682,506,-7.28605786563994,72.43688289048093,"{""type"":""Point"",""coordinates"":[72.43689212591245,-7.28603258547476]}"
1105,1326,975,785,694,0.1683642864227295,622,466,-7.333533381497831,72.39515664465503,"{""type"":""Point"",""coordinates"":[72.39516234473531,-7.333559919859488]}"
1106,1254,958,816,647,0.19376946985721588,634,490,-7.331106655441717,72.39743356076048,"{""type"":""Point"",""coordinates"":[72.39740849290817,-7.33114339866549]}"
1107,1306,993,784,687,0.18214285373687744,574,402,-7.323678887123143,72.37883161845559,"{""type"":""Point"",""coordinates"":[72.37879256041725,-7.323662874045975]}"
1108,1355,995,783,662,0.20096559822559357,658,492,-7.295365709483362,72.43682993330067,"{""type"":""Point"",""coordinates"":[72.4368039548801,-7.295369113919096]}"
1109,1200,952,825,605,0.22286447882652283,606,448,-7.333121992195257,72.38656038223866,"{""type"":""Point"",""coordinates"":[72.38652180893452,-7.333096253494496]}"
1110,1113,820,695,440,0.30158731341362,573,464,-7.339841188350547,72.37656473866953,"{""type"":""Point"",""coordinates"":[72.37653942014275,-7.339826857050906]}"
1111,1662,1249,918,711,0.27448979020118713,672,499,-7.307629404568791,72.43214404111703,"{""type"":""Point"",""coordinates"":[72.43215907536049,-7.307652431575691]}"
1112,1349,1009,840,677,0.19691577553749084,672,496,-7.278730247628689,72.41963831079144,"{""type"":""Point"",""coordinates"":[72.41965480571572,-7.2787405239499146]}"
1113,1304,944,743,640,0.19191919267177582,586,423,-7.328414462783066,72.41636627453401,"{""type"":""Point"",""coordinates"":[72.41634167789644,-7.328434073456142]}"
1115,3175,3040,1405,678,0.6352877616882324,654,486,-7.3311429046407515,72.43517749327825,"{""type"":""Point"",""coordinates"":[72.43515920911265,-7.331171189198939]}"
1116,1273,932,759,614,0.2056921124458313,528,387,-7.318780294928528,72.37560194273189,"{""type"":""Point"",""coordinates"":[72.37563016238201,-7.318822325955369]}"
1117,3121,3013,2639,1883,0.23080065359477125,961,565,-7.287425395663289,72.37596591768654,"{""type"":""Point"",""coordinates"":[72.37597299103115,-7.287428910736814]}"
1119,1173,844,738,511,0.24575646221637726,605,462,-7.310090268399567,72.38859521846237,"{""type"":""Point"",""coordinates"":[72.3886332408411,-7.310122654965467]}"
1120,1394,1018,915,730,0.16475972533226013,792,598,-7.329858372750406,72.38476919986758,"{""type"":""Point"",""coordinates"":[72.38475161062405,-7.329894293785719]}"
1121,1293,922,688,634,0.18508997559547424,557,410,-7.328472982454214,72.39518606830987,"{""type"":""Point"",""coordinates"":[72.39518732873894,-7.328484795863802]}"
1122,1130,884,768,530,0.25035360678925034,564,422,-7.300340464827834,72.37471409723949,"{""type"":""Point"",""coordinates"":[72.37468408564985,-7.300309722355033]}"
1123,1966,1718,1669,1376,0.11053652316331863,1321,919,-7.342526108196034,72.41881928565213,"{""type"":""Point"",""coordinates"":[72.41882809364601,-7.342534538100789]}"
1124,3226,3121,1453,734,0.6191958785057068,720,536,-7.301922747576403,72.41398450575566,"{""type"":""Point"",""coordinates"":[72.41399273033876,-7.301921578830927]}"
1125,1207,851,664,567,0.20028208196163177,573,415,-7.34346311075966,72.37781068329978,"{""type"":""Point"",""coordinates"":[72.37777073670787,-7.343497346182584]}"
1126,1700,1317,927,719,0.29371315240859985,715,528,-7.299077121628016,72.4220560007357,"{""type"":""Point"",""coordinates"":[72.42206182501535,-7.299034613378755]}"
1127,1238,893,752,601,0.19544845819473267,616,471,-7.319834629327028,72.40157194747495,"{""type"":""Point"",""coordinates"":[72.4015700950734,-7.319850440778245]}"
1128,1413,1087,867,690,0.2234102487564087,669,498,-7.281032722495339,72.39564189851168,"{""type"":""Point"",""coordinates"":[72.39567847612494,-7.28104792667654]}"
1129,1389,1094,901,711,0.21218836307525635,764,547,-7.3486264076445105,72.42674960978398,"{""type"":""Point"",""coordinates"":[72.42678461747975,-7.348653180820174]}"
1130,1275,952,756,643,0.1937304139137268,609,456,-7.3187431309119395,72.38474351820666,"{""type"":""Point"",""coordinates"":[72.38475449527752,-7.318787176149299]}"
1131,1522,1166,892,700,0.24973204731941223,694,514,-7.28641419074547,72.40429913964199,"{""type"":""Point"",""coordinates"":[72.40432181018988,-7.286380537424953]}"
1132,1391,1131,750,610,0.29925331473350525,600,436,-7.314865088232595,72.40169122651061,"{""type"":""Point"",""coordinates"":[72.40171342120821,-7.314882501668139]}"
1133,1939,2184,1698,1142,0.31328922510147095,755,510,-7.313160679698394,72.40387330361162,"{""type"":""Point"",""coordinates"":[72.40388233117916,-7.313149741986235]}"
1134,3704,3547,2950,1888,0.3052437901496887,836,505,-7.3046052954509415,72.39333341956792,"{""type"":""Point"",""coordinates"":[72.39335427632129,-7.304560347775603]}"
1135,1252,963,807,629,0.20979899497487436,587,433,-7.296563629108864,72.3779037618784,"{""type"":""Point"",""coordinates"":[72.37792888759131,-7.296551667268059]}"
1136,1395,1083,847,676,0.23138146102428436,669,497,-7.282709458853403,72.42015857415515,"{""type"":""Point"",""coordinates"":[72.42020321605484,-7.282717550890764]}"
1137,1262,914,708,588,0.217043936252594,607,457,-7.340707792419014,72.38570147188344,"{""type"":""Point"",""coordinates"":[72.385734218171,-7.340728042633572]}"
1138,1265,907,711,611,0.19499340653419495,572,425,-7.3197937998981395,72.37894482963713,"{""type"":""Point"",""coordinates"":[72.37891755168636,-7.319785796694892]}"
1140,1299,948,790,658,0.18057285249233246,612,439,-7.324976529386531,72.40000346824583,"{""type"":""Point"",""coordinates"":[72.39999949681145,-7.324949626818915]}"
1141,1306,991,803,662,0.19903206825256348,597,480,-7.335728884055054,72.41541894051475,"{""type"":""Point"",""coordinates"":[72.4154001473809,-7.335735265744283]}"
1142,1506,1170,757,676,0.26760563254356384,600,437,-7.311129309800113,72.39637285130092,"{""type"":""Point"",""coordinates"":[72.3964153752511,-7.311104292174096]}"
1143,1293,976,795,661,0.19242516160011292,617,441,-7.315167888032051,72.37598509389602,"{""type"":""Point"",""coordinates"":[72.37595967181194,-7.315180708549375]}"
1144,1341,1042,873,660,0.22444182634353638,653,481,-7.343737790344109,72.42523896322957,"{""type"":""Point"",""coordinates"":[72.42523047283646,-7.343767592142237]}"
1145,1302,955,732,665,0.17901234328746796,551,417,-7.331959529744376,72.41996638507102,"{""type"":""Point"",""coordinates"":[72.41996627696528,-7.331978729621474]}"
1146,1346,1030,836,701,0.19006355106830597,662,499,-7.347948583845909,72.41887849892488,"{""type"":""Point"",""coordinates"":[72.41890254340596,-7.347920870622788]}"
1147,1271,941,822,624,0.20255590975284576,607,449,-7.343736315447314,72.37817113501136,"{""type"":""Point"",""coordinates"":[72.37821596904496,-7.343736111648161]}"
1148,1395,1054,807,669,0.22344747185707092,624,461,-7.297594029827379,72.43138676608667,"{""type"":""Point"",""coordinates"":[72.43137669016185,-7.297564059699541]}"
1149,3187,3394,2109,1064,0.5226559042930603,925,671,-7.313482608255415,72.4284901487364,"{""type"":""Point"",""coordinates"":[72.42848029762335,-7.3134816204977255]}"
1150,2206,1881,953,723,0.4447004497051239,707,533,-7.3445415383276105,72.43935504354408,"{""type"":""Point"",""coordinates"":[72.43934392637088,-7.344569307946941]}"
1152,1483,1128,826,643,0.27385658025741577,655,491,-7.287681380728507,72.40465385763814,"{""type"":""Point"",""coordinates"":[72.40467267791752,-7.287708583917843]}"
1153,1621,1275,920,731,0.2711864411830902,753,559,-7.2811675383416175,72.38767696893268,"{""type"":""Point"",""coordinates"":[72.38766675762753,-7.281163622052156]}"
1154,1280,950,720,656,0.18306350708007812,535,400,-7.318790844190683,72.37741204599169,"{""type"":""Point"",""coordinates"":[72.37738306794834,-7.318821416715968]}"
1155,1246,943,796,600,0.22229423201555412,589,445,-7.29850581093562,72.37001860134308,"{""type"":""Point"",""coordinates"":[72.3700014797842,-7.298462144780134]}"
1156,1116,822,662,489,0.254004567861557,557,437,-7.323109792164916,72.37421897944174,"{""type"":""Point"",""coordinates"":[72.37418004532222,-7.323082581101427]}"
1157,1186,935,785,560,0.2508361339569092,572,415,-7.319304756110524,72.38808907977663,"{""type"":""Point"",""coordinates"":[72.38807599012621,-7.319308335799799]}"
1159,2790,2587,1195,674,0.5866298675537109,677,504,-7.336312943817814,72.43849697520515,"{""type"":""Point"",""coordinates"":[72.43852959524317,-7.336320312829946]}"
1160,1247,948,796,611,0.21616420149803162,579,440,-7.31015281252013,72.38379797426202,"{""type"":""Point"",""coordinates"":[72.38382066776236,-7.31014087871299]}"
1161,2106,1670,971,691,0.41465482115745544,680,504,-7.306771706238668,72.42436513019759,"{""type"":""Point"",""coordinates"":[72.42440656809902,-7.306757076186472]}"
1162,2681,2353,1132,751,0.5161082744598389,766,572,-7.320942243906148,72.4371366218362,"{""type"":""Point"",""coordinates"":[72.43711342113471,-7.320913463175375]}"
1163,1297,989,845,714,0.16147974133491516,592,445,-7.348956185664302,72.38999797256544,"{""type"":""Point"",""coordinates"":[72.39000382684836,-7.348941377863682]}"
1165,1540,1171,834,673,0.2700650691986084,612,447,-7.2914630932637,72.41802683878315,"{""type"":""Point"",""coordinates"":[72.41799784859484,-7.291473389044716]}"
1166,1490,1130,876,705,0.23160763084888458,688,505,-7.295742348249043,72.42361371745692,"{""type"":""Point"",""coordinates"":[72.42365433586308,-7.2957675089880825]}"
1167,1276,990,749,623,0.22752635180950165,564,424,-7.333584721173962,72.40402660681805,"{""type"":""Point"",""coordinates"":[72.4040459547369,-7.333584382413993]}"
1168,1267,944,729,569,0.24785195291042328,566,423,-7.301623150413555,72.44068618428282,"{""type"":""Point"",""coordinates"":[72.44070137758433,-7.301585131828469]}"
1169,1230,922,760,604,0.20838794112205505,553,421,-7.31056828746738,72.39311781960994,"{""type"":""Point"",""coordinates"":[72.39315637415447,-7.310578202132299]}"
1170,1522,1142,838,649,0.2752652168273926,630,471,-7.292463842930413,72.4191976784726,"{""type"":""Point"",""coordinates"":[72.41919736086781,-7.292457018949123]}"
1171,1260,971,784,653,0.1958128078817734,624,457,-7.30386935801796,72.37550804567279,"{""type"":""Point"",""coordinates"":[72.37551158785806,-7.303857854667651]}"
1172,1059,767,622,404,0.3099914491176605,406,316,-7.3461806934116085,72.39444941008652,"{""type"":""Point"",""coordinates"":[72.39442695736042,-7.346154134012118]}"
1173,1868,1490,998,788,0.308165043592453,758,555,-7.287324308123008,72.38972286182087,"{""type"":""Point"",""coordinates"":[72.38969163195816,-7.287316789970047]}"
1174,1356,1081,885,701,0.2132435441017151,593,459,-7.315931700453649,72.39860773639067,"{""type"":""Point"",""coordinates"":[72.3986469637967,-7.315939279790594]}"
1175,1227,923,791,598,0.21367521584033966,606,415,-7.346125910905688,72.38503619835065,"{""type"":""Point"",""coordinates"":[72.3849952655345,-7.346105411980583]}"
1176,3338,3591,2271,515,0.7491475939750671,192,106,-7.301156708008087,72.40647682489806,"{""type"":""Point"",""coordinates"":[72.40649166367369,-7.301180238711394]}"
1178,1743,1348,993,791,0.26040205359458923,764,563,-7.295342105230612,72.41682801548055,"{""type"":""Point"",""coordinates"":[72.41680081871021,-7.295375925817758]}"
1181,1572,1171,821,646,0.2889378070831299,616,463,-7.29335146577254,72.41638690604455,"{""type"":""Point"",""coordinates"":[72.41642226726418,-7.293347856028947]}"
1182,2283,2281,1569,843,0.4603073000907898,767,573,-7.294738698552178,72.40615178859807,"{""type"":""Point"",""coordinates"":[72.40613983911588,-7.2947434409174265]}"
1183,1498,1119,846,653,0.2629796862602234,653,487,-7.288075023492239,72.41026285198353,"{""type"":""Point"",""coordinates"":[72.41024404315047,-7.2880975079176995]}"
1184,3135,3071,1479,701,0.6283138990402222,667,495,-7.331328287155581,72.43599106606348,"{""type"":""Point"",""coordinates"":[72.43598808413235,-7.331316302741095]}"
1185,1186,868,721,540,0.23295454680919647,587,451,-7.3224740832407615,72.37367964843922,"{""type"":""Point"",""coordinates"":[72.37369768333681,-7.3224676029193825]}"
1186,1264,997,809,652,0.20921771228313446,598,424,-7.326161886950004,72.38623893600261,"{""type"":""Point"",""coordinates"":[72.38622305522385,-7.3261209794442435]}"
1187,1193,886,830,564,0.22206896551724137,634,457,-7.2971777628066326,72.37473254888543,"{""type"":""Point"",""coordinates"":[72.37471998343031,-7.297213683258183]}"
1190,1568,1264,1046,946,0.14389140903949738,877,640,-7.329778120516634,72.3710120615544,"{""type"":""Point"",""coordinates"":[72.37102622342415,-7.32977749223387]}"
1191,1294,966,774,599,0.2345047891139984,619,460,-7.288970536924018,72.42464801479406,"{""type"":""Point"",""coordinates"":[72.42467167677333,-7.288951123174823]}"
1192,1758,1885,1633,1004,0.3049498200416565,516,371,-7.347656249379857,72.430919012115,"{""type"":""Point"",""coordinates"":[72.430894960935,-7.347672208789883]}"
1193,1386,1087,868,680,0.23033389449119568,689,512,-7.283884736390478,72.420242354934,"{""type"":""Point"",""coordinates"":[72.42020522149426,-7.2839284639558555]}"
1195,1405,1086,898,722,0.20132742822170258,701,516,-7.281048768588652,72.4141948432901,"{""type"":""Point"",""coordinates"":[72.41417812143136,-7.281020642338168]}"
1196,1362,995,761,704,0.1712772250175476,636,501,-7.32290703144649,72.40155415058818,"{""type"":""Point"",""coordinates"":[72.4015911214041,-7.3229207103072875]}"
1197,2340,2026,951,713,0.4793720245361328,726,541,-7.346437185950735,72.43898211398673,"{""type"":""Point"",""coordinates"":[72.43900606018758,-7.3464692511493475]}"
1198,1596,1382,984,799,0.2673085629940033,724,508,-7.319344596169489,72.4106258287169,"{""type"":""Point"",""coordinates"":[72.41058769194416,-7.319331174426043]}"
1199,1660,1305,922,722,0.28761717677116394,697,524,-7.283238066209044,72.38630744929884,"{""type"":""Point"",""coordinates"":[72.38633042266794,-7.283246373427304]}"
1200,1482,1116,833,652,0.2624434530735016,637,481,-7.287899994796418,72.41125940627748,"{""type"":""Point"",""coordinates"":[72.41129605028826,-7.287922933565785]}"
1201,2030,1879,1465,960,0.3237055242061615,828,534,-7.316057053684686,72.40467114367578,"{""type"":""Point"",""coordinates"":[72.40468304298138,-7.31607406745516]}"
1203,1283,967,801,602,0.23263224959373474,626,475,-7.280658358103886,72.44089579480264,"{""type"":""Point"",""coordinates"":[72.44088181037174,-7.280680271103462]}"
1204,1259,957,778,612,0.21988527476787567,602,447,-7.32611366167424,72.4091385551559,"{""type"":""Point"",""coordinates"":[72.40917646135438,-7.326132777939101]}"
1205,1370,1009,817,700,0.18080748617649078,634,446,-7.345241771937844,72.37291252244465,"{""type"":""Point"",""coordinates"":[72.37292723807353,-7.345228782904698]}"
1206,1492,1105,813,604,0.29315388202667236,626,483,-7.2909843460569,72.41332330349917,"{""type"":""Point"",""coordinates"":[72.41330983404231,-7.2910093273847965]}"
1208,1084,792,676,474,0.2511848211288452,496,406,-7.310255582686077,72.37040240449976,"{""type"":""Point"",""coordinates"":[72.37044264439194,-7.310211030894331]}"
1209,1260,938,781,636,0.19186785260482847,608,442,-7.302797633729187,72.37768642085001,"{""type"":""Point"",""coordinates"":[72.3776703046837,-7.302757927309344]}"
1210,1248,953,837,652,0.18753893673419952,656,484,-7.33088551534735,72.39046542736703,"{""type"":""Point"",""coordinates"":[72.3905090781363,-7.330885196443998]}"
1211,3794,3507,3539,3269,0.03512396663427353,3144,2507,-7.3433995361638775,72.41356431621934,"{""type"":""Point"",""coordinates"":[72.41355291631221,-7.343394917154077]}"
1212,1511,1226,836,648,0.30843114852905273,619,454,-7.311221765824875,72.39673434793228,"{""type"":""Point"",""coordinates"":[72.3967335384653,-7.311254175223432]}"
1213,1178,901,768,589,0.20939597487449646,600,447,-7.315057132042295,72.38802328916465,"{""type"":""Point"",""coordinates"":[72.38801866263164,-7.315014512166953]}"
1214,1490,1273,1130,894,0.17489616572856903,831,675,-7.339018399207849,72.37494034128811,"{""type"":""Point"",""coordinates"":[72.37494693205693,-7.339045228925491]}"
1216,3607,3898,2588,1056,0.5736778378486633,879,635,-7.3231596040495,72.42979239124632,"{""type"":""Point"",""coordinates"":[72.42977665896282,-7.323117092804899]}"
1217,2143,2134,1444,756,0.4768165946006775,752,571,-7.299493758403539,72.41589911612533,"{""type"":""Point"",""coordinates"":[72.41585802567344,-7.299530924149911]}"
1218,1324,939,712,683,0.15782983601093292,572,409,-7.317980739907695,72.37795982924212,"{""type"":""Point"",""coordinates"":[72.3779182814251,-7.317997330325292]}"
1219,1238,911,700,611,0.19710907340049744,544,420,-7.319011066323292,72.38419890355063,"{""type"":""Point"",""coordinates"":[72.38418617682213,-7.319040602315388]}"
1221,1675,1244,874,673,0.297861248254776,650,480,-7.302707281744279,72.42475044619802,"{""type"":""Point"",""coordinates"":[72.42475803504446,-7.3027036213405045]}"
1222,1463,1107,822,684,0.23618090152740479,646,491,-7.302879565988278,72.43914037453483,"{""type"":""Point"",""coordinates"":[72.43917504279801,-7.302892835481779]}"
1223,1325,1000,911,706,0.17233294248580933,733,534,-7.347508731882704,72.42096293243154,"{""type"":""Point"",""coordinates"":[72.42097469416605,-7.347496753589658]}"
1224,1433,1097,844,672,0.24024872481822968,655,487,-7.28352146840481,72.40413478771909,"{""type"":""Point"",""coordinates"":[72.40411122768126,-7.283519196411864]}"
1225,2532,2229,937,635,0.5565642714500427,619,458,-7.337049299885,72.44084618669469,"{""type"":""Point"",""coordinates"":[72.44080247601082,-7.337035836160847]}"
1226,1427,1005,806,590,0.2601880729198456,595,431,-7.323787081591484,72.41313451327304,"{""type"":""Point"",""coordinates"":[72.41309254768012,-7.323746392040007]}"
1227,1312,1006,825,682,0.19194312393665314,652,462,-7.310795337059066,72.38551386946988,"{""type"":""Point"",""coordinates"":[72.38549071162878,-7.3107895776135985]}"
1228,1391,1070,877,746,0.17841409146785736,676,475,-7.345075806224377,72.39092577530926,"{""type"":""Point"",""coordinates"":[72.39088613668244,-7.345047980889756]}"
1229,1447,1198,869,721,0.24856696195935382,599,436,-7.289509524856535,72.3769493072742,"{""type"":""Point"",""coordinates"":[72.37690572382667,-7.289520170890556]}"
1230,1258,957,739,590,0.23723335564136505,603,442,-7.3244839581364305,72.40860490273123,"{""type"":""Point"",""coordinates"":[72.40859170933376,-7.324464926529364]}"
1231,1412,1041,855,700,0.19586443901062012,664,494,-7.293989125419429,72.43312696990373,"{""type"":""Point"",""coordinates"":[72.43317123114602,-7.293984628104054]}"
1232,1263,967,813,595,0.23815621435642242,554,434,-7.328141804945154,72.41609630762925,"{""type"":""Point"",""coordinates"":[72.41606912937591,-7.328173635039186]}"
1234,1231,914,775,607,0.20184089243412018,598,453,-7.317261000493677,72.394074566176,"{""type"":""Point"",""coordinates"":[72.39409628054803,-7.3172271059508045]}"
1235,1248,1030,956,630,0.2409638613462448,653,483,-7.342205960367836,72.3791757508007,"{""type"":""Point"",""coordinates"":[72.37918910344636,-7.342228437567453]}"
1236,1383,1089,710,584,0.3018529713153839,589,465,-7.3088628783326675,72.39511887887983,"{""type"":""Point"",""coordinates"":[72.3951461239882,-7.308835359683534]}"
1237,2496,2396,1226,776,0.5107187628746033,717,530,-7.3391096828487346,72.43766631969119,"{""type"":""Point"",""coordinates"":[72.4376276023177,-7.339147901262486]}"
1238,1049,708,489,368,0.31598514318466187,274,184,-7.347438133486997,72.42440299655689,"{""type"":""Point"",""coordinates"":[72.42437261736829,-7.347445423553072]}"
1239,1234,886,711,593,0.1981068253517151,577,433,-7.333108824850113,72.3842976646647,"{""type"":""Point"",""coordinates"":[72.38431084833122,-7.333098694230064]}"
1241,1502,1300,959,791,0.24342419894787184,655,488,-7.289963966742472,72.3773991739183,"{""type"":""Point"",""coordinates"":[72.37737516187917,-7.28998502781948]}"
1242,1206,1039,890,645,0.23396675288677216,583,447,-7.325150455599719,72.39882581479492,"{""type"":""Point"",""coordinates"":[72.39884267370071,-7.3251541554486375]}"
1243,1214,949,786,601,0.22451612903225807,604,446,-7.29715406232739,72.37066002483903,"{""type"":""Point"",""coordinates"":[72.37062607828193,-7.297179159101979]}"
1244,1387,1154,1187,772,0.19833852350711823,1314,1208,-7.344467453719739,72.39509299729698,"{""type"":""Point"",""coordinates"":[72.3951163859996,-7.344450908809976]}"
1245,1576,1178,935,782,0.20204082131385803,631,462,-7.339709105771145,72.40046103260424,"{""type"":""Point"",""coordinates"":[72.40046032949726,-7.339738790421386]}"
1246,1196,795,622,558,0.1751662939786911,477,298,-7.347539635618521,72.41064383582723,"{""type"":""Point"",""coordinates"":[72.41066638825207,-7.347554801983044]}"
1247,1207,931,776,609,0.20909090340137482,555,400,-7.312289395971677,72.39383189635407,"{""type"":""Point"",""coordinates"":[72.39380626626165,-7.312287661028213]}"
1249,1550,1369,998,801,0.2617511451244354,729,501,-7.312786175663602,72.4016127466413,"{""type"":""Point"",""coordinates"":[72.40159821590532,-7.312827824276379]}"
1250,2300,1926,1049,759,0.4346368610858917,740,547,-7.309231756679051,72.42788091299904,"{""type"":""Point"",""coordinates"":[72.42787577825658,-7.309265123589867]}"
1251,2761,2769,1657,757,0.5706182718276978,710,545,-7.331586989673841,72.4338172274921,"{""type"":""Point"",""coordinates"":[72.43381881288732,-7.331590953435958]}"
1252,1162,830,705,521,0.22871947288513184,601,457,-7.31915917349077,72.3941540536282,"{""type"":""Point"",""coordinates"":[72.39411433556309,-7.319203114087754]}"
1254,1172,968,841,563,0.26453298330307007,611,462,-7.326259613384455,72.38750551305104,"{""type"":""Point"",""coordinates"":[72.38752740917417,-7.32629229680634]}"
1255,2790,2643,1226,702,0.5802690386772156,649,479,-7.336493162261516,72.43840542786155,"{""type"":""Point"",""coordinates"":[72.43836168953744,-7.3364550362198955]}"
1256,1324,991,840,648,0.20927394926548004,670,504,-7.278433845474336,72.41520536034274,"{""type"":""Point"",""coordinates"":[72.41524807718892,-7.278465864083441]}"
1257,1391,1032,846,652,0.22565320134162903,640,491,-7.287056848247768,72.42185329228006,"{""type"":""Point"",""coordinates"":[72.4218837351262,-7.2870857002908265]}"
1258,1303,983,774,666,0.1922377198934555,595,455,-7.321749526697373,72.40454770972534,"{""type"":""Point"",""coordinates"":[72.40456162943234,-7.321726182378017]}"
1259,2623,2816,1921,791,0.5614084005355835,696,522,-7.316581413378285,72.43308849162761,"{""type"":""Point"",""coordinates"":[72.43312712090476,-7.3165752756575495]}"
1260,1609,1208,893,713,0.2576783001422882,715,530,-7.289850663368217,72.40473186789978,"{""type"":""Point"",""coordinates"":[72.40476945184558,-7.2898626313285995]}"
1262,1462,1112,852,696,0.2300885021686554,658,484,-7.284066256052711,72.40458416747497,"{""type"":""Point"",""coordinates"":[72.40456799132346,-7.284046258984472]}"
1263,1284,1024,841,662,0.21470937132835388,579,400,-7.325599137264714,72.39828014458122,"{""type"":""Point"",""coordinates"":[72.39828905993012,-7.325577586684233]}"
1264,1431,1055,840,641,0.24410377442836761,658,490,-7.305041189926176,72.43786092728334,"{""type"":""Point"",""coordinates"":[72.43785288217745,-7.305046874050417]}"
1265,1263,953,771,654,0.18606097996234894,643,491,-7.3465794383151755,72.40087367715033,"{""type"":""Point"",""coordinates"":[72.40087827181553,-7.346613832937071]}"
1267,1479,1306,1308,923,0.17182593047618866,1149,887,-7.343928421231228,72.3956392253097,"{""type"":""Point"",""coordinates"":[72.39560029426568,-7.343905778359753]}"
1268,1200,901,753,590,0.20858484506607056,555,415,-7.314180221184122,72.37707695380318,"{""type"":""Point"",""coordinates"":[72.37704549819789,-7.314190164965502]}"
1269,1350,965,830,687,0.16828086972236633,601,458,-7.337560776243669,72.40400355215198,"{""type"":""Point"",""coordinates"":[72.40401186458321,-7.337602079979641]}"
1270,1366,1036,808,661,0.22097820043563843,646,486,-7.296969696982277,72.43283845255327,"{""type"":""Point"",""coordinates"":[72.43282404194169,-7.296972771827957]}"
1272,1265,889,744,631,0.169736847281456,602,447,-7.319217017913,72.38854213631373,"{""type"":""Point"",""coordinates"":[72.38858146823348,-7.31922266128263]}"
1273,1361,1051,820,669,0.22209301590919495,623,468,-7.2911450073259285,72.42563115185092,"{""type"":""Point"",""coordinates"":[72.42564984538734,-7.291119928416987]}"
1274,1269,950,740,656,0.18306351183063513,576,435,-7.292197279724102,72.37295153529854,"{""type"":""Point"",""coordinates"":[72.37293042512512,-7.292231483321979]}"
1276,1917,1603,1178,800,0.33416563272476196,684,488,-7.337338374259408,72.42817228699982,"{""type"":""Point"",""coordinates"":[72.42817947906026,-7.337341684916454]}"
1277,1639,1256,886,719,0.2718987464904785,691,526,-7.282519861055753,72.38712612651028,"{""type"":""Point"",""coordinates"":[72.38711739904545,-7.282540649750471]}"
1278,1948,2068,1676,1165,0.27930715680122375,773,539,-7.318541195217231,72.41235016689949,"{""type"":""Point"",""coordinates"":[72.41237359742337,-7.318522859906103]}"
1279,1368,1051,840,681,0.21362586319446564,650,492,-7.2896883109829265,72.42373885529288,"{""type"":""Point"",""coordinates"":[72.4237083342146,-7.289645168087729]}"
1280,1530,1177,735,575,0.3436073064804077,577,438,-7.332622723004822,72.42530290711903,"{""type"":""Point"",""coordinates"":[72.42532463683035,-7.33266233508414]}"
1281,1181,898,777,561,0.23098012804985046,613,474,-7.332198372838451,72.41435315329133,"{""type"":""Point"",""coordinates"":[72.41436011839848,-7.332210652071599]}"
1282,2902,2655,1167,733,0.5672963261604309,737,552,-7.323745692868442,72.43748265722893,"{""type"":""Point"",""coordinates"":[72.4375034023417,-7.3237276422918836]}"
1283,1412,1158,979,781,0.19443011283874512,619,436,-7.343903451693082,72.42261302654593,"{""type"":""Point"",""coordinates"":[72.42263826394839,-7.343905570875319]}"
1284,1692,1443,979,786,0.29475101828575134,652,466,-7.3321745206244735,72.42593908421888,"{""type"":""Point"",""coordinates"":[72.4259352079095,-7.3321989977937205]}"
1285,1364,1023,862,691,0.1936989426612854,725,529,-7.345049007381544,72.40187824293535,"{""type"":""Point"",""coordinates"":[72.40183893751231,-7.345061094687852]}"
1286,1289,986,796,638,0.2142857164144516,604,443,-7.27827088188081,72.43421201568805,"{""type"":""Point"",""coordinates"":[72.4342536342014,-7.278309381081399]}"
1287,3540,3881,2439,961,0.6030566096305847,802,557,-7.344871975294672,72.43392208772406,"{""type"":""Point"",""coordinates"":[72.43391471743936,-7.3448468385753625]}"
1288,3369,3960,3147,1316,0.5011371970176697,599,336,-7.34395898397573,72.43229801553568,"{""type"":""Point"",""coordinates"":[72.43225635675,-7.343944230572892]}"
1289,1351,992,787,615,0.23459863662719727,629,479,-7.2960680839685805,72.43320562487867,"{""type"":""Point"",""coordinates"":[72.4331764398899,-7.296102912596425]}"
1290,3027,3251,2091,1244,0.4464960992336273,1026,745,-7.314220002508019,72.43102023518013,"{""type"":""Point"",""coordinates"":[72.43102431594525,-7.314234758647606]}"
1291,2796,2945,2039,1048,0.4750813841819763,922,672,-7.289214110499321,72.38835436811071,"{""type"":""Point"",""coordinates"":[72.38834113435387,-7.289255614097386]}"
1292,1231,903,733,614,0.19050757586956024,605,453,-7.340473728533367,72.37656102977995,"{""type"":""Point"",""coordinates"":[72.37658978317963,-7.340513139955798]}"
1293,2777,2837,1667,802,0.5592195391654968,793,593,-7.3466024067136155,72.43626562310739,"{""type"":""Point"",""coordinates"":[72.4362584709526,-7.346616262421474]}"
1294,2971,3288,2220,993,0.5360897183418274,887,607,-7.286192842584652,72.38158420642759,"{""type"":""Point"",""coordinates"":[72.3816124489981,-7.2861958694813245]}"
1295,1271,998,845,653,0.2089642584323883,631,467,-7.316998863223506,72.38004725082527,"{""type"":""Point"",""coordinates"":[72.38005664542311,-7.3170077395051125]}"
1296,1209,945,733,609,0.21621621621621623,546,405,-7.297068442669244,72.37147505628292,"{""type"":""Point"",""coordinates"":[72.37145390430939,-7.2970402012466185]}"
1297,1825,1752,1472,1187,0.19224225927186117,784,547,-7.291970857217141,72.38064559822863,"{""type"":""Point"",""coordinates"":[72.3806848245598,-7.2919383594915175]}"
1298,1239,929,797,628,0.19332048296928406,610,433,-7.33487939482871,72.3935195850739,"{""type"":""Point"",""coordinates"":[72.39353844976155,-7.334870091291623]}"
1299,1138,823,768,469,0.2739938199520111,556,433,-7.3409584753416,72.39773834378146,"{""type"":""Point"",""coordinates"":[72.39769380818801,-7.341003020406987]}"
1301,1304,1002,822,651,0.21234120428562164,620,464,-7.278510139988488,72.42859941049817,"{""type"":""Point"",""coordinates"":[72.42857687232176,-7.278478448657284]}"
1302,1359,1042,812,691,0.20253895223140717,644,485,-7.280213732921409,72.42623659746803,"{""type"":""Point"",""coordinates"":[72.4262677905063,-7.280254848149674]}"
1303,1499,1206,852,718,0.25363825363825365,640,467,-7.286320540727768,72.37244279027195,"{""type"":""Point"",""coordinates"":[72.37246833594757,-7.286357933001933]}"
1304,3618,3882,2494,1014,0.5857843160629272,927,681,-7.323342405778719,72.43015339521519,"{""type"":""Point"",""coordinates"":[72.4301570530702,-7.323377148817844]}"
1305,1419,1075,832,657,0.24133948981761932,644,471,-7.288116446352894,72.41750298751172,"{""type"":""Point"",""coordinates"":[72.41752466784479,-7.288114857674028]}"
1306,3667,4251,3286,1140,0.5770729184150696,855,641,-7.307224185745686,72.40870453074317,"{""type"":""Point"",""coordinates"":[72.40874174534162,-7.307260453947302]}"
1307,2274,1807,898,651,0.4703010618686676,639,474,-7.333342169126263,72.44050531280105,"{""type"":""Point"",""coordinates"":[72.44054107994731,-7.333311958809688]}"
1308,1368,1022,833,660,0.21521997451782227,653,490,-7.279291947227198,72.40723620671056,"{""type"":""Point"",""coordinates"":[72.40720822210638,-7.279271160757612]}"
1309,2445,2547,2056,1754,0.18437573313713074,1315,750,-7.295071531856783,72.38551477389842,"{""type"":""Point"",""coordinates"":[72.3855426158822,-7.295102311689207]}"
1312,1304,991,801,633,0.22044335305690765,613,451,-7.311486705498493,72.38007941286008,"{""type"":""Point"",""coordinates"":[72.38003754757999,-7.311517830241077]}"
1315,1250,937,725,619,0.2043701857328415,608,435,-7.345402600284534,72.40051845760783,"{""type"":""Point"",""coordinates"":[72.40052109561182,-7.3454257620301115]}"
1316,1304,986,796,652,0.20390720665454865,601,439,-7.334162589923178,72.37904182961371,"{""type"":""Point"",""coordinates"":[72.3790423887835,-7.334140039794766]}"
1317,1405,1057,900,702,0.20181921124458313,712,548,-7.278996982355688,72.40307479924142,"{""type"":""Point"",""coordinates"":[72.40303259952996,-7.278977965298686]}"
1318,3058,3137,1949,832,0.5807508230209351,692,500,-7.2950923598937125,72.40479216875298,"{""type"":""Point"",""coordinates"":[72.40482113822588,-7.295059334461636]}"
1319,1246,938,753,610,0.21188630163669586,597,450,-7.303273631378869,72.3818468909561,"{""type"":""Point"",""coordinates"":[72.38187902068361,-7.303281230384084]}"
1320,3749,4045,2740,995,0.6051587462425232,931,704,-7.300091037950257,72.40974120903054,"{""type"":""Point"",""coordinates"":[72.40977200585955,-7.300081097859839]}"
1321,1323,996,829,642,0.21611721813678741,646,488,-7.289604134227921,72.42482540489208,"{""type"":""Point"",""coordinates"":[72.42479265470615,-7.2896025079640046]}"
1322,1233,931,788,621,0.19974227249622345,590,426,-7.337094830988996,72.38599411663398,"{""type"":""Point"",""coordinates"":[72.3860331313834,-7.3371168758133924]}"
1323,956,632,451,292,0.36796537041664124,261,189,-7.347452928275016,72.4112779534395,"{""type"":""Point"",""coordinates"":[72.4112671016726,-7.347455276495392]}"
1324,1245,1055,945,711,0.19479048252105713,679,485,-7.337938807549865,72.37576128232935,"{""type"":""Point"",""coordinates"":[72.37575901091977,-7.3379371675646885]}"
1325,1213,913,698,577,0.2255033552646637,488,342,-7.29793536407393,72.38070140147303,"{""type"":""Point"",""coordinates"":[72.38066324242428,-7.297961595239121]}"
1326,1613,1229,882,700,0.2742353677749634,708,521,-7.292555896458874,72.40372072832872,"{""type"":""Point"",""coordinates"":[72.40372715040431,-7.292556755375026]}"
1327,3495,3345,1474,776,0.6233924031257629,752,554,-7.330149382590688,72.43527369561555,"{""type"":""Point"",""coordinates"":[72.43530479167497,-7.330167936827985]}"
1328,1613,1225,965,757,0.2361251264810562,762,577,-7.289143324916982,72.40745107216613,"{""type"":""Point"",""coordinates"":[72.4074622163837,-7.289178225306976]}"
1329,1394,1049,742,756,0.1623268723487854,601,444,-7.328567017129824,72.3958191026704,"{""type"":""Point"",""coordinates"":[72.39584684771452,-7.328567706699284]}"
1330,1246,956,816,628,0.20707070707070707,559,407,-7.291908288340537,72.36987613732252,"{""type"":""Point"",""coordinates"":[72.36991022611154,-7.291904100587049]}"
1331,1225,879,677,581,0.20410959422588348,611,436,-7.330339423818862,72.40540310324027,"{""type"":""Point"",""coordinates"":[72.40540138556881,-7.330336332336374]}"
1332,2514,2512,1666,811,0.5118868350982666,712,527,-7.295537942516115,72.40370353426465,"{""type"":""Point"",""coordinates"":[72.40371508539398,-7.295530508960532]}"
1333,1577,1176,887,722,0.23919916152954102,722,531,-7.306821770221365,72.43314426234417,"{""type"":""Point"",""coordinates"":[72.4331881529595,-7.30686393670387]}"
1334,1328,970,807,676,0.17861482501029968,616,452,-7.3400383035470345,72.37936947530252,"{""type"":""Point"",""coordinates"":[72.37940546791516,-7.340041258842341]}"
1335,1512,1136,858,708,0.2321041226387024,670,495,-7.286842615221341,72.40022401035732,"{""type"":""Point"",""coordinates"":[72.40018557086226,-7.286868678169895]}"
1336,1327,996,811,637,0.21984077990055084,642,476,-7.289121116644259,72.43523635439956,"{""type"":""Point"",""coordinates"":[72.43519165559846,-7.2890919224218305]}"
1337,1337,968,748,583,0.24822695553302765,585,439,-7.300427825120122,72.4370726293679,"{""type"":""Point"",""coordinates"":[72.43702887414725,-7.300385688095927]}"
1338,1302,1009,769,653,0.21419976651668549,599,445,-7.327030823544321,72.39582802867075,"{""type"":""Point"",""coordinates"":[72.39583505430062,-7.327053829223185]}"
1339,2904,2718,2145,1341,0.33924612402915955,743,499,-7.297056912709468,72.38505072050525,"{""type"":""Point"",""coordinates"":[72.38508635610073,-7.297016999585027]}"
1340,1241,922,747,620,0.19584955275058746,612,439,-7.348975142371163,72.39325641741986,"{""type"":""Point"",""coordinates"":[72.39326025542411,-7.348935839632191]}"
1341,1465,1220,1098,830,0.1902438998222351,810,609,-7.347779830048716,72.42096136817942,"{""type"":""Point"",""coordinates"":[72.42099688639824,-7.347814909921949]}"
1342,2782,3132,2876,2685,0.0768437311053276,1632,765,-7.334631002633968,72.42882144551837,"{""type"":""Point"",""coordinates"":[72.42884735026608,-7.3345972187593205]}"
1343,2029,2134,1680,1063,0.33500155806541443,935,613,-7.321011738214396,72.41767609097433,"{""type"":""Point"",""coordinates"":[72.41765424550451,-7.321007158236179]}"
1344,1383,1226,857,629,0.32183289527893066,585,436,-7.318338598386613,72.40854989266923,"{""type"":""Point"",""coordinates"":[72.40858209953475,-7.318350825221144]}"
1345,3445,3744,2304,915,0.6072118282318115,839,633,-7.341983853783675,72.43457227764897,"{""type"":""Point"",""coordinates"":[72.43457590578139,-7.341985580600886]}"
1346,1714,1277,876,677,0.30706244707107544,654,492,-7.2992526840114555,72.42114992040437,"{""type"":""Point"",""coordinates"":[72.42115555520658,-7.299284715544787]}"
1347,1161,834,682,509,0.24199552834033966,534,415,-7.317178009688179,72.3797746806499,"{""type"":""Point"",""coordinates"":[72.37974133190856,-7.317164382746703]}"
1348,2172,1778,970,734,0.4156050980091095,709,532,-7.298686681656719,72.41698983472962,"{""type"":""Point"",""coordinates"":[72.41699875234386,-7.2987087131491455]}"
1349,1368,1036,855,697,0.1956145465373993,685,512,-7.282773322685996,72.43138075662081,"{""type"":""Point"",""coordinates"":[72.43134510679945,-7.282782114856966]}"
1350,1560,1304,941,769,0.25808006525039673,680,498,-7.305417004130501,72.39305719333774,"{""type"":""Point"",""coordinates"":[72.39309083747479,-7.305455345316353]}"
1351,1703,1256,849,689,0.2915167212486267,646,485,-7.312068731344971,72.43410990807504,"{""type"":""Point"",""coordinates"":[72.43411755159723,-7.312090077390748]}"
1352,1263,902,743,631,0.17677755653858185,590,452,-7.341707560353733,72.37121354448422,"{""type"":""Point"",""coordinates"":[72.3712094616902,-7.3417242957937985]}"
1353,3673,3881,2433,867,0.6347935795783997,785,587,-7.3009204233782565,72.41254215265181,"{""type"":""Point"",""coordinates"":[72.4125142368483,-7.3009391535303685]}"
1354,1369,1116,806,579,0.3168141543865204,609,447,-7.316770058904417,72.40294733604446,"{""type"":""Point"",""coordinates"":[72.40295713112909,-7.316748386829247]}"
1355,1128,815,707,478,0.260634183883667,537,413,-7.315053457414807,72.38738975258603,"{""type"":""Point"",""coordinates"":[72.38737739445584,-7.31505803463466]}"
1356,1414,1027,792,624,0.24409449100494385,618,461,-7.297949831994644,72.43038914929406,"{""type"":""Point"",""coordinates"":[72.43039070270919,-7.297913696498648]}"
1357,1600,1230,849,661,0.3008989989757538,643,480,-7.28288706592426,72.38811951865941,"{""type"":""Point"",""coordinates"":[72.38812065371229,-7.282888266735857]}"
1359,1470,1255,909,712,0.27605490594814436,674,463,-7.2858739849955585,72.37335040669531,"{""type"":""Point"",""coordinates"":[72.37338240613077,-7.285912586875375]}"
1360,3322,3184,1507,727,0.6282280683517456,688,507,-7.332591878286513,72.43571228771167,"{""type"":""Point"",""coordinates"":[72.43569507108246,-7.332604893952067]}"
1361,2486,2050,1039,746,0.4663805365562439,732,546,-7.296400584933268,72.41229662241953,"{""type"":""Point"",""coordinates"":[72.41225306399457,-7.296410296446566]}"
1363,1263,936,751,625,0.19923126697540283,550,407,-7.3276816515003,72.41465075624252,"{""type"":""Point"",""coordinates"":[72.41463830840203,-7.327706511008049]}"
1365,1404,1061,860,663,0.2308584749698639,666,503,-7.284263078225458,72.40738863821251,"{""type"":""Point"",""coordinates"":[72.40740176631344,-7.284229781219888]}"
1366,1328,997,809,641,0.2173382192850113,640,476,-7.282979217404085,72.4358143289479,"{""type"":""Point"",""coordinates"":[72.43579399906827,-7.2830187661575465]}"
1367,1724,1347,872,662,0.3409656584262848,645,493,-7.299429796177838,72.42051535328923,"{""type"":""Point"",""coordinates"":[72.42048338368006,-7.299388960156198]}"
1368,1181,902,688,560,0.23392612859097128,526,397,-7.300158685999883,72.37453414928724,"{""type"":""Point"",""coordinates"":[72.3745427945867,-7.30019951543525]}"
1369,4015,4533,3536,1206,0.5797176957130432,940,704,-7.305865584827503,72.40816931546523,"{""type"":""Point"",""coordinates"":[72.40815449533468,-7.305890119579817]}"
1370,1267,920,738,611,0.20182886719703674,572,419,-7.311138401735708,72.38234412006946,"{""type"":""Point"",""coordinates"":[72.38229955420871,-7.311134415011671]}"
1372,1337,1060,808,631,0.25369603784742756,596,440,-7.29386166335908,72.37945805582056,"{""type"":""Point"",""coordinates"":[72.37948106074403,-7.293846459821164]}"
1373,1365,1066,871,701,0.206564798951149,693,509,-7.285876617729124,72.43679341519847,"{""type"":""Point"",""coordinates"":[72.43679442893506,-7.285835611087919]}"
1374,1305,997,820,652,0.20921771228313446,639,477,-7.295993656774256,72.43601178772302,"{""type"":""Point"",""coordinates"":[72.43596719915276,-7.295963577599718]}"
1375,1980,1712,1496,1196,0.1774415373802185,1365,992,-7.30555457019078,72.43278946001108,"{""type"":""Point"",""coordinates"":[72.43282280064972,-7.305519955243197]}"
1376,1495,1111,967,849,0.13367347419261932,789,586,-7.3347042403378895,72.37894814751304,"{""type"":""Point"",""coordinates"":[72.37892402177718,-7.334689816621547]}"
1377,1326,982,781,646,0.2063882052898407,642,493,-7.289733642462878,72.43170312011492,"{""type"":""Point"",""coordinates"":[72.43168211069597,-7.289717070943183]}"
1378,1291,997,824,697,0.17709563672542572,570,430,-7.321757355244826,72.40590532735726,"{""type"":""Point"",""coordinates"":[72.40593944411586,-7.321777235755306]}"
1379,1569,1203,929,743,0.23638232052326202,746,548,-7.288022041609191,72.40103174057381,"{""type"":""Point"",""coordinates"":[72.40104511985965,-7.288049825173443]}"
1380,1222,895,757,600,0.19732441008090973,581,424,-7.322303919771943,72.37549082131288,"{""type"":""Point"",""coordinates"":[72.3754974450589,-7.322318031194691]}"
1381,1311,1002,782,655,0.20941460132598877,575,412,-7.31911481170499,72.37098407389715,"{""type"":""Point"",""coordinates"":[72.37099839476433,-7.3191130339522195]}"
1384,1204,914,793,583,0.22110888361930847,625,460,-7.322641066559836,72.37132544327163,"{""type"":""Point"",""coordinates"":[72.37131082323795,-7.322612183207731]}"
1385,1311,987,827,625,0.2245657593011856,644,482,-7.289973334368666,72.42618088246145,"{""type"":""Point"",""coordinates"":[72.4261712055945,-7.29000586506127]}"
1386,1276,935,741,634,0.19184193015098572,574,434,-7.331415606219009,72.38838057010878,"{""type"":""Point"",""coordinates"":[72.38838859870167,-7.3314304897971]}"
1387,2333,1906,926,703,0.4610961973667145,691,518,-7.319686889681358,72.43886353429397,"{""type"":""Point"",""coordinates"":[72.43883723684522,-7.319689480051966]}"
1388,1441,1261,893,724,0.27052897214889526,687,511,-7.311233264385769,72.39872546189964,"{""type"":""Point"",""coordinates"":[72.39875758582936,-7.311245302312463]}"
1389,1405,1070,916,741,0.18166758120059967,727,550,-7.289107243258919,72.43279276425766,"{""type"":""Point"",""coordinates"":[72.43276312704695,-7.289065916690212]}"
1390,1483,1066,845,685,0.21758994460105896,652,480,-7.304029658188957,72.43478937045477,"{""type"":""Point"",""coordinates"":[72.43478418066351,-7.304049570086399]}"
1391,1323,1009,820,654,0.21346963942050934,664,493,-7.295465320724306,72.43845850649902,"{""type"":""Point"",""coordinates"":[72.43842444800092,-7.295484976603997]}"
1392,2461,2759,2456,2060,0.14505083858966827,1123,778,-7.348200005671142,72.43118744066625,"{""type"":""Point"",""coordinates"":[72.43117923814472,-7.34817796581592]}"
1394,1615,1262,854,662,0.31185030937194824,654,498,-7.284064932849169,72.38865570883306,"{""type"":""Point"",""coordinates"":[72.38869521251385,-7.284052570767393]}"
1395,1297,1004,765,644,0.21844659745693207,605,449,-7.326780596231503,72.41510851623384,"{""type"":""Point"",""coordinates"":[72.41508895564584,-7.326817155499933]}"
1396,1260,865,690,601,0.18008185923099518,542,403,-7.328443587597903,72.39011760427127,"{""type"":""Point"",""coordinates"":[72.39008471912912,-7.32848360508658]}"
1397,2119,1772,920,689,0.44006502628326416,693,521,-7.348522354123961,72.44014690956129,"{""type"":""Point"",""coordinates"":[72.44013556712552,-7.348546041340678]}"
1398,1229,901,719,544,0.24705882370471954,614,459,-7.332579358464853,72.37099562204489,"{""type"":""Point"",""coordinates"":[72.37100282094096,-7.332601333677495]}"
1399,1352,1053,852,687,0.2103448212146759,590,425,-7.3156579924926755,72.39815677667802,"{""type"":""Point"",""coordinates"":[72.39819588670316,-7.315623239650808]}"
1400,1571,1243,793,611,0.34088456630706787,660,491,-7.303508541564568,72.43850322646956,"{""type"":""Point"",""coordinates"":[72.4385454643177,-7.303485319060705]}"
1401,1292,991,851,621,0.2295285314321518,673,514,-7.287701279738313,72.42393122583749,"{""type"":""Point"",""coordinates"":[72.42395226095068,-7.28769396934779]}"
1402,1263,991,903,659,0.20121212303638458,653,484,-7.328651190478044,72.41039106326053,"{""type"":""Point"",""coordinates"":[72.41035865317284,-7.3286523908453285]}"
1403,1534,1195,856,709,0.25525209307670593,590,424,-7.340224400008137,72.42716002349394,"{""type"":""Point"",""coordinates"":[72.42715210559203,-7.340184277805554]}"
1405,2370,2302,1423,827,0.47139662504196167,821,627,-7.316507031561717,72.43589478364916,"{""type"":""Point"",""coordinates"":[72.43589193170641,-7.3164974496968975]}"
1406,1644,1250,938,753,0.2481278032064438,731,544,-7.291782084711312,72.41060356434244,"{""type"":""Point"",""coordinates"":[72.41061418704552,-7.291801749739636]}"
1409,1334,1028,871,714,0.1802525818347931,683,498,-7.336842935318051,72.42057185261577,"{""type"":""Point"",""coordinates"":[72.42057776605853,-7.336867757787017]}"
1410,3282,3566,2335,1305,0.4641757309436798,1085,801,-7.348853301981315,72.4348044169665,"{""type"":""Point"",""coordinates"":[72.43484087481089,-7.348894918611791]}"
1411,1186,899,764,568,0.2256305385139741,582,425,-7.30266987369252,72.3712613217731,"{""type"":""Point"",""coordinates"":[72.37130481187934,-7.302702146408928]}"
1412,2206,2176,2376,1745,0.1099209412932396,2209,2013,-7.344484444471626,72.4136485574993,"{""type"":""Point"",""coordinates"":[72.4136219334728,-7.344495373051882]}"
1413,1230,877,712,553,0.22657342657342658,562,437,-7.30034783406431,72.37598111637016,"{""type"":""Point"",""coordinates"":[72.37602236827416,-7.30032270624839]}"
1414,1164,866,720,535,0.2362598180770874,541,403,-7.31173883876991,72.37681969178014,"{""type"":""Point"",""coordinates"":[72.37685407618882,-7.311779789737664]}"
1415,1363,1030,848,659,0.21965660154819489,635,483,-7.286965965765968,72.42176330713386,"{""type"":""Point"",""coordinates"":[72.42175693530187,-7.286985799271589]}"
1416,3283,3172,1478,743,0.6204342246055603,826,630,-7.31939362650952,72.43497316724546,"{""type"":""Point"",""coordinates"":[72.43496967422116,-7.319411634486459]}"
1417,3222,2859,1262,848,0.5424872040748596,830,612,-7.320488345579055,72.43677716354523,"{""type"":""Point"",""coordinates"":[72.4367334818301,-7.320486378414776]}"
1418,1203,866,661,535,0.2362598180770874,556,426,-7.318297621054153,72.38583221971906,"{""type"":""Point"",""coordinates"":[72.38584197029984,-7.318289904945861]}"
1419,1277,1038,877,660,0.2226148396730423,643,503,-7.339822663598396,72.37339691317315,"{""type"":""Point"",""coordinates"":[72.37335326030463,-7.339827708759526]}"
1421,1384,1023,841,688,0.19579192996025085,668,487,-7.290997752282952,72.43151490083442,"{""type"":""Point"",""coordinates"":[72.43149070423706,-7.290971661464574]}"
1422,1255,893,705,601,0.19544845819473267,574,433,-7.329810905685408,72.37662350717899,"{""type"":""Point"",""coordinates"":[72.37664455391419,-7.329820297209831]}"
1423,1393,1085,862,680,0.22946175932884216,671,505,-7.2829557606622135,72.41581297729306,"{""type"":""Point"",""coordinates"":[72.41585582365241,-7.282961003747341]}"
1424,1249,906,692,593,0.2088058739900589,524,323,-7.348377808550034,72.39932444936919,"{""type"":""Point"",""coordinates"":[72.39933447623014,-7.348408174324714]}"
1425,1388,1147,1083,771,0.19603754580020905,1069,913,-7.3447790052568465,72.41772008535912,"{""type"":""Point"",""coordinates"":[72.4176896477645,-7.344760790820479]}"
1427,1225,880,692,562,0.2205270528793335,627,464,-7.334461680981117,72.41506419888721,"{""type"":""Point"",""coordinates"":[72.4150748907171,-7.334432892114662]}"
1429,1975,1815,1249,823,0.3760424554347992,830,625,-7.297946654691943,72.41400735905941,"{""type"":""Point"",""coordinates"":[72.41401508213492,-7.297950560839182]}"
1430,1169,891,789,530,0.2540464401245117,645,496,-7.332698574917375,72.39145049799195,"{""type"":""Point"",""coordinates"":[72.39148081514934,-7.3327358521179375]}"
1431,1878,1488,1076,779,0.31274813413619995,774,566,-7.296502357520411,72.41428717638631,"{""type"":""Point"",""coordinates"":[72.4142918755145,-7.296533993297633]}"
1432,1378,1062,863,650,0.24065420031547546,665,502,-7.2898582052539,72.42183726543846,"{""type"":""Point"",""coordinates"":[72.42184795032814,-7.2898949487450775]}"
1433,1467,1153,903,830,0.16288451850414276,771,576,-7.34262167962665,72.41972389481494,"{""type"":""Point"",""coordinates"":[72.41972106909705,-7.3426317619698365]}"
1434,1391,1006,821,672,0.19904647767543793,667,485,-7.294024059299686,72.43928127432841,"{""type"":""Point"",""coordinates"":[72.43931516715152,-7.2940169335383125]}"
1435,1394,1068,844,675,0.2254733145236969,649,481,-7.282663449936876,72.41210400559702,"{""type"":""Point"",""coordinates"":[72.41212604784502,-7.282621212270347]}"
1436,1377,1024,854,666,0.21183432638645172,690,524,-7.292478060025403,72.43757042737916,"{""type"":""Point"",""coordinates"":[72.43757488280144,-7.292435823841612]}"
1437,1160,873,714,516,0.25701943039894104,579,445,-7.325550115506561,72.37429519848705,"{""type"":""Point"",""coordinates"":[72.374324311955,-7.325588857142419]}"
1438,1278,923,756,624,0.19327731430530548,594,428,-7.326706534469015,72.40225622441129,"{""type"":""Point"",""coordinates"":[72.40227283767001,-7.326687040705335]}"
1439,1282,942,726,676,0.16440048813819885,558,403,-7.310621958957565,72.38678198032079,"{""type"":""Point"",""coordinates"":[72.38681367024152,-7.31061349280467]}"
1440,1273,982,867,633,0.2160990685224533,636,499,-7.339176872624446,72.40218389286557,"{""type"":""Point"",""coordinates"":[72.40220359207058,-7.339190961266317]}"
1441,1427,1071,795,623,0.26446279883384705,628,471,-7.283878772737937,72.40340870594764,"{""type"":""Point"",""coordinates"":[72.40336779969732,-7.283885132533198]}"
1442,1404,1068,898,714,0.1986531913280487,703,529,-7.280525697111277,72.41754646285817,"{""type"":""Point"",""coordinates"":[72.41755286398103,-7.280506659867543]}"
1443,1554,1307,847,678,0.3168765604496002,606,454,-7.32899665703836,72.42333244557179,"{""type"":""Point"",""coordinates"":[72.42329592866382,-7.329000112236086]}"
1444,1254,925,737,617,0.19974060356616974,566,417,-7.326943106576127,72.41193964195239,"{""type"":""Point"",""coordinates"":[72.41195568615493,-7.326977436298716]}"
1445,1360,991,795,623,0.22800496220588684,599,456,-7.292699280219208,72.42878999659253,"{""type"":""Point"",""coordinates"":[72.42876735451603,-7.292706958354481]}"
1446,1160,843,719,549,0.21120689809322357,627,484,-7.339352363557188,72.40127773221798,"{""type"":""Point"",""coordinates"":[72.40128204142783,-7.339371688575151]}"
1447,1051,723,526,383,0.30741411447525024,308,222,-7.333771539475269,72.3739754865511,"{""type"":""Point"",""coordinates"":[72.37393492748248,-7.333743953181009]}"
1448,3243,3565,2491,910,0.5932960893854748,869,646,-7.282481652826713,72.3805197432663,"{""type"":""Point"",""coordinates"":[72.38053539814426,-7.282511353620053]}"
1451,1442,1048,694,582,0.28588956594467163,572,418,-7.336513667128814,72.42618568699027,"{""type"":""Point"",""coordinates"":[72.42619962423348,-7.336514446968212]}"
1452,1187,857,647,535,0.23132184147834778,599,455,-7.318398780735946,72.37216487053377,"{""type"":""Point"",""coordinates"":[72.3721696632461,-7.318422378988753]}"
1453,1214,879,764,526,0.25124555826187134,592,465,-7.340317845340578,72.3808160437858,"{""type"":""Point"",""coordinates"":[72.38082059434011,-7.340349588405379]}"
1454,1312,998,814,684,0.18668252229690552,615,452,-7.311074302508633,72.38686985643639,"{""type"":""Point"",""coordinates"":[72.3868592270996,-7.311062476918751]}"
1455,1415,1051,828,667,0.22351571917533875,658,491,-7.285046067794494,72.41788259570441,"{""type"":""Point"",""coordinates"":[72.41791740507234,-7.285047294385527]}"
1456,1503,1181,879,722,0.2411981076002121,675,496,-7.304957857113515,72.39179276372214,"{""type"":""Point"",""coordinates"":[72.39181018101263,-7.304969299163359]}"
1457,2178,1870,969,685,0.463796466588974,681,504,-7.348160367707673,72.44005846425097,"{""type"":""Point"",""coordinates"":[72.44005090714872,-7.348126486290527]}"
1458,1428,1066,802,665,0.2316579967737198,605,443,-7.3185877956834124,72.40474702024311,"{""type"":""Point"",""coordinates"":[72.40472617027083,-7.318560129739733]}"
1459,1328,1030,861,676,0.20750293135643005,580,414,-7.344889329886097,72.37445332005055,"{""type"":""Point"",""coordinates"":[72.37443849598712,-7.344861460390234]}"
1460,1218,967,808,605,0.23027989821882952,623,471,-7.296788921973769,72.37002863432508,"{""type"":""Point"",""coordinates"":[72.37006591328633,-7.296813697667922]}"
1461,1386,1051,856,660,0.22852133214473724,689,510,-7.278037148959867,72.393306155981,"{""type"":""Point"",""coordinates"":[72.39335084157536,-7.278008266562021]}"
1462,1389,1044,808,638,0.24137930572032928,629,469,-7.28604164515064,72.41814840705568,"{""type"":""Point"",""coordinates"":[72.41813870887435,-7.286037290434675]}"
1463,1833,1551,1406,1225,0.11743515729904175,1303,993,-7.348364152896262,72.39697111894941,"{""type"":""Point"",""coordinates"":[72.39699119877979,-7.348342051218672]}"
1465,2610,2464,1238,824,0.4987834692001343,803,601,-7.345255691007966,72.43781214886944,"{""type"":""Point"",""coordinates"":[72.43778462809885,-7.345216317837121]}"
1466,1648,1279,1173,997,0.12390158325433731,1085,863,-7.344016683679803,72.39527665250915,"{""type"":""Point"",""coordinates"":[72.39526006965129,-7.344009221914192]}"
1467,1415,1105,805,669,0.24577227234840393,627,459,-7.296316696780783,72.38206838207556,"{""type"":""Point"",""coordinates"":[72.38208393591832,-7.296349641288777]}"
1468,1613,1256,895,697,0.2862263321876526,701,522,-7.283705044384149,72.38892929909552,"{""type"":""Point"",""coordinates"":[72.38889628384895,-7.283682637755816]}"
1469,1766,1342,911,716,0.30417880415916443,695,530,-7.301965740804147,72.42149640024051,"{""type"":""Point"",""coordinates"":[72.42145235682858,-7.302004191263685]}"
1470,1401,1114,918,799,0.16466283798217773,670,465,-7.348226918904331,72.37343806264433,"{""type"":""Point"",""coordinates"":[72.37339331363479,-7.348235928747704]}"
1472,1247,923,737,620,0.1963707064160726,567,411,-7.297522890603008,72.37192492027357,"{""type"":""Point"",""coordinates"":[72.37190621315885,-7.297542634667502]}"
1474,1703,1369,846,718,0.3119310140609741,646,463,-7.328811773771981,72.42260940043661,"{""type"":""Point"",""coordinates"":[72.42259714082574,-7.328787958004842]}"
1475,1291,994,793,685,0.18403811752796173,554,425,-7.32245134973926,72.36978790952108,"{""type"":""Point"",""coordinates"":[72.36976985120911,-7.322445792191937]}"
1476,1370,1041,833,669,0.2175438553094864,659,493,-7.279989959053112,72.40288807946767,"{""type"":""Point"",""coordinates"":[72.40293012887163,-7.280023422044582]}"
1477,1316,1000,693,590,0.2578616440296173,485,343,-7.349089145399829,72.42864782260037,"{""type"":""Point"",""coordinates"":[72.42869284737748,-7.349054722971166]}"
1478,1323,1067,852,684,0.21873214840888977,657,487,-7.280908459066276,72.43718367276493,"{""type"":""Point"",""coordinates"":[72.43720966409131,-7.280918102637304]}"
1479,1340,1021,827,645,0.22569027543067932,629,472,-7.280390326145549,72.40967346852813,"{""type"":""Point"",""coordinates"":[72.40966762849285,-7.280373167621149]}"
1480,1116,898,782,565,0.22761449217796326,597,451,-7.33619224872685,72.38618041219696,"{""type"":""Point"",""coordinates"":[72.38615389019041,-7.336152057591365]}"
1481,1298,1000,792,647,0.2143290831815422,620,445,-7.291843720088481,72.37431113650176,"{""type"":""Point"",""coordinates"":[72.37431259093381,-7.291835015063265]}"
1482,1284,991,877,679,0.18682634830474854,624,463,-7.323347873373322,72.39965086829694,"{""type"":""Point"",""coordinates"":[72.39966684740911,-7.323390232392457]}"
1483,1221,942,743,573,0.24356435239315033,598,473,-7.335940314188418,72.42075808312838,"{""type"":""Point"",""coordinates"":[72.42072993395057,-7.335925153325723]}"
1484,1194,961,769,599,0.23205128205128206,593,434,-7.294184208626949,72.37275893832908,"{""type"":""Point"",""coordinates"":[72.37277993192457,-7.294223257048701]}"
1485,1745,1455,990,822,0.27799737453460693,928,655,-7.291227205951029,72.39268687420923,"{""type"":""Point"",""coordinates"":[72.39271176801417,-7.291242156578886]}"
1486,1818,1570,1330,1088,0.1813393533229828,1250,831,-7.298825135713425,72.42540622231006,"{""type"":""Point"",""coordinates"":[72.42542619845285,-7.298809591788203]}"
1487,1305,980,830,651,0.20171673595905304,656,518,-7.277923257294452,72.43665760303247,"{""type"":""Point"",""coordinates"":[72.4366438465725,-7.277942062920325]}"
1488,1763,1501,923,782,0.31493648886680603,669,482,-7.325079243764622,72.41783369554594,"{""type"":""Point"",""coordinates"":[72.41785483243264,-7.3250517926738725]}"
1489,1471,1124,871,697,0.23448655009269714,709,529,-7.306747366814858,72.43595049286101,"{""type"":""Point"",""coordinates"":[72.43594682843562,-7.306759555420149]}"
1490,1737,1377,905,714,0.31707316637039185,699,525,-7.298431629707337,72.41979701766019,"{""type"":""Point"",""coordinates"":[72.4198064806365,-7.2984410666621855]}"
1491,1432,1083,837,679,0.22928489744663239,677,507,-7.281597814801676,72.39962073371794,"{""type"":""Point"",""coordinates"":[72.39962004537338,-7.281623947872811]}"
1492,1209,917,764,582,0.22348232567310333,576,457,-7.339348695489497,72.40064415460814,"{""type"":""Point"",""coordinates"":[72.4006253178619,-7.339371098752501]}"
1493,1246,973,841,578,0.25467440485954285,650,478,-7.34047369344008,72.42335691596541,"{""type"":""Point"",""coordinates"":[72.4233936425147,-7.340459311969815]}"
1494,2051,1994,1366,1101,0.2885298728942871,958,500,-7.290032615385076,72.38925465671589,"{""type"":""Point"",""coordinates"":[72.38923501339612,-7.290066145644522]}"
1496,1634,1246,957,771,0.23549826443195343,757,555,-7.289778477886792,72.40789994042801,"{""type"":""Point"",""coordinates"":[72.40792079557434,-7.289781406750937]}"
1497,1595,1336,1312,968,0.1597222238779068,1154,975,-7.343484683167578,72.41265866562469,"{""type"":""Point"",""coordinates"":[72.41270223721361,-7.343481359307479]}"
1498,1374,1077,883,727,0.1940132975578308,713,527,-7.2796979344152675,72.41501711303029,"{""type"":""Point"",""coordinates"":[72.41499873736811,-7.2797222487563085]}"
1499,989,726,585,377,0.31640979647636414,410,272,-7.3451345505822045,72.38549456776747,"{""type"":""Point"",""coordinates"":[72.38549411851685,-7.345139844369538]}"
1500,1217,920,827,578,0.22830440587449932,603,450,-7.2987012940364355,72.37255156577447,"{""type"":""Point"",""coordinates"":[72.37257786294305,-7.298684890603732]}"
1501,1485,1149,897,716,0.23217158019542694,681,505,-7.281360802140755,72.3898478869968,"{""type"":""Point"",""coordinates"":[72.38980927452246,-7.281345564303435]}"
1502,1956,1900,1365,853,0.38031238317489624,765,576,-7.294019934332015,72.40687997195722,"{""type"":""Point"",""coordinates"":[72.40683720544168,-7.294057243489784]}"
1503,1404,1004,776,736,0.15402299165725708,600,427,-7.329963681811027,72.41862017666152,"{""type"":""Point"",""coordinates"":[72.4185913165404,-7.330003496864646]}"
1504,1510,1098,779,660,0.24914675951004028,612,465,-7.313305377520651,72.39762735722836,"{""type"":""Point"",""coordinates"":[72.39759264773932,-7.313325496867921]}"
1505,3264,3623,2344,883,0.608078122138977,691,499,-7.333475906054565,72.43226764746261,"{""type"":""Point"",""coordinates"":[72.43225221508386,-7.3334808592896055]}"
1506,3053,3251,2322,942,0.5506797042690198,888,666,-7.281119388748115,72.3793511431815,"{""type"":""Point"",""coordinates"":[72.379318133887,-7.28114051890676]}"
1507,1487,1146,870,719,0.22895441949367523,682,528,-7.282544931840712,72.39147006911631,"{""type"":""Point"",""coordinates"":[72.39146221232492,-7.282508683760613]}"
1508,1441,1112,851,675,0.2445439249277115,672,507,-7.284616754935758,72.40602905258689,"{""type"":""Point"",""coordinates"":[72.40600527961647,-7.284576600920393]}"
1509,1747,1308,907,717,0.29185184836387634,689,515,-7.3048972511048715,72.42844877101957,"{""type"":""Point"",""coordinates"":[72.4284887680327,-7.304938128900996]}"
1510,1234,954,791,612,0.21839080459770116,584,427,-7.299598597694451,72.37146027754405,"{""type"":""Point"",""coordinates"":[72.37143488094276,-7.299602600688145]}"
1511,1216,969,815,580,0.25112974643707275,628,476,-7.338827868305343,72.42001732092422,"{""type"":""Point"",""coordinates"":[72.42002055034095,-7.338857423220073]}"
1513,1379,1000,852,668,0.19904077053070068,674,493,-7.277620035391572,72.41511951883506,"{""type"":""Point"",""coordinates"":[72.41516373209218,-7.277631532453471]}"
1514,1396,1066,846,709,0.20112675428390503,662,499,-7.2787579786085645,72.39293998680007,"{""type"":""Point"",""coordinates"":[72.39289735550392,-7.2787384192113835]}"
1515,2260,2577,2171,1356,0.3104500472545624,1051,661,-7.317722702439816,72.41144978109031,"{""type"":""Point"",""coordinates"":[72.41140954210758,-7.31769793693861]}"
1516,1506,1107,789,642,0.265866219997406,637,483,-7.313446388724758,72.4379940240681,"{""type"":""Point"",""coordinates"":[72.43797305199693,-7.313480183696168]}"
1517,2211,1996,1983,1654,0.09369862824678421,1823,1544,-7.343229757673091,72.41546613118847,"{""type"":""Point"",""coordinates"":[72.41546040289364,-7.3431868712687285]}"
1518,1906,1886,1399,943,0.3333333333333333,739,526,-7.288339005296589,72.37768013838466,"{""type"":""Point"",""coordinates"":[72.37771200583337,-7.288378624535869]}"
1519,1292,951,780,608,0.220012828707695,638,481,-7.287756361270965,72.4336150133048,"{""type"":""Point"",""coordinates"":[72.43357016017464,-7.287716850454735]}"
1520,1205,915,780,560,0.24067796766757965,647,487,-7.3401557608311245,72.41521234567024,"{""type"":""Point"",""coordinates"":[72.41521852963433,-7.34019427073009]}"
1521,1781,1360,974,766,0.2793979346752167,762,565,-7.295416931630829,72.41411239859231,"{""type"":""Point"",""coordinates"":[72.41407904576984,-7.295422401567134]}"
1522,1218,917,711,575,0.22922252118587494,555,415,-7.303927173862761,72.3854633157365,"{""type"":""Point"",""coordinates"":[72.38547989347013,-7.303943926246561]}"
1523,1413,1120,827,696,0.23348017036914825,698,531,-7.3019559463252115,72.38837095412899,"{""type"":""Point"",""coordinates"":[72.38833276672202,-7.301915863751135]}"
1524,1282,973,808,659,0.1924019604921341,585,416,-7.318386407932377,72.38556017608171,"{""type"":""Point"",""coordinates"":[72.38552433015091,-7.318372336176526]}"
1525,979,684,509,326,0.35445544123649597,270,193,-7.342186791970046,72.3913952002415,"{""type"":""Point"",""coordinates"":[72.39138620977856,-7.342143295362252]}"
1526,1337,960,695,562,0.26149803400039673,610,456,-7.305587788513936,72.39133657606342,"{""type"":""Point"",""coordinates"":[72.3913783201483,-7.305551298447433]}"
1528,1316,1056,864,663,0.22862128913402557,721,551,-7.284693631380204,72.4353520526573,"{""type"":""Point"",""coordinates"":[72.43534813051357,-7.284714325716683]}"
1529,2984,2794,1230,677,0.6099106669425964,649,498,-7.3343212489178295,72.43787475992657,"{""type"":""Point"",""coordinates"":[72.4379049931239,-7.33431432833755]}"
1530,1596,1334,982,785,0.25908446311950684,522,330,-7.3479200878298725,72.42965024490705,"{""type"":""Point"",""coordinates"":[72.42965006365327,-7.347912582009601]}"
1531,1211,919,758,572,0.2327297180891037,569,437,-7.3116002053076325,72.38406106700691,"{""type"":""Point"",""coordinates"":[72.38403751996817,-7.311585951295333]}"
1532,1369,1062,874,673,0.22420749068260193,675,507,-7.280099530159813,72.40623603774272,"{""type"":""Point"",""coordinates"":[72.40621676814943,-7.280055753225973]}"
1533,1332,1023,841,657,0.21785713732242584,659,484,-7.288568124333228,72.43333887219137,"{""type"":""Point"",""coordinates"":[72.43331301062663,-7.288542362615966]}"
1534,1186,835,661,530,0.22344322344322345,545,414,-7.304301147850927,72.37206633065033,"{""type"":""Point"",""coordinates"":[72.37210602910974,-7.3043368377296565]}"
1535,1424,1083,898,704,0.21208730340003967,718,540,-7.279561348147901,72.39121581796634,"{""type"":""Point"",""coordinates"":[72.3912058156275,-7.279583784017001]}"
1536,1454,1161,970,825,0.16918429732322693,869,719,-7.330691272361508,72.37263588918678,"{""type"":""Point"",""coordinates"":[72.37265974136926,-7.33068589182489]}"
1537,1257,951,776,601,0.2255154699087143,595,442,-7.330788927121676,72.42069723692457,"{""type"":""Point"",""coordinates"":[72.42066492068064,-7.330760875714324]}"
1538,2729,2420,1035,678,0.5622982382774353,692,522,-7.32682746286359,72.43909429881988,"{""type"":""Point"",""coordinates"":[72.43910219671679,-7.326819098168439]}"
1540,1241,928,771,656,0.17171716690063477,585,416,-7.320742979422616,72.40238128052356,"{""type"":""Point"",""coordinates"":[72.4023426347721,-7.3207876462625965]}"
1541,1394,1070,847,766,0.16557733714580536,651,491,-7.330874642946132,72.3730873659667,"{""type"":""Point"",""coordinates"":[72.37311328197495,-7.330830116205841]}"
1543,2048,1617,941,696,0.3981841802597046,678,508,-7.299595002357835,72.41779918566901,"{""type"":""Point"",""coordinates"":[72.41779297333818,-7.299611879451987]}"
1544,1250,964,859,619,0.21794061907770057,602,445,-7.303984451222685,72.37976112460365,"{""type"":""Point"",""coordinates"":[72.37971596433385,-7.304009240742196]}"
1545,1619,1241,920,720,0.26568078994750977,704,520,-7.314709472924399,72.4376247708559,"{""type"":""Point"",""coordinates"":[72.43763194275867,-7.314713216230147]}"
1546,1971,2062,1600,1092,0.30754597336715284,751,498,-7.283423672685108,72.37155466521375,"{""type"":""Point"",""coordinates"":[72.37156761547561,-7.283432969596852]}"
1547,1737,1373,832,660,0.35071322321891785,663,491,-7.326442006579281,72.41909302470728,"{""type"":""Point"",""coordinates"":[72.41909720696972,-7.326458198073495]}"
1548,1202,893,756,573,0.21828103065490723,618,452,-7.31986635935908,72.3914346583083,"{""type"":""Point"",""coordinates"":[72.39139430038573,-7.319907689122498]}"
1549,2187,1995,2035,1604,0.10864128917455673,2088,1805,-7.347006847540991,72.41227621771323,"{""type"":""Point"",""coordinates"":[72.41225620418794,-7.347042087198297]}"
1550,940,656,467,322,0.3415133059024811,231,152,-7.333224601345135,72.37316409504972,"{""type"":""Point"",""coordinates"":[72.3731580123711,-7.333249671171087]}"
1551,1373,1056,856,660,0.23076923191547394,691,520,-7.282224041734981,72.41427860933535,"{""type"":""Point"",""coordinates"":[72.41428138733872,-7.282210095609536]}"
1552,2415,2056,943,640,0.5252225399017334,637,487,-7.334156507976959,72.4406816902331,"{""type"":""Point"",""coordinates"":[72.44066660535168,-7.334131064703911]}"
1553,3631,3734,2222,823,0.6387974619865417,736,543,-7.301102192566382,72.4127221215602,"{""type"":""Point"",""coordinates"":[72.4126818309433,-7.301112332710832]}"
1554,1324,1010,863,663,0.20741184055805206,686,515,-7.2834454131814566,72.43834582754498,"{""type"":""Point"",""coordinates"":[72.43830533422346,-7.283418982885426]}"
1555,2418,1984,919,658,0.5018925070762634,600,438,-7.32103827994907,72.43813171578402,"{""type"":""Point"",""coordinates"":[72.43812115176053,-7.321050487500254]}"
1556,1402,1099,799,570,0.3169562518596649,591,445,-7.315672103938525,72.4006004438933,"{""type"":""Point"",""coordinates"":[72.40056929493005,-7.315703396734759]}"
1557,1473,1110,824,629,0.27659574151039124,619,459,-7.28936811885169,72.41514268182813,"{""type"":""Point"",""coordinates"":[72.415171521669,-7.289342968921132]}"
1558,3415,3305,1534,793,0.612981915473938,819,605,-7.3245383596049,72.43385758612035,"{""type"":""Point"",""coordinates"":[72.43381922731871,-7.3245624798281135]}"
1559,1246,972,838,632,0.21197007596492767,608,450,-7.3099684074399445,72.38316549938034,"{""type"":""Point"",""coordinates"":[72.38312440194129,-7.310009073880514]}"
1560,1467,1118,843,665,0.2540661692619324,659,501,-7.281815233055992,72.39029776603576,"{""type"":""Point"",""coordinates"":[72.39026352605286,-7.2818089574747]}"
1561,1307,986,820,658,0.19951337575912476,630,468,-7.278025920102188,72.43882912284829,"{""type"":""Point"",""coordinates"":[72.43886586258137,-7.2780367914918624]}"
1562,1402,1229,992,830,0.19378338754177094,656,478,-7.345962096345477,72.41916151942385,"{""type"":""Point"",""coordinates"":[72.41915362958224,-7.34599372681693]}"
1563,1360,1003,768,652,0.2120845913887024,525,389,-7.3296131290084094,72.42052297870214,"{""type"":""Point"",""coordinates"":[72.42053168286671,-7.329632677870792]}"
1564,1266,912,733,608,0.20000000298023224,567,415,-7.308117982963494,72.39132189161282,"{""type"":""Point"",""coordinates"":[72.39130416169729,-7.308099392258381]}"
1565,2163,2312,1819,1073,0.3660265803337097,812,590,-7.311254670108978,72.4024361828706,"{""type"":""Point"",""coordinates"":[72.40247749268879,-7.311217483157942]}"
1567,1184,944,754,621,0.20638976991176605,525,394,-7.338442378163598,72.38462855358758,"{""type"":""Point"",""coordinates"":[72.38464347708754,-7.338413575254755]}"
1568,1195,831,567,526,0.224760502576828,325,185,-7.340693784411911,72.4144851144381,"{""type"":""Point"",""coordinates"":[72.41444047047122,-7.340691585775189]}"
1569,1302,965,827,597,0.23559539020061493,657,488,-7.288581993747873,72.43578246046215,"{""type"":""Point"",""coordinates"":[72.43575009127035,-7.288553135727935]}"
1572,3428,3750,2265,889,0.6167277693748474,791,578,-7.345236549614439,72.43446310122894,"{""type"":""Point"",""coordinates"":[72.4344462620977,-7.345252911202844]}"
1573,1539,1170,907,741,0.22448979318141937,728,552,-7.2863694397039955,72.39651610678958,"{""type"":""Point"",""coordinates"":[72.39651974093711,-7.286385131492365]}"
1574,1261,970,775,625,0.21630094043887146,617,464,-7.291674560984834,72.37630318167784,"{""type"":""Point"",""coordinates"":[72.37632027616436,-7.291644690198429]}"
1575,1405,1096,860,700,0.2204899787902832,671,505,-7.2824430045284645,72.42097463423902,"{""type"":""Point"",""coordinates"":[72.42100252415513,-7.282425306174822]}"
1576,1352,1060,898,718,0.19235095381736755,690,504,-7.28343874830144,72.4371692954733,"{""type"":""Point"",""coordinates"":[72.43712899162641,-7.2834307398905755]}"
1577,1374,1039,835,693,0.1997690498828888,647,477,-7.292563292986916,72.43666487072048,"{""type"":""Point"",""coordinates"":[72.4366269402785,-7.292575991660788]}"
1578,1414,1142,931,752,0.20591340959072113,598,417,-7.341120799484281,72.42588764088272,"{""type"":""Point"",""coordinates"":[72.42590540649279,-7.341129501512965]}"
1579,1525,1139,876,668,0.260653018951416,652,489,-7.292551106533933,72.41865414295238,"{""type"":""Point"",""coordinates"":[72.4186885015677,-7.292559859908266]}"
1580,1213,961,885,593,0.23680824041366577,677,476,-7.343927634302263,72.41111733395641,"{""type"":""Point"",""coordinates"":[72.41115290044681,-7.3439683077376054]}"
1581,1432,1084,855,695,0.21866217255592346,689,517,-7.28437987990392,72.41200365151713,"{""type"":""Point"",""coordinates"":[72.41198991793135,-7.284398671782466]}"
1583,1289,933,743,651,0.17803030303030304,558,411,-7.300881589151465,72.37452993043243,"{""type"":""Point"",""coordinates"":[72.37451130231551,-7.30088042034159]}"
1584,1362,1082,914,685,0.22467458248138428,663,492,-7.298910068053815,72.44033958295292,"{""type"":""Point"",""coordinates"":[72.44037498760372,-7.298873656093255]}"
1585,1639,1208,890,702,0.2649214565753937,665,497,-7.3081618080972595,72.43042131071003,"{""type"":""Point"",""coordinates"":[72.43041549480466,-7.308206347507638]}"
1586,1399,1048,856,680,0.21296297013759613,696,520,-7.2790722798403165,72.40044980777316,"{""type"":""Point"",""coordinates"":[72.40042066564727,-7.279067063500818]}"
1587,1301,953,782,599,0.22809278964996338,638,467,-7.342322731170838,72.38370073488093,"{""type"":""Point"",""coordinates"":[72.38374455081144,-7.342304203527403]}"
1588,3891,3784,3279,1982,0.31252166628837585,828,497,-7.312334873579573,72.40170586628267,"{""type"":""Point"",""coordinates"":[72.40172178747126,-7.312338887329949]}"
1589,1426,1058,793,600,0.2762364149093628,601,444,-7.2871646269104255,72.4090915288601,"{""type"":""Point"",""coordinates"":[72.40908820899321,-7.287128277068474]}"
1590,3626,3635,2029,863,0.6162738800048828,826,608,-7.302728774226542,72.41271276529693,"{""type"":""Point"",""coordinates"":[72.41272268451895,-7.302755603698237]}"
1591,1029,688,502,366,0.30550283193588257,259,171,-7.333589226851411,72.37370502246523,"{""type"":""Point"",""coordinates"":[72.37370754766408,-7.333621297020242]}"
1592,1312,985,803,638,0.21380160748958588,648,475,-7.277748158837625,72.43765414367489,"{""type"":""Point"",""coordinates"":[72.43768944409395,-7.277710842354327]}"
1593,2258,2040,1008,702,0.4879649877548218,684,537,-7.2853117252227575,72.38548090954735,"{""type"":""Point"",""coordinates"":[72.38552286562714,-7.285310397068361]}"
1594,1947,1512,962,739,0.3434029221534729,724,545,-7.307957325028414,72.42625903478837,"{""type"":""Point"",""coordinates"":[72.42627275009198,-7.30796868365894]}"
1595,2073,1907,1946,1523,0.11195335537195206,1964,1692,-7.342317236191851,72.41393263745395,"{""type"":""Point"",""coordinates"":[72.41390751876914,-7.342359565619584]}"
1596,1313,1011,873,668,0.2042882740497589,696,511,-7.288133237112307,72.43632805115534,"{""type"":""Point"",""coordinates"":[72.4363503275122,-7.288129662091814]}"
1597,1262,930,713,614,0.2046632170677185,561,424,-7.309937308446794,72.39339300372066,"{""type"":""Point"",""coordinates"":[72.39340351159423,-7.309916910864057]}"
1598,3593,3803,2296,903,0.6162346005439758,816,604,-7.329860711943323,72.43219785565059,"{""type"":""Point"",""coordinates"":[72.43221289789612,-7.329823957163479]}"
1599,1213,906,792,577,0.22184760868549347,604,442,-7.335942739087714,72.38989288291097,"{""type"":""Point"",""coordinates"":[72.38993574254069,-7.335941805766748]}"
1600,2535,2545,2220,1996,0.12089847773313522,1494,1061,-7.34892034673342,72.43073070944888,"{""type"":""Point"",""coordinates"":[72.4307163322957,-7.348961561781186]}"
1601,1216,958,852,606,0.22506393492221832,599,432,-7.312793127935529,72.37165464249965,"{""type"":""Point"",""coordinates"":[72.37163078986413,-7.312755183642871]}"
1602,1352,1017,846,656,0.21578003466129303,673,499,-7.280811251338954,72.42007892735299,"{""type"":""Point"",""coordinates"":[72.42006093150297,-7.280806548715814]}"
1603,1608,1247,852,683,0.29222798347473145,625,467,-7.28369772809895,72.38766231357052,"{""type"":""Point"",""coordinates"":[72.38767493011841,-7.2837080515382135]}"
1605,1316,979,807,634,0.21388716995716095,628,462,-7.286646760090408,72.42918655753644,"{""type"":""Point"",""coordinates"":[72.42917484184791,-7.286676190088219]}"
1606,1367,999,766,608,0.24331051111221313,623,466,-7.298492548753502,72.43047655837634,"{""type"":""Point"",""coordinates"":[72.43048802289174,-7.298463296497889]}"
1608,2187,1641,1394,1318,0.10915850102901459,1345,947,-7.297651918665203,72.42568445640823,"{""type"":""Point"",""coordinates"":[72.42566090512759,-7.297654465282785]}"
1609,1694,1414,1107,1037,0.15381476283073425,990,717,-7.348989431892588,72.42701907315293,"{""type"":""Point"",""coordinates"":[72.42703334606863,-7.348985671872751]}"
1610,3431,3529,2334,1215,0.4877740442752838,1105,714,-7.304927633272373,72.41794958719063,"{""type"":""Point"",""coordinates"":[72.41793975181533,-7.3048956822611]}"
1611,1236,886,695,579,0.20955631399317406,540,401,-7.299626508553451,72.37625683641834,"{""type"":""Point"",""coordinates"":[72.37624725756434,-7.299664629456506]}"
1612,1133,859,692,489,0.2744807121661721,572,442,-7.297806092140164,72.37400485293088,"{""type"":""Point"",""coordinates"":[72.37400740883524,-7.297762026183024]}"
1613,1719,1341,926,746,0.28509822487831116,719,537,-7.2974262177341735,72.41781163030221,"{""type"":""Point"",""coordinates"":[72.41781133017597,-7.297391358440059]}"
1614,1197,827,644,507,0.2398800551891327,533,396,-7.308909644996263,72.37203938738976,"{""type"":""Point"",""coordinates"":[72.37203524098021,-7.308918873112727]}"
1616,1165,784,637,517,0.20522674918174744,547,394,-7.317413768937137,72.37370926928789,"{""type"":""Point"",""coordinates"":[72.37368120861478,-7.317400112259759]}"
1617,1219,940,768,618,0.20667522464698332,560,406,-7.295711421819036,72.37121147086843,"{""type"":""Point"",""coordinates"":[72.37124227232569,-7.295695593799262]}"
1618,1354,1000,817,680,0.190476194024086,658,499,-7.288332951998503,72.4396756511611,"{""type"":""Point"",""coordinates"":[72.43968046424999,-7.288345144262937]}"
1619,2481,2352,1295,794,0.4952320456504822,777,590,-7.338117708703705,72.43803406499691,"{""type"":""Point"",""coordinates"":[72.43801438452986,-7.338105937508317]}"
1620,3354,3464,2038,863,0.6011093258857727,768,569,-7.312049132340043,72.43067061031896,"{""type"":""Point"",""coordinates"":[72.43070695550362,-7.312004341789765]}"
1621,1541,1182,946,773,0.20920716226100922,732,542,-7.2784555756864355,72.38751166957591,"{""type"":""Point"",""coordinates"":[72.38747495130778,-7.278422487028771]}"
1622,1302,960,828,616,0.21827411651611328,586,434,-7.340532343704345,72.40217602312703,"{""type"":""Point"",""coordinates"":[72.40213233529032,-7.340496947649723]}"
1623,2653,2099,1007,768,0.46424832940101624,721,538,-7.319135412816487,72.43723745504958,"{""type"":""Point"",""coordinates"":[72.43723995177747,-7.3191209137122915]}"
1624,1972,1789,1544,1299,0.15867875516414642,799,546,-7.29860514932862,72.38712333596803,"{""type"":""Point"",""coordinates"":[72.38710028588612,-7.298587989803302]}"
1625,1289,961,759,649,0.1937888264656067,572,447,-7.325361757865695,72.38850635951684,"{""type"":""Point"",""coordinates"":[72.3885470018857,-7.325368534077176]}"
1626,1312,989,802,632,0.22023442387580872,631,467,-7.2908816398983465,72.42699024825133,"{""type"":""Point"",""coordinates"":[72.42695717852021,-7.29086783117275]}"
1628,1451,1107,905,717,0.21381579339504242,722,541,-7.280732429530221,72.39057553515136,"{""type"":""Point"",""coordinates"":[72.39058552108091,-7.280704626232877]}"
1630,1173,896,765,564,0.22739726305007935,589,447,-7.333481276177139,72.40176437958513,"{""type"":""Point"",""coordinates"":[72.4017451188372,-7.333513799224789]}"
1631,1251,949,799,602,0.22372663021087646,547,416,-7.313511498289566,72.38640313734204,"{""type"":""Point"",""coordinates"":[72.38642293377771,-7.313513000529233]}"
1632,1264,1009,840,630,0.23123855888843536,635,479,-7.348950416027417,72.4045710538161,"{""type"":""Point"",""coordinates"":[72.40454368371631,-7.348993983008728]}"
1633,1243,998,856,650,0.21116505563259125,677,494,-7.335722632653402,72.41433280423975,"{""type"":""Point"",""coordinates"":[72.41429549180567,-7.3357294805802375]}"
1634,1311,983,789,619,0.227215975522995,634,493,-7.348614974991543,72.42475828543509,"{""type"":""Point"",""coordinates"":[72.42478550868077,-7.348594436451439]}"
1635,1811,1368,885,687,0.33138686418533325,657,493,-7.29942565754045,72.41979131793005,"{""type"":""Point"",""coordinates"":[72.41977650896109,-7.2994696671849]}"
1636,1451,1119,858,682,0.24264296889305115,705,533,-7.280179803389777,72.38876870401687,"{""type"":""Point"",""coordinates"":[72.38872924775842,-7.280214812231256]}"
1637,1261,981,823,625,0.22166873514652252,568,421,-7.32719777133592,72.37790594431485,"{""type"":""Point"",""coordinates"":[72.3779173352017,-7.327195094835294]}"
1638,1224,840,621,552,0.2068965584039688,582,436,-7.328861161636857,72.39979991178474,"{""type"":""Point"",""coordinates"":[72.39977468811836,-7.328819856443935]}"
1639,1313,1014,841,692,0.18874560296535492,650,464,-7.332498607501262,72.41942019569403,"{""type"":""Point"",""coordinates"":[72.41939162288993,-7.332465791419386]}"
1642,1269,1023,872,670,0.20850561559200287,632,447,-7.313330550579817,72.3708369362637,"{""type"":""Point"",""coordinates"":[72.37086989828327,-7.3133042630736185]}"
1643,2105,2057,1432,826,0.4269857704639435,816,620,-7.286309389397202,72.38610863970695,"{""type"":""Point"",""coordinates"":[72.3860963811721,-7.2862752481354285]}"
1644,1234,927,782,609,0.20703125,675,516,-7.330236143323227,72.38757284345604,"{""type"":""Point"",""coordinates"":[72.38757848726979,-7.3302382960110455]}"
1645,2351,1951,897,651,0.4996156692504883,634,485,-7.329459973026862,72.44116109775027,"{""type"":""Point"",""coordinates"":[72.44117441516497,-7.329453028979674]}"
1646,1188,931,811,561,0.24798928201198578,581,436,-7.319156553543434,72.3937015211134,"{""type"":""Point"",""coordinates"":[72.39372705929958,-7.319200855346934]}"
1647,1316,988,865,692,0.17619048058986664,590,430,-7.332940657859134,72.40203905468037,"{""type"":""Point"",""coordinates"":[72.40199729889643,-7.332900245596244]}"
1648,1384,992,773,583,0.2596825361251831,575,429,-7.300495558303519,72.43308986363131,"{""type"":""Point"",""coordinates"":[72.43304555419066,-7.30049841407794]}"
1649,1282,948,794,611,0.21616420149803162,622,473,-7.281521537079702,72.43374100594899,"{""type"":""Point"",""coordinates"":[72.43372754302882,-7.281490048896578]}"
1650,1686,1374,764,483,0.479806125164032,616,486,-7.324663281342065,72.43992128538706,"{""type"":""Point"",""coordinates"":[72.43994481949902,-7.324620326905771]}"
1652,3445,3544,2010,779,0.6396021246910095,782,598,-7.301276695162934,72.41163503144092,"{""type"":""Point"",""coordinates"":[72.4115903753588,-7.301274363460622]}"
1653,1425,1005,702,524,0.3145847022533417,569,425,-7.32624672330542,72.41655979488249,"{""type"":""Point"",""coordinates"":[72.41652629615129,-7.326203232591961]}"
1654,1334,1009,797,635,0.22749391198158264,605,459,-7.28056224693759,72.40813393376627,"{""type"":""Point"",""coordinates"":[72.40812994827301,-7.280593415465148]}"
1655,3387,3576,2063,786,0.6396148800849915,683,510,-7.345603711295275,72.43545668978355,"{""type"":""Point"",""coordinates"":[72.43547963159054,-7.345599554676167]}"
1656,1424,1078,847,661,0.23979298770427704,655,475,-7.304318764585302,72.4379555534814,"{""type"":""Point"",""coordinates"":[72.43792161891105,-7.304346911637684]}"
1657,1225,968,855,637,0.2062305361032486,635,465,-7.326462196264335,72.37573801145156,"{""type"":""Point"",""coordinates"":[72.37572670844754,-7.3264221847813]}"
1660,1419,1088,868,692,0.2224719077348709,672,505,-7.281129857685952,72.39681786411509,"{""type"":""Point"",""coordinates"":[72.39681393427709,-7.281111230274036]}"
1661,2046,1674,1284,1306,0.12348993122577667,1019,805,-7.348729236189466,72.42892144736406,"{""type"":""Point"",""coordinates"":[72.4289293275121,-7.3486846542771795]}"
1662,1381,1058,842,647,0.2410557121038437,664,495,-7.284195522924991,72.41137118357086,"{""type"":""Point"",""coordinates"":[72.41134519156424,-7.284202223238739]}"
1663,1413,1195,808,671,0.28081458806991577,618,448,-7.313326798314717,72.40133809205648,"{""type"":""Point"",""coordinates"":[72.40136120443995,-7.31329770965846]}"
1664,1306,946,760,605,0.21985815465450287,615,461,-7.298267740500225,72.43862357524321,"{""type"":""Point"",""coordinates"":[72.43858338267937,-7.298285853931375]}"
1665,3822,4116,2387,833,0.6633663177490234,747,560,-7.340183236005282,72.43575931981074,"{""type"":""Point"",""coordinates"":[72.43572870967414,-7.34015908409094]}"
1666,1287,978,837,662,0.1926829218864441,694,509,-7.3380196455749855,72.37413159170798,"{""type"":""Point"",""coordinates"":[72.37410733107072,-7.338039559619094]}"
1667,1371,1036,784,619,0.25196373462677,587,428,-7.2850924425893595,72.41018948407134,"{""type"":""Point"",""coordinates"":[72.41017618646065,-7.2850642235674625]}"
1669,1264,967,770,673,0.17926828563213348,554,406,-7.317769411417881,72.37271160230812,"{""type"":""Point"",""coordinates"":[72.37268758022061,-7.317771527918829]}"
1670,1626,1206,854,678,0.2802547812461853,658,500,-7.29644615961316,72.4202609337886,"{""type"":""Point"",""coordinates"":[72.42029391788142,-7.296486743177437]}"
1671,1443,1102,822,646,0.260869562625885,629,476,-7.286710724945366,72.40873212182817,"{""type"":""Point"",""coordinates"":[72.40877617912817,-7.286667883656642]}"
1672,1369,1019,811,636,0.23141993582248688,603,454,-7.29850233419771,72.43219615399008,"{""type"":""Point"",""coordinates"":[72.43216753705535,-7.2985012324715335]}"
1673,1460,1108,894,697,0.2277008295059204,692,510,-7.295568842666014,72.4248818068843,"{""type"":""Point"",""coordinates"":[72.42491172523614,-7.295556595438227]}"
1675,1205,928,781,584,0.22751322388648987,583,450,-7.323689962391142,72.3962999870622,"{""type"":""Point"",""coordinates"":[72.39629991067132,-7.323700300086502]}"
1677,1763,1382,1197,945,0.18779544532299042,1162,920,-7.297917856378768,72.42477786092432,"{""type"":""Point"",""coordinates"":[72.42481248457803,-7.297900382668384]}"
1678,3425,3788,2524,989,0.5859326124191284,693,489,-7.334740008081746,72.43207936833343,"{""type"":""Point"",""coordinates"":[72.43207011843383,-7.3347002285876535]}"
1679,1432,1071,873,679,0.2240000069141388,684,505,-7.283048194635781,72.41617446281273,"{""type"":""Point"",""coordinates"":[72.41614947505234,-7.28304857089582]}"
1680,1254,983,867,674,0.18648159503936768,646,454,-7.315931344599932,72.38294973813906,"{""type"":""Point"",""coordinates"":[72.38294653486656,-7.315887405677354]}"
1681,1129,776,572,431,0.28583264350891113,430,327,-7.347885805307449,72.42367627716052,"{""type"":""Point"",""coordinates"":[72.42365423319656,-7.347910050868524]}"
1682,1329,1007,803,638,0.22431610524654388,648,493,-7.2886923716843395,72.4393115828812,"{""type"":""Point"",""coordinates"":[72.43929670847012,-7.288704982026612]}"
1683,3515,3653,2171,843,0.625,752,548,-7.329770862049726,72.43228888492064,"{""type"":""Point"",""coordinates"":[72.43232350962496,-7.329776731282608]}"
1684,1278,931,780,609,0.20909090340137482,590,430,-7.341114568831721,72.42480148253016,"{""type"":""Point"",""coordinates"":[72.42475815601419,-7.341095866663134]}"
1685,1356,1016,836,669,0.20593471825122833,685,515,-7.292842096528098,72.43802089258604,"{""type"":""Point"",""coordinates"":[72.43798129014277,-7.2928375241836845]}"
1686,1200,904,747,587,0.21260899305343628,583,443,-7.3082761735730255,72.38742917122065,"{""type"":""Point"",""coordinates"":[72.38746524843987,-7.3082592866509035]}"
1687,1403,1054,856,684,0.21288837492465973,653,489,-7.2820044633572705,72.40749212589152,"{""type"":""Point"",""coordinates"":[72.40746936165289,-7.282002056705589]}"
1688,1241,1011,814,604,0.25201237201690674,597,455,-7.308132116973319,72.3937655044914,"{""type"":""Point"",""coordinates"":[72.39372719687798,-7.308140785442585]}"
1689,1181,939,860,576,0.23960396647453308,652,509,-7.338031101443965,72.39160045523812,"{""type"":""Point"",""coordinates"":[72.39156493565093,-7.338051086674653]}"
1692,1235,919,732,568,0.2360457330942154,616,465,-7.335450963978751,72.39858498545223,"{""type"":""Point"",""coordinates"":[72.39858787252638,-7.335419761947525]}"
1693,1287,1022,860,677,0.20306062698364258,651,478,-7.340168264271604,72.41738464218787,"{""type"":""Point"",""coordinates"":[72.41734205803546,-7.340198297189513]}"
1694,2517,2432,1199,761,0.5233322978019714,796,602,-7.34543384025706,72.43735853845912,"{""type"":""Point"",""coordinates"":[72.43732848517938,-7.345457841721896]}"
1695,2590,2852,2632,2071,0.15864309668540955,920,603,-7.335716956973723,72.42908675534639,"{""type"":""Point"",""coordinates"":[72.42911777503791,-7.33574279914111]}"
1696,1271,1030,835,684,0.2018669843673706,589,460,-7.3284495915933325,72.4067717301506,"{""type"":""Point"",""coordinates"":[72.40672997440856,-7.32842009214987]}"
1698,1291,995,813,641,0.21638141572475433,685,521,-7.2862190914158695,72.43344275487695,"{""type"":""Point"",""coordinates"":[72.4334101364718,-7.286244541107407]}"
1699,1190,910,786,546,0.25,587,443,-7.337744516074029,72.42020459643591,"{""type"":""Point"",""coordinates"":[72.42019083749007,-7.33774175267627]}"
1700,1492,1142,869,715,0.2299407720565796,699,536,-7.287373349384407,72.3982298720866,"{""type"":""Point"",""coordinates"":[72.39819441425914,-7.28739288284137]}"
1701,1336,1005,930,679,0.19358669221401215,791,573,-7.347828270585112,72.39806042735864,"{""type"":""Point"",""coordinates"":[72.39807711041273,-7.347831002265761]}"
1702,1268,933,806,625,0.19768933951854706,630,495,-7.311619469449506,72.37184252348766,"{""type"":""Point"",""coordinates"":[72.3718356310441,-7.31161247169644]}"
1703,1272,964,772,642,0.20049813389778137,612,433,-7.327656650049178,72.41030629749427,"{""type"":""Point"",""coordinates"":[72.41026835249939,-7.3276716150716235]}"
1704,1321,958,749,668,0.17835178971290588,597,451,-7.345837397043548,72.38205091641672,"{""type"":""Point"",""coordinates"":[72.3820385768055,-7.34587798841206]}"
1705,1145,824,681,498,0.24659606656580937,554,423,-7.296542590996902,72.37428373552088,"{""type"":""Point"",""coordinates"":[72.3742709458828,-7.296522188975457]}"
1706,1127,866,746,511,0.25780683755874634,587,457,-7.3216031711398815,72.37929629445983,"{""type"":""Point"",""coordinates"":[72.37927939929597,-7.321614484387062]}"
1707,1274,925,744,685,0.14906832575798035,543,397,-7.345361261944428,72.3778900660062,"{""type"":""Point"",""coordinates"":[72.37793486097478,-7.345367388629661]}"
1708,1963,1655,1019,829,0.33252817392349243,849,612,-7.290231110343825,72.39233062490638,"{""type"":""Point"",""coordinates"":[72.39230689879084,-7.290218749774616]}"
1709,1186,859,702,551,0.2184397131204605,563,433,-7.315949742251886,72.38611741921292,"{""type"":""Point"",""coordinates"":[72.38609047167571,-7.315942706441103]}"
1710,1177,893,742,564,0.22580644488334656,590,454,-7.330284363815109,72.380331674294,"{""type"":""Point"",""coordinates"":[72.38030500966265,-7.330307656213875]}"
1711,1523,1167,892,709,0.24413646757602692,712,523,-7.291566900437492,72.42037939285584,"{""type"":""Point"",""coordinates"":[72.42035814944629,-7.29153590833141]}"
1712,1749,1288,907,726,0.2790466845035553,709,534,-7.302333411784155,72.42258038971454,"{""type"":""Point"",""coordinates"":[72.42257436715788,-7.302314589644406]}"
1713,1198,816,640,512,0.22891566157341003,507,343,-7.3314321539545455,72.3757089058635,"{""type"":""Point"",""coordinates"":[72.37574442868336,-7.331425998508974]}"
1714,1380,1053,904,745,0.1713014394044876,660,480,-7.340437228935692,72.38579356616985,"{""type"":""Point"",""coordinates"":[72.38579163655601,-7.340405363182969]}"
1715,1935,1530,940,718,0.3612099587917328,677,507,-7.2998676538362295,72.41806914287005,"{""type"":""Point"",""coordinates"":[72.41805608743337,-7.299906882042068]}"
1716,1504,1121,862,666,0.2546166777610779,666,494,-7.301181378053259,72.42656934492841,"{""type"":""Point"",""coordinates"":[72.42653414357555,-7.301178079427682]}"
1717,1284,987,846,640,0.2132759690284729,577,421,-7.311821861960688,72.39111937030216,"{""type"":""Point"",""coordinates"":[72.39114377481437,-7.311805399579882]}"
1719,1198,877,670,579,0.20467032492160797,559,423,-7.33750520743352,72.39440942929365,"{""type"":""Point"",""coordinates"":[72.39443277724703,-7.337476603937724]}"
1720,1295,1009,829,640,0.22377198934555054,626,476,-7.345258944473422,72.4226052135707,"{""type"":""Point"",""coordinates"":[72.42259913315488,-7.345271499928515]}"
1721,1399,1071,828,666,0.2331606149673462,635,473,-7.283118902422822,72.41273491699539,"{""type"":""Point"",""coordinates"":[72.41276314888856,-7.283120619990948]}"
1723,1160,893,770,512,0.2711743712425232,570,435,-7.346539667443515,72.4253133458781,"{""type"":""Point"",""coordinates"":[72.42531055786255,-7.346546514541782]}"
1724,1197,930,765,595,0.21967212855815887,524,383,-7.304532413366361,72.38075349334531,"{""type"":""Point"",""coordinates"":[72.38073029368796,-7.304558001750859]}"
1726,1542,1187,897,737,0.23388773202896118,748,558,-7.283908222274371,72.39281971785329,"{""type"":""Point"",""coordinates"":[72.39284624615154,-7.283924991275227]}"
1728,2408,2472,1710,830,0.49727436900138855,566,319,-7.316759567474893,72.43263491403349,"{""type"":""Point"",""coordinates"":[72.43262446608846,-7.316734221989365]}"
1729,1323,1040,842,656,0.22641509771347046,653,488,-7.28794480103252,72.43497153096342,"{""type"":""Point"",""coordinates"":[72.43495459917818,-7.287967306058609]}"
1730,1123,906,870,574,0.2243243306875229,621,472,-7.310447393690877,72.37230191192455,"{""type"":""Point"",""coordinates"":[72.37229764147547,-7.310410269320804]}"
1731,1403,1050,815,659,0.22878876328468323,600,455,-7.343207533180703,72.42732389949629,"{""type"":""Point"",""coordinates"":[72.42729970498493,-7.343236158289685]}"
1732,3659,3947,2228,867,0.6398006081581116,826,628,-7.341083804334665,72.4352110570501,"{""type"":""Point"",""coordinates"":[72.4352325888634,-7.3411023479672455]}"
1734,1264,992,828,668,0.19518072289156627,594,420,-7.299196248629331,72.3799700258018,"{""type"":""Point"",""coordinates"":[72.37997206930397,-7.299164876860402]}"
1736,1195,903,793,583,0.21534320712089539,588,455,-7.332132083811603,72.40285835963634,"{""type"":""Point"",""coordinates"":[72.40283715181302,-7.332093586178063]}"
1737,1369,1049,885,717,0.18799546360969543,669,499,-7.2859868939296755,72.42439354862054,"{""type"":""Point"",""coordinates"":[72.42436657666343,-7.285951988958814]}"
1738,1388,1053,850,651,0.23591549694538116,646,488,-7.283401384252932,72.41472437794008,"{""type"":""Point"",""coordinates"":[72.41475824085528,-7.283383888287449]}"
1739,1783,1440,939,735,0.32413792610168457,729,543,-7.284778435022016,72.38702253730877,"{""type"":""Point"",""coordinates"":[72.38699736717322,-7.284807335987575]}"
1740,1307,951,765,642,0.1939736306667328,600,432,-7.3335939131212315,72.42131468519852,"{""type"":""Point"",""coordinates"":[72.42134948996143,-7.333566667536074]}"
1741,1497,1103,782,618,0.2818129062652588,603,450,-7.313451535172631,72.43889910953752,"{""type"":""Point"",""coordinates"":[72.43886288539387,-7.313420250564593]}"
1742,1234,901,794,605,0.19654715061187744,645,479,-7.334745273017147,72.41723490383238,"{""type"":""Point"",""coordinates"":[72.4171994089164,-7.334733209621735]}"
1743,1220,904,837,631,0.1778501570224762,671,485,-7.336239884381901,72.3788486453259,"{""type"":""Point"",""coordinates"":[72.37887514308699,-7.336282538696141]}"
1744,1249,1021,919,677,0.20259128510951996,634,473,-7.303202166109342,72.38510550814874,"{""type"":""Point"",""coordinates"":[72.38511812235824,-7.303169023138465]}"
1745,1289,988,857,642,0.21226993203163147,605,438,-7.343361635583767,72.37591049994106,"{""type"":""Point"",""coordinates"":[72.3758948231747,-7.343376621961539]}"
1746,1227,933,768,616,0.20464816689491272,616,474,-7.3426307915649565,72.37455709310404,"{""type"":""Point"",""coordinates"":[72.3745877223361,-7.342674415804418]}"
1748,1290,953,812,682,0.16574923694133759,599,447,-7.3430308541053835,72.38116221246925,"{""type"":""Point"",""coordinates"":[72.38114436879013,-7.343026025155867]}"
1749,1204,976,839,569,0.2634304165840149,616,465,-7.34731698869606,72.38783518743391,"{""type"":""Point"",""coordinates"":[72.38786794500253,-7.347349610773498]}"
1750,1321,974,794,676,0.18060606718063354,647,459,-7.342391443307963,72.37998928322888,"{""type"":""Point"",""coordinates"":[72.37998041022912,-7.342415029020673]}"
1751,1182,939,779,580,0.23633970320224762,606,456,-7.336493653082167,72.40699669863506,"{""type"":""Point"",""coordinates"":[72.4070254470338,-7.3364946637403]}"
1752,1431,1048,812,628,0.25059667229652405,628,473,-7.300584380875272,72.43281783132535,"{""type"":""Point"",""coordinates"":[72.43279722119696,-7.300563937039587]}"
1753,4695,4711,4877,4550,0.017384732142090797,4619,3430,-7.299466028069274,72.3953543263884,"{""type"":""Point"",""coordinates"":[72.39539708637287,-7.299480943907178]}"
1754,1464,1194,1073,842,0.17288801074028015,812,581,-7.344078118222177,72.39029799613417,"{""type"":""Point"",""coordinates"":[72.39029590170112,-7.344120781739608]}"
1755,2165,2234,1807,1108,0.3369239866733551,767,553,-7.29824683691815,72.38766844560045,"{""type"":""Point"",""coordinates"":[72.3876447696848,-7.298239567327884]}"
1756,1564,1171,852,664,0.2762942910194397,635,474,-7.293900389935816,72.41756033533122,"{""type"":""Point"",""coordinates"":[72.41756215954605,-7.293889925381792]}"
1758,1412,1088,892,715,0.2068774253129959,693,526,-7.277711088769568,72.3994621313792,"{""type"":""Point"",""coordinates"":[72.3995047688241,-7.277692747605962]}"
1759,1320,992,798,626,0.22620518505573273,628,463,-7.290234261042459,72.4402983959639,"{""type"":""Point"",""coordinates"":[72.4402882433512,-7.290237525815927]}"
1760,3556,3840,2472,1032,0.5763546824455261,890,654,-7.329130536738856,72.43093484138302,"{""type"":""Point"",""coordinates"":[72.43095628277297,-7.329100064213738]}"
1761,1704,1293,905,678,0.3120243549346924,733,549,-7.296795725814133,72.41817727421606,"{""type"":""Point"",""coordinates"":[72.41815645021066,-7.29681963777933]}"
1762,1402,1108,869,720,0.21225382387638092,700,519,-7.277500694411279,72.39430476695141,"{""type"":""Point"",""coordinates"":[72.39432232556368,-7.27745772457078]}"
1763,1466,1072,794,621,0.26639100909233093,624,476,-7.294018672750486,72.42244699633527,"{""type"":""Point"",""coordinates"":[72.42241663000344,-7.293990064307058]}"
1764,1266,1009,863,649,0.21712906658649445,627,445,-7.338685718853698,72.39539820577384,"{""type"":""Point"",""coordinates"":[72.39538632640915,-7.33865915024707]}"
1766,1376,1027,838,668,0.21179941296577454,672,498,-7.30803102865939,72.43920154171988,"{""type"":""Point"",""coordinates"":[72.43923357533166,-7.308050731867902]}"
1767,1205,915,734,576,0.227364182472229,551,445,-7.348021960183377,72.38475356197269,"{""type"":""Point"",""coordinates"":[72.3847091366698,-7.348061615622013]}"
1768,1273,983,855,651,0.2031823694705963,582,434,-7.3406467865217895,72.40633903131058,"{""type"":""Point"",""coordinates"":[72.40638055178573,-7.340654487114294]}"
1769,1372,1043,803,642,0.23798219859600067,633,475,-7.282299909438059,72.39599659086319,"{""type"":""Point"",""coordinates"":[72.39601134615336,-7.282339904725456]}"
1770,1400,1079,886,668,0.23526044189929962,700,526,-7.282714103476859,72.42097308399538,"{""type"":""Point"",""coordinates"":[72.42097190219096,-7.282739506241248]}"
1771,1230,944,825,601,0.22200646996498108,624,474,-7.332159543101333,72.39199670944195,"{""type"":""Point"",""coordinates"":[72.3920192551248,-7.3321667358075615]}"
1772,1727,1578,1035,709,0.37997376918792725,677,511,-7.298415065853327,72.41690088682151,"{""type"":""Point"",""coordinates"":[72.41689667926067,-7.298404049275046]}"
1773,1438,1084,849,657,0.24526134133338928,655,497,-7.284232436779028,72.402049122703,"{""type"":""Point"",""coordinates"":[72.40200746240374,-7.284265261840488]}"
1774,1164,833,689,512,0.23866170644760132,566,441,-7.305863662425933,72.37658247144736,"{""type"":""Point"",""coordinates"":[72.37655177971764,-7.3058906349034025]}"
1775,1360,1034,831,648,0.22948870062828064,677,522,-7.2880120397332,72.43089837970909,"{""type"":""Point"",""coordinates"":[72.43093639736533,-7.288015651078112]}"
1776,1099,779,605,430,0.28866833448410034,466,388,-7.317263631878971,72.3789596075432,"{""type"":""Point"",""coordinates"":[72.37898121794731,-7.317225576010989]}"
1777,1267,924,775,618,0.19844357669353485,695,514,-7.343370090714634,72.42415488099988,"{""type"":""Point"",""coordinates"":[72.42419592058813,-7.343407691186405]}"
1778,3777,4022,2750,932,0.6237384080886841,839,629,-7.300020398791565,72.41318087799164,"{""type"":""Point"",""coordinates"":[72.41316588223795,-7.299990314338244]}"
1779,1271,997,858,677,0.1911589008363202,648,473,-7.30368652564339,72.37514709232086,"{""type"":""Point"",""coordinates"":[72.37513403813337,-7.303730401356715]}"
1780,1501,1132,850,662,0.26198437809944153,684,510,-7.282267575694841,72.39038565060532,"{""type"":""Point"",""coordinates"":[72.3903910070736,-7.282281712356374]}"
1781,1411,1101,856,715,0.21255506575107574,689,514,-7.285069820120732,72.42204566566141,"{""type"":""Point"",""coordinates"":[72.42201845598255,-7.285079358765549]}"
1782,1433,1052,804,637,0.24570751190185547,614,470,-7.299213938366738,72.43020091499257,"{""type"":""Point"",""coordinates"":[72.43016631630067,-7.299199116901644]}"
1784,1335,1001,817,663,0.203125,650,507,-7.2861030149345405,72.4289181426418,"{""type"":""Point"",""coordinates"":[72.42890569366622,-7.286145473682661]}"
1785,1318,980,753,688,0.1750599520383693,572,421,-7.288847541795122,72.37188504601161,"{""type"":""Point"",""coordinates"":[72.37185765214235,-7.288808111608317]}"
1786,1403,1047,838,655,0.23031727969646454,672,501,-7.288400465899053,72.41976398632997,"{""type"":""Point"",""coordinates"":[72.41972862788589,-7.288413759918154]}"
1787,1392,1072,836,678,0.22514285147190094,677,505,-7.282972813042666,72.41879950733544,"{""type"":""Point"",""coordinates"":[72.41883017468322,-7.282950205537332]}"
1788,1603,1212,951,821,0.1923266053199768,764,559,-7.307378908339063,72.4357658701121,"{""type"":""Point"",""coordinates"":[72.43574847241199,-7.307338195835752]}"
1789,1551,1180,795,628,0.3053097426891327,598,440,-7.292530909132236,72.39937664676872,"{""type"":""Point"",""coordinates"":[72.39933423176183,-7.292544781935987]}"
1790,1382,1008,827,719,0.16734221577644348,616,479,-7.34743219875185,72.37661072127581,"{""type"":""Point"",""coordinates"":[72.37656933514222,-7.347395345175385]}"
1791,1387,1067,848,659,0.23638470470905304,661,494,-7.30214274883794,72.4367008224102,"{""type"":""Point"",""coordinates"":[72.43666522903418,-7.302163129174642]}"
1792,1887,1474,1220,1073,0.15744012594223022,1142,775,-7.297556390268166,72.42477992921063,"{""type"":""Point"",""coordinates"":[72.42478589352278,-7.297594748883414]}"
1793,1444,1133,842,740,0.2098238170146942,654,501,-7.301134287835623,72.38692763727592,"{""type"":""Point"",""coordinates"":[72.38696146907614,-7.30115655217512]}"
1794,1561,1135,784,617,0.2956621050834656,602,441,-7.294368770541905,72.42045385024964,"{""type"":""Point"",""coordinates"":[72.42048336630003,-7.294402147525923]}"
1795,1202,847,680,556,0.2074126899242401,544,404,-7.3479025353437635,72.37977596013039,"{""type"":""Point"",""coordinates"":[72.37977440986575,-7.347879928082701]}"
1796,1252,989,834,588,0.2542802691459656,638,474,-7.334957197088392,72.422664555031,"{""type"":""Point"",""coordinates"":[72.42265874577124,-7.334925746589174]}"
1797,1309,989,852,659,0.20024271309375763,670,512,-7.28388340420544,72.4358996929918,"{""type"":""Point"",""coordinates"":[72.4359021670436,-7.283848270874472]}"
1798,1687,1314,881,674,0.3219316005706787,680,520,-7.298251931968546,72.4199790622181,"{""type"":""Point"",""coordinates"":[72.41996752407105,-7.298284133185288]}"
1799,1544,1182,890,715,0.24617817997932434,715,535,-7.2866222817594775,72.39334703979779,"{""type"":""Point"",""coordinates"":[72.3933271437631,-7.286615565815353]}"
1801,1214,924,784,613,0.202342227101326,588,440,-7.320073816092763,72.39604944780086,"{""type"":""Point"",""coordinates"":[72.39603434159113,-7.3200653142747765]}"
1803,1550,1275,1054,887,0.1794634610414505,695,505,-7.344119654501069,72.39744840739267,"{""type"":""Point"",""coordinates"":[72.39745340400444,-7.344136709556447]}"
1804,1285,957,762,610,0.22144225239753723,587,438,-7.278528638338731,72.4318574444693,"{""type"":""Point"",""coordinates"":[72.43181716235401,-7.2785012833066185]}"
1805,1434,1093,901,732,0.19780822098255157,726,544,-7.27974833593539,72.39230075406297,"{""type"":""Point"",""coordinates"":[72.39229526052753,-7.279717817950562]}"
1807,1631,1211,863,691,0.27339643239974976,667,501,-7.315635273259105,72.44151150327508,"{""type"":""Point"",""coordinates"":[72.44147508221258,-7.315667186951576]}"
1808,1148,805,735,530,0.20599250495433807,625,473,-7.325190183903148,72.4057044469405,"{""type"":""Point"",""coordinates"":[72.40567925567525,-7.325222707815897]}"
1809,1177,871,723,551,0.225035160779953,517,392,-7.29847911960663,72.38096974994397,"{""type"":""Point"",""coordinates"":[72.38100277219797,-7.298507017253336]}"
1810,1179,918,821,550,0.25068119168281555,674,515,-7.333072831960923,72.40927934275743,"{""type"":""Point"",""coordinates"":[72.40925605854387,-7.333037775105014]}"
1811,1480,1079,879,827,0.13221405446529388,717,525,-7.346245688769326,72.42133228722265,"{""type"":""Point"",""coordinates"":[72.42134728058716,-7.34629052009396]}"
1812,1348,965,778,650,0.19504643976688385,625,449,-7.346980188029227,72.40766004034003,"{""type"":""Point"",""coordinates"":[72.40764434070161,-7.346976875253969]}"
1813,2608,2767,1979,849,0.5304203629493713,801,603,-7.284209037450083,72.38231974142481,"{""type"":""Point"",""coordinates"":[72.38230154651174,-7.28419425798367]}"
1814,1497,1094,931,805,0.1521853655576706,893,761,-7.331135146565809,72.37127562954662,"{""type"":""Point"",""coordinates"":[72.37124431026103,-7.331121263799333]}"
1816,1786,1368,961,795,0.2649098336696625,758,569,-7.29405729912415,72.41339616046425,"{""type"":""Point"",""coordinates"":[72.41341480425385,-7.294060127373191]}"
1817,3739,3698,1929,873,0.6180266737937927,806,599,-7.301287074890224,72.41344511636974,"{""type"":""Point"",""coordinates"":[72.413420291123,-7.3013218514042935]}"
1818,1247,982,870,671,0.1881427764892578,630,477,-7.329004675720291,72.39337274646412,"{""type"":""Point"",""coordinates"":[72.39332899635511,-7.329013184564203]}"
1819,3049,2829,1217,681,0.6119658350944519,664,491,-7.328900756774063,72.43817730609545,"{""type"":""Point"",""coordinates"":[72.43818361973929,-7.328874339064541]}"
1820,1330,991,785,688,0.18046456575393677,625,438,-7.334823129242757,72.39940325095158,"{""type"":""Point"",""coordinates"":[72.39937534188914,-7.334839383501477]}"
1821,1325,997,811,632,0.22406384348869324,654,492,-7.287109398270988,72.43108453631122,"{""type"":""Point"",""coordinates"":[72.43109592308,-7.287096129258381]}"
1822,1356,1023,823,673,0.20636792480945587,651,484,-7.280473954973997,72.40849645199633,"{""type"":""Point"",""coordinates"":[72.40853805312369,-7.280462002121403]}"
1823,1218,923,734,619,0.19714656290531776,597,440,-7.293099328736458,72.37267476512478,"{""type"":""Point"",""coordinates"":[72.37263114470717,-7.293110589211016]}"
1824,1377,1047,865,711,0.19112628698349,705,534,-7.286795164626369,72.43941286843327,"{""type"":""Point"",""coordinates"":[72.43945576165217,-7.286770580979729]}"
1825,1266,959,825,642,0.19800124921923798,626,464,-7.303653838301076,72.36953597972828,"{""type"":""Point"",""coordinates"":[72.3695458822691,-7.3036304485240455]}"
1826,1265,1022,824,628,0.23878787457942963,631,483,-7.33743268925155,72.39748730674717,"{""type"":""Point"",""coordinates"":[72.39752260120328,-7.337476937599176]}"
1828,1212,873,711,545,0.23131170868873596,617,454,-7.341848736138278,72.37990194891485,"{""type"":""Point"",""coordinates"":[72.37987749993086,-7.341844421424031]}"
1830,1341,1003,797,653,0.2113526612520218,679,517,-7.280863381269262,72.41338137713296,"{""type"":""Point"",""coordinates"":[72.41335327562018,-7.280873739361346]}"
1831,1222,917,771,622,0.19168290495872498,627,482,-7.342011484739419,72.37682355070406,"{""type"":""Point"",""coordinates"":[72.37684548032047,-7.342033454247929]}"
1832,2777,2433,1012,688,0.5591156482696533,665,487,-7.294398533395227,72.40986447485886,"{""type"":""Point"",""coordinates"":[72.40987408865236,-7.29439312828618]}"
1833,1231,915,755,626,0.18754056096076965,558,415,-7.310036683867006,72.37936381559821,"{""type"":""Point"",""coordinates"":[72.37933105897433,-7.309996139142542]}"
1834,1255,931,784,597,0.21858638525009155,585,468,-7.315461045467904,72.39535213919712,"{""type"":""Point"",""coordinates"":[72.39533378273048,-7.3155009503200406]}"
1835,1443,1078,810,638,0.25641027092933655,603,452,-7.286490520318364,72.40185510318706,"{""type"":""Point"",""coordinates"":[72.40184989813389,-7.28647783279301]}"
1836,1472,1133,868,701,0.23555070161819458,701,527,-7.286001205546978,72.39534169466299,"{""type"":""Point"",""coordinates"":[72.39531965366476,-7.285994526562423]}"
1837,1226,875,690,578,0.20440468192100525,586,448,-7.308000213645328,72.3710491428303,"{""type"":""Point"",""coordinates"":[72.37107846997226,-7.307976117231311]}"
1838,1384,1132,777,628,0.2863636314868927,599,447,-7.313051526843448,72.4006156144711,"{""type"":""Point"",""coordinates"":[72.40064911202433,-7.313051975026943]}"
1839,1309,1064,946,676,0.22298850119113922,664,509,-7.345622618862636,72.40730584914627,"{""type"":""Point"",""coordinates"":[72.40729008920928,-7.34562728111853]}"
1840,1363,1117,840,633,0.2765714285714286,609,459,-7.291596280901906,72.37838520235542,"{""type"":""Point"",""coordinates"":[72.37842456284106,-7.291630612479457]}"
1841,1341,946,753,665,0.17442582547664642,586,419,-7.336288865037707,72.40283425071347,"{""type"":""Point"",""coordinates"":[72.40286702967973,-7.3362589812916825]}"
1842,1454,1079,868,700,0.2130410373210907,661,492,-7.301791559335932,72.43851300513712,"{""type"":""Point"",""coordinates"":[72.43848069742177,-7.301796478980009]}"
1843,1191,889,813,553,0.2330097109079361,682,533,-7.342189268287075,72.40741626965414,"{""type"":""Point"",""coordinates"":[72.40745077606778,-7.342156995032699]}"
1844,1238,910,739,623,0.18721461296081543,558,366,-7.334199526084306,72.36989997958574,"{""type"":""Point"",""coordinates"":[72.36987874967738,-7.3341587399647015]}"
1845,1428,1056,858,671,0.2229299396276474,669,500,-7.291216282293266,72.42228202277539,"{""type"":""Point"",""coordinates"":[72.42228815638619,-7.291190476225384]}"
1846,3505,3862,2684,1142,0.5435651540756226,842,612,-7.330393602957778,72.43056554196554,"{""type"":""Point"",""coordinates"":[72.43055209307674,-7.330418598311725]}"
1847,1302,974,791,660,0.19216646254062653,581,418,-7.3239621032006275,72.39647942833554,"{""type"":""Point"",""coordinates"":[72.3964990234205,-7.323991455891222]}"
1848,1348,1052,928,724,0.18468467891216278,679,483,-7.336969322900737,72.39549870751274,"{""type"":""Point"",""coordinates"":[72.39554082286587,-7.336970423618549]}"
1850,2705,2772,1801,834,0.5374376177787781,749,548,-7.2959902880123115,72.40379143102362,"{""type"":""Point"",""coordinates"":[72.40375274529109,-7.295960874220851]}"
1851,1240,947,754,620,0.20867900550365448,601,441,-7.300565878936752,72.38240568204809,"{""type"":""Point"",""coordinates"":[72.3824361518571,-7.300606327161878]}"
1852,1334,1019,858,644,0.2254960983991623,626,467,-7.288127076241913,72.43524201194892,"{""type"":""Point"",""coordinates"":[72.43528138780486,-7.288124771151408]}"
1853,1372,1041,894,717,0.18430034816265106,669,464,-7.335626873723004,72.38220117634685,"{""type"":""Point"",""coordinates"":[72.38218017934855,-7.335602250386113]}"
1854,3512,3677,2361,780,0.6499887704849243,792,605,-7.299572201054616,72.41381700352362,"{""type"":""Point"",""coordinates"":[72.41385999511415,-7.299551256180625]}"
1855,1560,1129,821,667,0.2572382986545563,666,507,-7.301362111335889,72.42656831099762,"{""type"":""Point"",""coordinates"":[72.42660364394122,-7.301319916147266]}"
1856,1455,1099,860,678,0.23691615462303162,681,520,-7.29620347294066,72.42524020494507,"{""type"":""Point"",""coordinates"":[72.4252696070685,-7.296215041492115]}"
1857,1433,1071,771,600,0.2818671464920044,592,443,-7.343752327149259,72.42777334992077,"{""type"":""Point"",""coordinates"":[72.4277903365366,-7.343731903340302]}"
1858,1410,1067,829,656,0.23853743076324463,647,484,-7.285280946502515,72.41154595956027,"{""type"":""Point"",""coordinates"":[72.41158236292644,-7.285270235851526]}"
1859,1495,1110,848,648,0.26279863715171814,648,493,-7.289561785858348,72.41740419897418,"{""type"":""Point"",""coordinates"":[72.4174153666343,-7.289568127748233]}"
1860,1182,881,747,554,0.22787456445993032,547,423,-7.295165030559488,72.37049063679243,"{""type"":""Point"",""coordinates"":[72.37049174914897,-7.295157423524032]}"
1861,1455,1111,887,697,0.22898229956626892,674,505,-7.28711000682246,72.41533664304194,"{""type"":""Point"",""coordinates"":[72.41533200228301,-7.287084195706065]}"
1863,1215,946,850,612,0.21437740325927734,633,476,-7.33749837831749,72.39323279672693,"{""type"":""Point"",""coordinates"":[72.39319575104977,-7.337489015598007]}"
1865,1308,1014,858,690,0.19014084339141846,632,466,-7.339142790368343,72.39630068277651,"{""type"":""Point"",""coordinates"":[72.3962782248759,-7.339145565546517]}"
1867,1805,1332,897,698,0.31231528520584106,689,517,-7.305987844449832,72.42952864482153,"{""type"":""Point"",""coordinates"":[72.42953426252322,-7.3059858597440215]}"
1868,1225,962,877,585,0.24369747936725616,582,462,-7.31150721441159,72.38360907210284,"{""type"":""Point"",""coordinates"":[72.38363526627062,-7.311490900174257]}"
1869,1424,1074,860,697,0.21287408471107483,626,465,-7.2983141377446445,72.38368584571089,"{""type"":""Point"",""coordinates"":[72.38366458129492,-7.2982879028517464]}"
1870,1169,829,689,552,0.20057928562164307,635,493,-7.3347528252833385,72.37179746235144,"{""type"":""Point"",""coordinates"":[72.37177105458602,-7.334707527294049]}"
1872,4021,4015,3571,2368,0.25802913308143616,804,474,-7.297692603520492,72.38559005473746,"{""type"":""Point"",""coordinates"":[72.38562474158628,-7.297736598378207]}"
1873,1463,1167,803,585,0.3321917951107025,601,449,-7.340408764254025,72.42779257664525,"{""type"":""Point"",""coordinates"":[72.4277552289081,-7.3403805074743085]}"
1875,2358,2559,1971,966,0.45191490650177,728,518,-7.335080763438346,72.42845680209648,"{""type"":""Point"",""coordinates"":[72.4284329270068,-7.335107218218353]}"
1877,1152,895,832,547,0.24133148789405823,610,459,-7.333210181972558,72.40176595237278,"{""type"":""Point"",""coordinates"":[72.401731246438,-7.333176200722228]}"
1878,1221,1017,893,597,0.26022306084632874,674,532,-7.332425133894746,72.40665820604302,"{""type"":""Point"",""coordinates"":[72.4066349516302,-7.33245995259895]}"
1881,1159,822,690,446,0.29652997851371765,640,482,-7.349071663371101,72.40991082566582,"{""type"":""Point"",""coordinates"":[72.40989145256435,-7.3491040916650405]}"
1882,1984,1829,1811,1443,0.11797066032886505,1722,1389,-7.3489217511209475,72.41525219071302,"{""type"":""Point"",""coordinates"":[72.4152925728847,-7.348898624518536]}"
1883,1330,976,810,628,0.21695759892463684,668,502,-7.285713732082579,72.42403308968551,"{""type"":""Point"",""coordinates"":[72.42402898466102,-7.285714375514611]}"
1884,1365,1050,835,687,0.2089810073375702,667,501,-7.28045113124455,72.40451446816334,"{""type"":""Point"",""coordinates"":[72.40451337638781,-7.28047378370201]}"
1885,1106,874,767,502,0.27034884691238403,553,436,-7.307310523942627,72.37675503895456,"{""type"":""Point"",""coordinates"":[72.37676750709,-7.307354589368813]}"
1886,1490,1124,843,677,0.24819543957710266,641,476,-7.2888342026552015,72.41659382387702,"{""type"":""Point"",""coordinates"":[72.4165692947644,-7.288877151028426]}"
1887,1504,1104,821,673,0.24254360795021057,681,516,-7.296555646304457,72.42360906272843,"{""type"":""Point"",""coordinates"":[72.42363516189754,-7.296580455628648]}"
1888,1288,1004,824,651,0.21329304575920105,595,444,-7.3424320508348275,72.37148082467522,"{""type"":""Point"",""coordinates"":[72.37146798024098,-7.3423935831711615]}"
1890,1212,952,820,608,0.22051282227039337,562,410,-7.336263109428977,72.38283104145513,"{""type"":""Point"",""coordinates"":[72.3828032694323,-7.336283799189431]}"
1891,1230,856,631,579,0.19303135573863983,514,394,-7.311701073994753,72.38587062775318,"{""type"":""Point"",""coordinates"":[72.38586765024883,-7.311672778187155]}"
1892,2510,2141,2157,1924,0.05338253453373909,2179,1869,-7.343316994820116,72.41492253149126,"{""type"":""Point"",""coordinates"":[72.41492516525994,-7.343360705104103]}"
1894,1392,1212,878,688,0.27578947368421053,600,436,-7.288054784459921,72.37541924118746,"{""type"":""Point"",""coordinates"":[72.3754625984536,-7.288088676468363]}"
1895,3962,4121,2295,826,0.666060209274292,767,575,-7.336473531044109,72.4349659312613,"{""type"":""Point"",""coordinates"":[72.43498382402903,-7.336499781467157]}"
1896,1092,884,799,500,0.2774566411972046,590,433,-7.3472610007534485,72.37824097962141,"{""type"":""Point"",""coordinates"":[72.37827198002606,-7.347280326946739]}"
1897,1101,801,575,439,0.2919354736804962,338,211,-7.329950902968413,72.36965339665262,"{""type"":""Point"",""coordinates"":[72.36967459370233,-7.329984322625084]}"
1898,1434,1093,883,705,0.21579532325267792,698,524,-7.283077116696227,72.4212425205273,"{""type"":""Point"",""coordinates"":[72.42126628031647,-7.28311124001707]}"
1899,3769,4019,2761,919,0.6277845501899719,827,631,-7.300292014634735,72.4132698233694,"{""type"":""Point"",""coordinates"":[72.41330057678184,-7.300271239402511]}"
1901,1331,1023,838,659,0.21640904247760773,677,514,-7.287459032654553,72.42900091341141,"{""type"":""Point"",""coordinates"":[72.42902245545484,-7.287460450504091]}"
1903,1266,944,822,661,0.17632398009300232,642,456,-7.32625418765186,72.4021683342147,"{""type"":""Point"",""coordinates"":[72.40218580701364,-7.326263903868516]}"
1904,3433,3119,2996,2910,0.0346657820045948,2617,2041,-7.343044333443678,72.41465255995246,"{""type"":""Point"",""coordinates"":[72.41467145733539,-7.342999777889992]}"
1905,1383,1040,873,726,0.1778029501438141,717,535,-7.2797418113061365,72.42270964460447,"{""type"":""Point"",""coordinates"":[72.42273238376049,-7.2797139423728785]}"
1906,1595,1178,853,673,0.2728255093097687,669,490,-7.322069614959804,72.41305390797106,"{""type"":""Point"",""coordinates"":[72.4130452692536,-7.322098236745874]}"
1907,1162,868,798,532,0.23999999463558197,651,490,-7.332109573042846,72.39896644584881,"{""type"":""Point"",""coordinates"":[72.39894647283352,-7.332106896558416]}"
1908,3602,3795,2255,870,0.6270096302032471,834,640,-7.298645190836298,72.4097495323201,"{""type"":""Point"",""coordinates"":[72.40972120264676,-7.29866421826662]}"
1910,1305,939,681,618,0.20616570115089417,576,430,-7.308385408540742,72.39068678911566,"{""type"":""Point"",""coordinates"":[72.39068109814596,-7.308364314936505]}"
1911,1816,1391,907,734,0.3091764748096466,734,558,-7.304259006603141,72.42745682334014,"{""type"":""Point"",""coordinates"":[72.42743458428839,-7.304228090968679]}"
1912,3623,3782,2298,892,0.6183140873908997,818,604,-7.311950505506464,72.42922300498114,"{""type"":""Point"",""coordinates"":[72.42920209623036,-7.311970234657792]}"
1913,1233,950,788,626,0.20558375120162964,631,455,-7.338650776655019,72.42065194923143,"{""type"":""Point"",""coordinates"":[72.42061823960816,-7.338662235470671]}"
1914,1425,1165,931,703,0.24732333421707153,739,618,-7.348367769709309,72.42892352685897,"{""type"":""Point"",""coordinates"":[72.42888845252119,-7.3484114371627065]}"
1915,2988,3383,2461,1203,0.47535979066724815,961,645,-7.2829193127543626,72.37807366874397,"{""type"":""Point"",""coordinates"":[72.37806372597605,-7.28292385384007]}"
1916,3750,4221,3213,1222,0.5509828925132751,841,605,-7.306425453864097,72.41124336196695,"{""type"":""Point"",""coordinates"":[72.41121581647113,-7.306446815515795]}"
1917,1302,996,839,678,0.189964160323143,654,474,-7.343104942938424,72.40949281656762,"{""type"":""Point"",""coordinates"":[72.40944737850211,-7.343140197036251]}"
1918,1404,1063,813,677,0.2218390852212906,667,495,-7.2876495429835515,72.43071943461946,"{""type"":""Point"",""coordinates"":[72.43070162398364,-7.2876444370234195]}"
1919,1281,988,795,623,0.226567342877388,616,469,-7.282098609245122,72.43989206577243,"{""type"":""Point"",""coordinates"":[72.43985973849661,-7.28208707545508]}"
1920,1239,916,740,610,0.200524240732193,611,447,-7.328882791134747,72.38794277825043,"{""type"":""Point"",""coordinates"":[72.38797489980216,-7.328861110856984]}"
1921,1222,913,728,586,0.2181454300880432,539,404,-7.318112893607844,72.369632328561,"{""type"":""Point"",""coordinates"":[72.36960438161755,-7.3180755068662044]}"
1922,1574,1192,909,732,0.23908524215221405,742,556,-7.3138068287873805,72.43781094469817,"{""type"":""Point"",""coordinates"":[72.43781426126702,-7.313828552252307]}"
1923,1382,1008,827,719,0.16734221577644348,616,479,-7.34743219875185,72.37661072127581,"{""type"":""Point"",""coordinates"":[72.3765719142592,-7.347388449764708]}"
1924,3419,3617,2308,1106,0.5316535830497742,943,689,-7.313499647704769,72.43147691116677,"{""type"":""Point"",""coordinates"":[72.43143960610048,-7.313526564519874]}"
1926,1264,959,739,624,0.21162350475788116,581,438,-7.330277645093438,72.39472301815572,"{""type"":""Point"",""coordinates"":[72.3947421175881,-7.330306503219068]}"
1928,1314,986,767,671,0.19010259211063385,562,395,-7.321961460650931,72.37875114673699,"{""type"":""Point"",""coordinates"":[72.37874553275893,-7.321935764318228]}"
1929,1266,941,766,622,0.20409469306468964,610,463,-7.325478899972532,72.39312171817608,"{""type"":""Point"",""coordinates"":[72.39308843587669,-7.325516854842775]}"
1931,1243,914,715,580,0.22356091439723969,599,449,-7.320853704432437,72.40591055294199,"{""type"":""Point"",""coordinates"":[72.40588117353734,-7.320848638577438]}"
1932,1348,1004,859,685,0.1888691484928131,675,504,-7.289889151816259,72.42726743437306,"{""type"":""Point"",""coordinates"":[72.42727547546657,-7.289924293451901]}"
1933,2412,2348,1347,826,0.47952109575271606,767,546,-7.2965231148393945,72.3865018920487,"{""type"":""Point"",""coordinates"":[72.38654206786832,-7.296542031429727]}"
1934,2467,2269,1142,783,0.48689383268356323,791,591,-7.3434524799834895,72.43854662108325,"{""type"":""Point"",""coordinates"":[72.43855247283723,-7.343476452246805]}"
1935,1865,1721,1264,1053,0.24080750346183777,1147,819,-7.295393591752138,72.41003976215119,"{""type"":""Point"",""coordinates"":[72.40999848896386,-7.295412400106692]}"
1936,1133,839,734,500,0.2531740069389343,575,434,-7.333029522572488,72.38619887452806,"{""type"":""Point"",""coordinates"":[72.38618649539978,-7.333051293088453]}"
1937,2534,2873,2757,2687,0.033453237265348434,1315,695,-7.332910409816428,72.42819772105823,"{""type"":""Point"",""coordinates"":[72.4281688799028,-7.332926433602599]}"
1938,1365,1024,790,620,0.2457420974969864,654,479,-7.286688155741453,72.42058833265719,"{""type"":""Point"",""coordinates"":[72.42061016956313,-7.286677403986942]}"
1939,1215,901,787,579,0.2175675630569458,596,468,-7.341534239617529,72.38795948189065,"{""type"":""Point"",""coordinates"":[72.38793035987622,-7.341546988705724]}"
1941,1252,853,621,571,0.19803370786516855,515,368,-7.296894565492729,72.3726526173356,"{""type"":""Point"",""coordinates"":[72.37261439646682,-7.296866246094645]}"
1942,1200,927,728,579,0.2310757040977478,620,451,-7.33159251004777,72.40331405160855,"{""type"":""Point"",""coordinates"":[72.40326952406718,-7.3316121465372195]}"
1943,1284,967,755,654,0.19309069216251373,537,397,-7.325472760201756,72.40769406960878,"{""type"":""Point"",""coordinates"":[72.40765120615697,-7.325447328443986]}"
1944,1387,1081,862,720,0.20044419169425964,691,526,-7.278686324632558,72.41194581517324,"{""type"":""Point"",""coordinates"":[72.41195179499212,-7.2786786259035505]}"
1945,1260,907,819,640,0.17259211838245392,672,499,-7.338011553993427,72.40381990943257,"{""type"":""Point"",""coordinates"":[72.4038443127279,-7.337980203741328]}"
1946,1222,927,755,618,0.20000000298023224,597,437,-7.333560642211445,72.38429502574392,"{""type"":""Point"",""coordinates"":[72.38433195577468,-7.333583542650512]}"
1947,1274,943,798,623,0.20434227330779056,623,475,-7.294646548630282,72.37456630394746,"{""type"":""Point"",""coordinates"":[72.37454534281179,-7.294604489978302]}"
1948,1067,750,568,398,0.30662021040916443,463,359,-7.308026580258946,72.37557428085903,"{""type"":""Point"",""coordinates"":[72.3755311031792,-7.30803974249076]}"
1950,1303,963,769,630,0.20903955399990082,591,451,-7.339119238488584,72.42354574683256,"{""type"":""Point"",""coordinates"":[72.4235630428195,-7.339095454302806]}"
1951,2466,2002,1079,688,0.48847582936286926,651,479,-7.306496987526329,72.4237331407271,"{""type"":""Point"",""coordinates"":[72.42371167456022,-7.306480647649736]}"
1952,2023,2207,1834,1144,0.31721875071525574,521,337,-7.3472953008346025,72.43101160453568,"{""type"":""Point"",""coordinates"":[72.43100576701741,-7.347324721962908]}"
1953,1281,968,814,653,0.19432449340820312,600,431,-7.315783543971353,72.37308525548342,"{""type"":""Point"",""coordinates"":[72.37304737249603,-7.315744332235556]}"
1954,1501,1250,937,755,0.24688279301745636,636,459,-7.292235124277545,72.37946752062751,"{""type"":""Point"",""coordinates"":[72.37946747884067,-7.2922237174550615]}"
1955,1170,868,751,549,0.22512349486351013,652,512,-7.323309522819491,72.37747613819197,"{""type"":""Point"",""coordinates"":[72.3774554449424,-7.3233101748788645]}"
1956,1483,1134,882,725,0.22001075744628906,740,547,-7.281366544308822,72.39084337210164,"{""type"":""Point"",""coordinates"":[72.39084557804206,-7.28138598045992]}"
1957,1341,985,794,652,0.20342089235782623,583,410,-7.345160418016648,72.37445172818225,"{""type"":""Point"",""coordinates"":[72.37443290016839,-7.34518354271477]}"
1958,1354,1049,836,644,0.23922032117843628,645,485,-7.2823056108915685,72.41273958265599,"{""type"":""Point"",""coordinates"":[72.4127608576917,-7.282292942600886]}"
1959,1448,1094,877,686,0.22921347618103027,676,503,-7.291394433127641,72.42182847383961,"{""type"":""Point"",""coordinates"":[72.42187221219937,-7.2914060748068525]}"
1960,1329,986,844,651,0.2046426385641098,603,436,-7.308774755623774,72.379914214319,"{""type"":""Point"",""coordinates"":[72.37988885093728,-7.308756044053043]}"
1962,1207,893,759,599,0.19705094397068024,625,474,-7.310338792615637,72.38470196209548,"{""type"":""Point"",""coordinates"":[72.38468171639721,-7.310313146478694]}"
1963,3609,3526,1646,820,0.6226415038108826,788,579,-7.330505685488184,72.43436650916506,"{""type"":""Point"",""coordinates"":[72.43438638313253,-7.3304722296815505]}"
1965,1229,879,689,584,0.20164047181606293,594,463,-7.314171851382175,72.39119622731609,"{""type"":""Point"",""coordinates"":[72.3912217716815,-7.314207506705597]}"
1966,3040,3014,1601,757,0.598514974117279,737,542,-7.321747299560063,72.43568381415726,"{""type"":""Point"",""coordinates"":[72.43570407185894,-7.321761952392075]}"
1967,1520,1340,921,703,0.3117963671684265,677,496,-7.320814898236515,72.41487136938301,"{""type"":""Point"",""coordinates"":[72.41489864708869,-7.320840491925358]}"
1968,1188,844,687,529,0.2294246176256373,554,406,-7.295706679253533,72.37039696993611,"{""type"":""Point"",""coordinates"":[72.37041512312682,-7.2956647644556725]}"
1970,1602,1221,902,718,0.25941208004951477,706,525,-7.286165763639644,72.39253515440033,"{""type"":""Point"",""coordinates"":[72.39255145386029,-7.2861642488681895]}"
1971,2767,2355,957,685,0.5493420958518982,635,480,-7.332070836324046,72.4394263935323,"{""type"":""Point"",""coordinates"":[72.43945071494642,-7.332078333959666]}"
1972,1634,1323,1189,861,0.21153846383094788,690,497,-7.349247539240555,72.42475464023438,"{""type"":""Point"",""coordinates"":[72.4247261762836,-7.349247635425877]}"
1973,3346,3681,2580,1074,0.5482649803161621,957,703,-7.2855608223862305,72.38167837940524,"{""type"":""Point"",""coordinates"":[72.38166161470113,-7.285569857929441]}"
1974,1232,928,779,620,0.19896641373634338,631,464,-7.31654175249012,72.39471230520728,"{""type"":""Point"",""coordinates"":[72.39475630058534,-7.316504073921032]}"
1975,1220,947,800,611,0.21566110397946084,589,439,-7.296285179871663,72.37663833133948,"{""type"":""Point"",""coordinates"":[72.37668001641862,-7.296240632157944]}"
1976,3790,3770,3208,1921,0.32489895820617676,806,476,-7.34123087926771,72.42932662931163,"{""type"":""Point"",""coordinates"":[72.42934786039619,-7.341270604318141]}"
1977,1270,881,730,612,0.18017414212226868,625,457,-7.334094916087034,72.38293422727314,"{""type"":""Point"",""coordinates"":[72.38295031914556,-7.33410458145109]}"
1978,1237,937,798,630,0.19591575860977173,601,443,-7.3446393759794635,72.42487170461533,"{""type"":""Point"",""coordinates"":[72.42490960368768,-7.344638913996067]}"
1979,1663,1290,939,720,0.28358209133148193,691,516,-7.299259921884549,72.4224169834349,"{""type"":""Point"",""coordinates"":[72.42245286811473,-7.299217234247583]}"
1980,1220,863,690,576,0.19944405555725098,562,430,-7.322062891932363,72.38065124581787,"{""type"":""Point"",""coordinates"":[72.38063523867169,-7.3220986891768085]}"
1981,1343,989,775,650,0.20683343708515167,630,480,-7.295331765659378,72.43085663113344,"{""type"":""Point"",""coordinates"":[72.43085786211594,-7.2953138773142365]}"
1982,2174,2146,1389,810,0.45196211338043213,739,538,-7.295793393490806,72.38532957326593,"{""type"":""Point"",""coordinates"":[72.38528505282261,-7.295793560848154]}"
1983,3497,3357,1498,737,0.6399609446525574,716,541,-7.3305144660680135,72.43590520894284,"{""type"":""Point"",""coordinates"":[72.43593919391883,-7.3304815131458945]}"
1984,1418,1050,798,591,0.27970749139785767,588,432,-7.328252443759997,72.41962567893873,"{""type"":""Point"",""coordinates"":[72.41961658020817,-7.3282952579494225]}"
1985,1965,1979,1551,979,0.3380662500858307,734,527,-7.292973773030694,72.38217832278887,"{""type"":""Point"",""coordinates"":[72.38214369156523,-7.293018182252503]}"
1986,2769,2933,2150,1016,0.48543936014175415,906,669,-7.295427270327639,72.40017446536675,"{""type"":""Point"",""coordinates"":[72.40016824842817,-7.295459776418024]}"
1987,1446,1086,817,637,0.260591983795166,646,495,-7.285054038021205,72.40349244105519,"{""type"":""Point"",""coordinates"":[72.403467249815,-7.285015723402578]}"
1988,1244,1009,895,691,0.18705882132053375,650,473,-7.331182985316651,72.41064796986099,"{""type"":""Point"",""coordinates"":[72.410685505295,-7.331158433473931]}"
1989,1327,1001,846,671,0.19736842811107635,670,491,-7.328568589884098,72.39609062831303,"{""type"":""Point"",""coordinates"":[72.39605592145746,-7.328573293844825]}"
1990,1303,941,815,615,0.2095115681233933,657,476,-7.29420367492773,72.37610744069669,"{""type"":""Point"",""coordinates"":[72.37607569059135,-7.294178215679109]}"
1991,1367,989,729,575,0.2647058963775635,538,413,-7.32606235170289,72.41592726988118,"{""type"":""Point"",""coordinates"":[72.41594843939963,-7.326045512601687]}"
1992,1313,973,797,639,0.20719602704048157,655,499,-7.286800289588938,72.44031790133445,"{""type"":""Point"",""coordinates"":[72.44032243379151,-7.28681435206974]}"
1993,1308,942,779,648,0.18490566313266754,642,475,-7.34820954833493,72.38592915715523,"{""type"":""Point"",""coordinates"":[72.38594109914719,-7.348170218161682]}"
1994,1361,1092,1021,737,0.19409513473510742,735,583,-7.3300470904266035,72.37064844283344,"{""type"":""Point"",""coordinates"":[72.37061285155416,-7.330036989665096]}"
1995,1369,1053,816,737,0.17653630673885345,648,471,-7.344712689363249,72.40622493803357,"{""type"":""Point"",""coordinates"":[72.40625087837576,-7.3447113815775795]}"
1996,1963,1676,1083,799,0.354343444108963,807,604,-7.297949765106272,72.41455038126675,"{""type"":""Point"",""coordinates"":[72.41451474106417,-7.297992952868771]}"
1997,3643,4070,2778,1063,0.585817277431488,888,649,-7.343874314132296,72.43329419153095,"{""type"":""Point"",""coordinates"":[72.43331072273288,-7.3438998071281265]}"
1998,1369,943,671,580,0.23834536969661713,552,418,-7.324328754621046,72.41304087653356,"{""type"":""Point"",""coordinates"":[72.41301561083147,-7.324354259953092]}"
1999,1471,1176,850,651,0.28735631704330444,625,466,-7.31549085209717,72.40051098407612,"{""type"":""Point"",""coordinates"":[72.40047340950044,-7.315449214466008]}"
