system:index,B2,B3,B4,B8,NDWI,SWIR1,SWIR2,latitude,longitude,.geo
0,1590,1274,1140,977,0.13194136321544647,955,698,-7.305338538319927,72.38061037758625,"{""type"":""Point"",""coordinates"":[72.38063659631389,-7.305317212050705]}"
2,2092,1614,1294,1080,0.19821825623512268,1101,821,-7.2919221263388785,72.41144013520086,"{""type"":""Point"",""coordinates"":[72.41147124948338,-7.291902466439484]}"
10,1504,1183,1062,872,0.15133820474147797,859,631,-7.3064099244244085,72.38224644101064,"{""type"":""Point"",""coordinates"":[72.3822645797805,-7.306376494361725]}"
14,1756,1414,1269,1069,0.1389448195695877,1081,802,-7.27876621559299,72.41966063745211,"{""type"":""Point"",""coordinates"":[72.41965064787304,-7.278762792735771]}"
15,3340,3052,2783,2982,0.01160092807424594,2254,1303,-7.2869322078226295,72.37848238583753,"{""type"":""Point"",""coordinates"":[72.37844137998617,-7.286913817443744]}"
18,1795,1426,1299,1103,0.1277184635400772,1097,819,-7.283067318977889,72.43597167253292,"{""type"":""Point"",""coordinates"":[72.43599390664346,-7.283061890623814]}"
19,3017,2753,2729,2363,0.07623142749071121,2208,1681,-7.293467397216758,72.42203317991277,"{""type"":""Point"",""coordinates"":[72.4220764105749,-7.293463767283009]}"
25,1604,1319,1172,964,0.15549714863300323,937,678,-7.307469752910195,72.38541998046493,"{""type"":""Point"",""coordinates"":[72.38541734040828,-7.307475166008451]}"
26,1819,1456,1208,970,0.2003297656774521,1035,780,-7.303999168392871,72.43830200805088,"{""type"":""Point"",""coordinates"":[72.4383433338656,-7.304038722869171]}"
27,1323,1016,863,623,0.23978035151958466,713,570,-7.277419709622115,72.40662766787575,"{""type"":""Point"",""coordinates"":[72.40661531128436,-7.277450938346338]}"
30,1642,1375,1221,1016,0.15014638226683397,957,687,-7.298890416981077,72.37341685522361,"{""type"":""Point"",""coordinates"":[72.37341588433925,-7.298880214905205]}"
34,1495,1228,1110,889,0.1601322591304779,948,717,-7.306936107101189,72.38433062639359,"{""type"":""Point"",""coordinates"":[72.38431142613102,-7.306894410172699]}"
37,2014,1563,1245,1073,0.18588770925998688,1018,749,-7.2934535214892104,72.3999658917156,"{""type"":""Point"",""coordinates"":[72.40000739156552,-7.293430455749643]}"
40,1919,1516,1230,995,0.2074870616197586,998,743,-7.2893471817180595,72.40563255146323,"{""type"":""Point"",""coordinates"":[72.40559447276803,-7.289329283144756]}"
42,1937,1503,1318,1095,0.15704387426376343,1123,834,-7.296008382732512,72.43227203096693,"{""type"":""Point"",""coordinates"":[72.43230030086958,-7.295970358177805]}"
43,1744,1423,1250,1053,0.14943456649780273,1086,793,-7.283145239472815,72.43760009327583,"{""type"":""Point"",""coordinates"":[72.43761286723661,-7.28315645073755]}"
45,823,498,285,166,0.5,85,54,-7.28928803155712,72.43728521901356,"{""type"":""Point"",""coordinates"":[72.43727816836655,-7.289263955593564]}"
49,2510,2208,2107,1787,0.10538172721862793,1903,1582,-7.293418682589001,72.42845390459667,"{""type"":""Point"",""coordinates"":[72.42847112667052,-7.2934460981268705]}"
50,1738,1381,1178,1002,0.15904322266578674,977,736,-7.279517661494048,72.40383996701567,"{""type"":""Point"",""coordinates"":[72.40380231361928,-7.279496888803794]}"
52,3098,2917,2603,2347,0.1082826778292656,1805,1085,-7.285813424788194,72.38317690169343,"{""type"":""Point"",""coordinates"":[72.3831447366959,-7.285821187709846]}"
53,1725,1442,1223,1075,0.14580850303173065,999,730,-7.282929991982939,72.43027321350294,"{""type"":""Point"",""coordinates"":[72.43028768695359,-7.28292812562504]}"
60,1748,1436,1282,1073,0.14467915892601013,1065,800,-7.2836180221477465,72.43480021515033,"{""type"":""Point"",""coordinates"":[72.43478583046947,-7.283645756758588]}"
65,2405,2134,2005,1857,0.06940616386870459,1697,1249,-7.304732875485849,72.3770784862602,"{""type"":""Point"",""coordinates"":[72.37708320055148,-7.304750620851315]}"
71,2046,1583,1247,1050,0.20243068039417267,1025,766,-7.289927124370855,72.40057233734126,"{""type"":""Point"",""coordinates"":[72.40055611966189,-7.28990385738101]}"
72,2033,2031,1184,429,0.6512194871902466,409,291,-7.294273016115356,72.39906767749603,"{""type"":""Point"",""coordinates"":[72.39909743036533,-7.294314824898849]}"
73,2320,2037,2011,1603,0.11923076957464218,1717,1393,-7.289671532707548,72.42245651510015,"{""type"":""Point"",""coordinates"":[72.42241269271821,-7.2896986372706225]}"
74,856,526,316,192,0.46518105268478394,107,70,-7.297699902178828,72.43545026725872,"{""type"":""Point"",""coordinates"":[72.43548912551468,-7.2977283718838395]}"
76,2003,1815,1589,1308,0.16234390437602997,1418,1046,-7.310729134082933,72.39629790201566,"{""type"":""Point"",""coordinates"":[72.39632453083884,-7.310770733449905]}"
78,4304,4842,4132,2114,0.392179399728775,1543,1124,-7.306765063214874,72.407030623071,"{""type"":""Point"",""coordinates"":[72.40705950545755,-7.306805006586283]}"
80,1997,1688,1586,1291,0.13326619565486908,1445,1093,-7.280740495049275,72.39733768611919,"{""type"":""Point"",""coordinates"":[72.39730824630759,-7.280781821038398]}"
84,827,493,287,160,0.509954035282135,82,53,-7.294538205326382,72.43560700011821,"{""type"":""Point"",""coordinates"":[72.43559019420859,-7.294545480257808]}"
89,1870,1460,1217,992,0.19086460769176483,985,746,-7.283291270783048,72.39437243485459,"{""type"":""Point"",""coordinates"":[72.39432947084211,-7.283285055679533]}"
92,3239,3145,2876,2771,0.06321839080459771,2147,1307,-7.281074171521482,72.37690099655237,"{""type"":""Point"",""coordinates"":[72.3769031645478,-7.281111980992677]}"
94,1760,1433,1262,1044,0.15704481303691864,1059,788,-7.28651021056675,72.43446051824168,"{""type"":""Point"",""coordinates"":[72.43444204512814,-7.286506602369845]}"
95,1332,1104,623,282,0.5930736064910889,235,175,-7.305121089169498,72.42139833037407,"{""type"":""Point"",""coordinates"":[72.4213684800517,-7.305159162438634]}"
97,1883,1517,1102,903,0.2537190020084381,731,523,-7.303185827666829,72.43838622476915,"{""type"":""Point"",""coordinates"":[72.43839957512054,-7.303167104346565]}"
98,1683,1348,1129,936,0.1803852915763855,867,651,-7.298364421015955,72.38336166676629,"{""type"":""Point"",""coordinates"":[72.38336134941783,-7.298399696298055]}"
99,1966,1542,1368,1116,0.16027088463306427,1141,836,-7.301816853586449,72.42842747395133,"{""type"":""Point"",""coordinates"":[72.42843644113923,-7.301849948957244]}"
100,1759,1481,1412,1107,0.14451313018798828,1243,946,-7.287524756563032,72.43166473553667,"{""type"":""Point"",""coordinates"":[72.43166293728773,-7.28753523764252]}"
102,1644,1323,1152,927,0.17599999904632568,944,720,-7.283805706731013,72.42195977215707,"{""type"":""Point"",""coordinates"":[72.42199939513999,-7.2838469603196625]}"
107,1339,958,749,568,0.25557011365890503,472,321,-7.305601004055318,72.44138919265664,"{""type"":""Point"",""coordinates"":[72.44142494061337,-7.305602894540363]}"
108,2523,2272,2152,1801,0.1156395748257637,1538,1004,-7.283751666680254,72.4171662258441,"{""type"":""Point"",""coordinates"":[72.41719746767069,-7.283795045877486]}"
110,2219,1740,1314,1156,0.2016574591398239,1055,786,-7.3093003650302535,72.42993162653553,"{""type"":""Point"",""coordinates"":[72.42992473937385,-7.309342716003706]}"
111,2415,2604,2101,1363,0.3128308653831482,1081,769,-7.308100931639316,72.39754423602886,"{""type"":""Point"",""coordinates"":[72.39756158405619,-7.308081800919398]}"
112,1209,860,657,482,0.28166913986206055,465,344,-7.285477557384201,72.41582275563958,"{""type"":""Point"",""coordinates"":[72.41581286766981,-7.2854875950311255]}"
113,1743,1485,1324,1154,0.12542629784009093,1086,813,-7.2995360445677555,72.37161281766187,"{""type"":""Point"",""coordinates"":[72.3716179337331,-7.299562302146859]}"
114,1657,1249,1084,928,0.14745062011943041,926,705,-7.311390674410108,72.3803845907319,"{""type"":""Point"",""coordinates"":[72.38036065599302,-7.3114316197178075]}"
115,1792,1377,1146,895,0.21214789152145386,936,693,-7.2806943163088285,72.39145885417693,"{""type"":""Point"",""coordinates"":[72.39143049408437,-7.280665054196813]}"
126,1315,953,691,482,0.32822299003601074,518,372,-7.3047732086548764,72.43152497777857,"{""type"":""Point"",""coordinates"":[72.43155146815079,-7.304732794442635]}"
128,1961,1563,1199,936,0.25090035796165466,981,753,-7.292065660333006,72.40438695934886,"{""type"":""Point"",""coordinates"":[72.40440929837071,-7.292052600699789]}"
131,826,503,296,168,0.49925485253334045,87,61,-7.291830735506304,72.43540546088758,"{""type"":""Point"",""coordinates"":[72.43538927570071,-7.291817204974968]}"
134,3948,3851,1922,1032,0.5773090124130249,1026,776,-7.301746720204897,72.41386609597934,"{""type"":""Point"",""coordinates"":[72.41386649634181,-7.301767234665106]}"
136,1532,1208,1003,804,0.2007952332496643,804,591,-7.278991520517066,72.40175594251679,"{""type"":""Point"",""coordinates"":[72.40179899713327,-7.27896163614438]}"
137,2556,2145,1842,1830,0.07924528419971466,1590,1191,-7.281752152187586,72.41886935689632,"{""type"":""Point"",""coordinates"":[72.41884451101774,-7.28177686358246]}"
140,3267,3106,2943,2707,0.06863925606012344,2437,1543,-7.2824845076557665,72.38152399830958,"{""type"":""Point"",""coordinates"":[72.38148041008402,-7.282507316379067]}"
142,1711,1431,1274,1056,0.15078407526016235,1083,804,-7.280415080871058,72.4403827311336,"{""type"":""Point"",""coordinates"":[72.44035468924298,-7.280383810014598]}"
145,4203,3959,3781,3557,0.053485896438360214,3376,2497,-7.305458923147258,72.42447588327003,"{""type"":""Point"",""coordinates"":[72.42451724052654,-7.305448387612961]}"
150,2143,1687,1429,1209,0.16505524516105652,1173,858,-7.307499276372573,72.42928478996339,"{""type"":""Point"",""coordinates"":[72.42925871185837,-7.30750294445765]}"
152,1971,1526,1193,991,0.21255463361740112,1022,749,-7.290024911013838,72.39957824039261,"{""type"":""Point"",""coordinates"":[72.39960093339764,-7.289987100471772]}"
153,4620,5115,3706,1349,0.5826113820075989,1147,855,-7.305193750694913,72.41181212336204,"{""type"":""Point"",""coordinates"":[72.41185712444573,-7.305227004062949]}"
155,2433,2432,1813,1024,0.40740740299224854,1008,752,-7.298229246525723,72.41329675260523,"{""type"":""Point"",""coordinates"":[72.41333759104157,-7.298218373434738]}"
159,2053,1738,1585,1441,0.09342560553633218,1307,918,-7.30502815663956,72.37382469040722,"{""type"":""Point"",""coordinates"":[72.37386281110409,-7.30500683130847]}"
160,1889,1561,1394,1259,0.10709219858156029,1114,779,-7.307925901808045,72.37276110241935,"{""type"":""Point"",""coordinates"":[72.37276914807316,-7.3079042316102765]}"
163,2008,1599,1318,1165,0.15701881051063538,1137,832,-7.304458917115222,72.4372202569655,"{""type"":""Point"",""coordinates"":[72.43719783795052,-7.3044555926334445]}"
165,1399,1119,928,642,0.27086883783340454,846,742,-7.295384178005707,72.419334591907,"{""type"":""Point"",""coordinates"":[72.41934933574002,-7.295393139398007]}"
167,2126,1813,1660,1546,0.07948794284013098,1395,1016,-7.2938173527926855,72.37554944330944,"{""type"":""Point"",""coordinates"":[72.3755226552435,-7.2938087372543405]}"
170,1317,993,822,627,0.22592592239379883,684,471,-7.28113921309732,72.41633249572004,"{""type"":""Point"",""coordinates"":[72.41637241026736,-7.28112849061252]}"
171,2006,1581,1312,1042,0.2054899036884308,1047,772,-7.288224388606945,72.39884113492204,"{""type"":""Point"",""coordinates"":[72.39881280908203,-7.288254127725115]}"
174,2161,1733,1333,1064,0.23918484151363373,1060,783,-7.312418648354253,72.43547235511262,"{""type"":""Point"",""coordinates"":[72.43546547547871,-7.3124011849302875]}"
175,1778,1543,1444,1105,0.16540785133838654,1237,982,-7.284502047243506,72.42540163892242,"{""type"":""Point"",""coordinates"":[72.42541017876566,-7.284488230455718]}"
176,2008,1585,1256,950,0.2504931092262268,945,677,-7.295951979898711,72.41590221828737,"{""type"":""Point"",""coordinates"":[72.4159235964598,-7.295932081799127]}"
178,1629,1254,1089,933,0.14677640795707703,939,721,-7.311745596166124,72.3932304791824,"{""type"":""Point"",""coordinates"":[72.39327072494936,-7.311719889164522]}"
179,1835,1345,1075,982,0.15599484741687775,1127,865,-7.29601077076257,72.4200628655332,"{""type"":""Point"",""coordinates"":[72.42003306783694,-7.295981246792022]}"
180,1597,1242,1118,898,0.16074766355140188,913,668,-7.312250174048124,72.37415027760298,"{""type"":""Point"",""coordinates"":[72.37415603150627,-7.312269123410979]}"
184,3953,3785,1926,1171,0.5274415016174316,1137,860,-7.302739301256791,72.4139640745608,"{""type"":""Point"",""coordinates"":[72.41396725694717,-7.302758230749318]}"
187,3021,2857,2484,2282,0.11188947266005059,1782,1120,-7.2802445810064205,72.37915577398951,"{""type"":""Point"",""coordinates"":[72.3791705945647,-7.280249504365828]}"
190,1728,1393,1248,1029,0.15028901398181915,1032,766,-7.28575828232608,72.43834350781815,"{""type"":""Point"",""coordinates"":[72.43838242474776,-7.285769383873302]}"
192,2854,2573,2221,2210,0.07589378952980042,1779,1110,-7.281473618408365,72.38386784123524,"{""type"":""Point"",""coordinates"":[72.38389953354748,-7.281483628166508]}"
197,1949,1529,1268,1097,0.16450875997543335,1095,831,-7.298586823837527,72.42568968205612,"{""type"":""Point"",""coordinates"":[72.4256934459274,-7.298566482354027]}"
198,4633,5198,4080,1555,0.5394639372825623,1254,928,-7.305671236730709,72.4083789593542,"{""type"":""Point"",""coordinates"":[72.40836366620825,-7.305655732043717]}"
204,4650,5210,4123,1596,0.5310020446777344,1287,965,-7.306475704413091,72.40947036707944,"{""type"":""Point"",""coordinates"":[72.40950839183091,-7.306444839108472]}"
205,2932,2821,2317,1698,0.2485063076019287,759,468,-7.3070316653280925,72.39563683884023,"{""type"":""Point"",""coordinates"":[72.39564469905505,-7.307058129115621]}"
206,1945,1537,1285,1019,0.20266041159629822,1025,760,-7.3082967875127345,72.43128056957578,"{""type"":""Point"",""coordinates"":[72.43129092203533,-7.30829092653471]}"
207,1978,1609,1460,1238,0.13031260669231415,1251,945,-7.290549125604747,72.42580937194147,"{""type"":""Point"",""coordinates"":[72.42578148456651,-7.290513139778281]}"
208,1775,1489,1316,1116,0.14318618178367615,1136,808,-7.278427914974411,72.44045800466033,"{""type"":""Point"",""coordinates"":[72.44042468530203,-7.278383546192905]}"
210,1927,1517,1196,981,0.21457165479660034,992,745,-7.29388404944018,72.41471081438266,"{""type"":""Point"",""coordinates"":[72.41472831239601,-7.293871891217384]}"
211,1825,1450,1242,1021,0.17361392080783844,918,671,-7.297195286336184,72.43056276108737,"{""type"":""Point"",""coordinates"":[72.43052758061307,-7.2972406822484555]}"
213,1886,1515,1220,1015,0.197628453373909,964,729,-7.285173958317437,72.39619539554292,"{""type"":""Point"",""coordinates"":[72.39616905996637,-7.285144084039992]}"
220,1384,941,608,476,0.32815808057785034,362,238,-7.296664083300411,72.41726421596952,"{""type"":""Point"",""coordinates"":[72.41726173878068,-7.296682310796753]}"
221,1813,1473,1304,1069,0.1589299738407135,1101,799,-7.291783061656619,72.42979800618274,"{""type"":""Point"",""coordinates"":[72.42978283311662,-7.291797128336095]}"
223,824,516,341,188,0.46590909361839294,122,86,-7.2993831143274335,72.43971371130827,"{""type"":""Point"",""coordinates"":[72.4397365231811,-7.299339884179891]}"
225,2088,1662,1376,1147,0.18333926796913147,1187,867,-7.307406227871132,72.42964584123867,"{""type"":""Point"",""coordinates"":[72.42968436289976,-7.307432219918021]}"
227,1938,1481,1196,991,0.19822005927562714,997,733,-7.282232792146683,72.39101823309845,"{""type"":""Point"",""coordinates"":[72.39105747399272,-7.2822089883609635]}"
229,3184,3099,3171,2524,0.1022585779428482,3037,2266,-7.296985517442226,72.42251212953347,"{""type"":""Point"",""coordinates"":[72.42252924739438,-7.297022587330628]}"
230,1924,1525,1298,1109,0.15793469548225403,1130,850,-7.305263982046774,72.43822124606041,"{""type"":""Point"",""coordinates"":[72.438244370315,-7.30524811475873]}"
237,2749,2398,1544,1256,0.3125342090859332,1147,770,-7.277366452363067,72.3775967473719,"{""type"":""Point"",""coordinates"":[72.37761930023343,-7.277402311744942]}"
238,1905,1658,1300,1406,0.08224543080939947,1148,770,-7.2862584378468185,72.3719655753962,"{""type"":""Point"",""coordinates"":[72.3719923642922,-7.286233546375814]}"
239,852,531,328,197,0.45879119634628296,117,83,-7.281779487974228,72.41525210978986,"{""type"":""Point"",""coordinates"":[72.41524447350079,-7.281824385278306]}"
244,1596,1358,1174,933,0.18550851156700132,944,722,-7.296312599709158,72.37999986171664,"{""type"":""Point"",""coordinates"":[72.37999930700781,-7.296276954931323]}"
245,4491,4978,3240,1218,0.606843113899231,1154,854,-7.304734734891672,72.41280349417073,"{""type"":""Point"",""coordinates"":[72.41284239897557,-7.304742304828302]}"
246,1026,659,419,259,0.43572986125946045,190,147,-7.294761007470031,72.41815415188177,"{""type"":""Point"",""coordinates"":[72.41816504170401,-7.294783967547493]}"
247,1660,1324,1044,985,0.14681680500507355,872,680,-7.299820068412763,72.38192552684168,"{""type"":""Point"",""coordinates"":[72.3818930036593,-7.299849919202391]}"
248,1850,1451,1285,1041,0.16452647745609283,1098,829,-7.303743453726637,72.43631039520237,"{""type"":""Point"",""coordinates"":[72.43634627229142,-7.303781975171122]}"
251,1877,1660,1529,1306,0.11935266351989211,1265,889,-7.294344950437014,72.3774526949471,"{""type"":""Point"",""coordinates"":[72.3774557227211,-7.294333638895813]}"
252,1408,1114,972,761,0.18826666474342346,627,432,-7.307460918530709,72.38659569095582,"{""type"":""Point"",""coordinates"":[72.38658495604459,-7.307451325197546]}"
254,1820,1437,1232,1001,0.17883510887622833,1023,742,-7.278984057141236,72.39072248653761,"{""type"":""Point"",""coordinates"":[72.39069477087304,-7.279000264163614]}"
257,1732,1387,1191,989,0.16750842332839966,995,734,-7.2772690559844,72.40264732025038,"{""type"":""Point"",""coordinates"":[72.40261960076246,-7.277309414970022]}"
258,4627,5157,3576,1285,0.6010555624961853,1124,828,-7.304291464393284,72.41171483174695,"{""type"":""Point"",""coordinates"":[72.4116946070621,-7.304308299830814]}"
262,2320,2022,1856,1706,0.08476394849785408,1632,1221,-7.304271209492412,72.37843168455281,"{""type"":""Point"",""coordinates"":[72.37840311525109,-7.3042856343797995]}"
265,1618,1276,1116,979,0.1317073106765747,958,665,-7.311979290242547,72.38617753791925,"{""type"":""Point"",""coordinates"":[72.38620294470738,-7.312013740957192]}"
266,1377,1020,844,650,0.2215568870306015,552,373,-7.287034790734355,72.43672541029315,"{""type"":""Point"",""coordinates"":[72.43672705421888,-7.287035328426813]}"
267,802,501,294,184,0.46277371048927307,104,75,-7.299112920529846,72.43962120695367,"{""type"":""Point"",""coordinates"":[72.43958865208482,-7.299113435292016]}"
270,3247,3161,2987,2744,0.07061812281608582,2448,1654,-7.283753442726605,72.38090043763934,"{""type"":""Point"",""coordinates"":[72.38091782931308,-7.283746530437481]}"
274,1458,1181,989,823,0.17864271998405457,870,653,-7.302705595006462,72.38248989385967,"{""type"":""Point"",""coordinates"":[72.3824743008794,-7.302731290471912]}"
275,2874,2683,2438,2394,0.05692337825894356,1849,1156,-7.278154161929387,72.38094889144008,"{""type"":""Point"",""coordinates"":[72.38097033423632,-7.278119600096608]}"
279,803,497,297,178,0.4725925922393799,87,55,-7.296660490853945,72.4415016348969,"{""type"":""Point"",""coordinates"":[72.4414928842784,-7.29666309715571]}"
280,1998,1557,1221,1010,0.2130892127752304,1040,753,-7.291220564429537,72.39669318761999,"{""type"":""Point"",""coordinates"":[72.39671655333849,-7.291224004421032]}"
281,3364,3161,3080,3099,0.009904153354632588,2645,1665,-7.286130320387938,72.3770293194303,"{""type"":""Point"",""coordinates"":[72.3769922222464,-7.286145093851029]}"
283,2158,1920,1839,1704,0.059602649006622516,1583,1149,-7.291151561233612,72.36974114653826,"{""type"":""Point"",""coordinates"":[72.36975920854753,-7.291142444026624]}"
285,2020,1576,1275,1035,0.2072003036737442,1025,756,-7.2863722962454,72.39294861148191,"{""type"":""Point"",""coordinates"":[72.3929038683872,-7.286390290873048]}"
288,1750,1381,1186,992,0.16392752528190613,1005,757,-7.2819311857948374,72.40711393530044,"{""type"":""Point"",""coordinates"":[72.40713404881036,-7.2819163797360655]}"
289,1879,1484,1312,1087,0.15441462397575378,1165,886,-7.303535968373711,72.43983592292489,"{""type"":""Point"",""coordinates"":[72.43987015259198,-7.303532417743306]}"
292,1905,1476,1251,1035,0.17562724649906158,902,634,-7.293249235408464,72.41506775369191,"{""type"":""Point"",""coordinates"":[72.41510839934493,-7.293241145066838]}"
293,1504,1186,1064,857,0.16103768348693848,924,688,-7.302151582324378,72.38411370943079,"{""type"":""Point"",""coordinates"":[72.38415095120736,-7.302131845887103]}"
295,2600,2349,1940,1123,0.3531106114387512,708,480,-7.300937618256608,72.38944070897423,"{""type"":""Point"",""coordinates"":[72.38947556961645,-7.300956964692752]}"
297,1407,1060,853,636,0.25,619,433,-7.306785876799843,72.43995124047393,"{""type"":""Point"",""coordinates"":[72.43993604523,-7.3067789237844725]}"
299,1641,1294,1106,880,0.1904323846101761,909,656,-7.2798400309704725,72.40899730610604,"{""type"":""Point"",""coordinates"":[72.40899382324801,-7.27987355078549]}"
301,2652,2250,1949,1946,0.0724499523639679,1610,1120,-7.286452199096633,72.43020958880551,"{""type"":""Point"",""coordinates"":[72.43020793626657,-7.286477315781501]}"
303,1815,1470,1342,1138,0.12730062007904053,1128,824,-7.27751569456754,72.42977985375302,"{""type"":""Point"",""coordinates"":[72.42976342941267,-7.277558554877762]}"
306,1652,1400,1286,1032,0.1513157894736842,1070,818,-7.307193340598096,72.37411228458981,"{""type"":""Point"",""coordinates"":[72.37415628649721,-7.307164917897012]}"
309,2667,2182,1272,1061,0.34566760063171387,1119,860,-7.29395509367048,72.40530564894217,"{""type"":""Point"",""coordinates"":[72.40526965864555,-7.29394978517264]}"
310,3103,2768,2668,2408,0.06955178081989288,2698,2218,-7.296426588888111,72.42476884536323,"{""type"":""Point"",""coordinates"":[72.4247428958207,-7.296444140752434]}"
315,1896,1428,1115,924,0.2142857164144516,918,680,-7.284395221467212,72.39166757644999,"{""type"":""Point"",""coordinates"":[72.39165299707051,-7.284402341798242]}"
316,1473,1167,849,853,0.15544554591178894,520,311,-7.3095797872746395,72.39303322426213,"{""type"":""Point"",""coordinates"":[72.3929997448579,-7.3096067908581785]}"
322,1667,1307,1107,992,0.13701608777046204,926,670,-7.305115850702183,72.38621623967241,"{""type"":""Point"",""coordinates"":[72.38625865320368,-7.30508396921429]}"
324,1633,1291,1102,884,0.18712644279003143,652,468,-7.29554796493908,72.4334442087317,"{""type"":""Point"",""coordinates"":[72.43346107357823,-7.295516652927737]}"
325,1841,1489,1262,1086,0.15650485455989838,1080,813,-7.292668148691989,72.43215611888304,"{""type"":""Point"",""coordinates"":[72.43216449190764,-7.292652077267506]}"
326,1173,757,405,248,0.5064676403999329,191,132,-7.298454255303698,72.41935792646393,"{""type"":""Point"",""coordinates"":[72.419328112634,-7.298479218987787]}"
327,1541,1230,1054,783,0.22205662727355957,734,444,-7.283848115087342,72.41635302586522,"{""type"":""Point"",""coordinates"":[72.41635343706712,-7.28383220630048]}"
328,1846,1431,1143,932,0.21117223799228668,943,704,-7.2851698807376515,72.39673799839049,"{""type"":""Point"",""coordinates"":[72.3967581364492,-7.28517405343136]}"
330,1533,1146,723,566,0.3387850522994995,499,378,-7.304750293015644,72.42266167491006,"{""type"":""Point"",""coordinates"":[72.42264363983482,-7.304736205519362]}"
333,1963,1543,1318,1103,0.16628873348236084,1142,848,-7.30573545352607,72.43560211180277,"{""type"":""Point"",""coordinates"":[72.43561005813133,-7.305778911896896]}"
334,2379,1876,1350,1031,0.29067766666412354,1043,771,-7.296947981985039,72.41554802222905,"{""type"":""Point"",""coordinates"":[72.41557741484935,-7.296936515423074]}"
336,1855,1467,1254,1057,0.16244056820869446,1027,744,-7.289163307155495,72.41802121235733,"{""type"":""Point"",""coordinates"":[72.41804877178319,-7.289167875601336]}"
337,2309,1913,1664,1372,0.16468797624111176,1359,1040,-7.297630620166658,72.42079869388641,"{""type"":""Point"",""coordinates"":[72.42079005533706,-7.297649418824319]}"
338,2967,2883,2741,2730,0.027258150721539285,2111,1343,-7.288463930766978,72.3789460798261,"{""type"":""Point"",""coordinates"":[72.3789175870706,-7.288421460093267]}"
339,2318,1881,1590,1462,0.12533652782440186,1273,905,-7.2821668975296525,72.38776193454379,"{""type"":""Point"",""coordinates"":[72.38774186055774,-7.282207288541146]}"
343,2091,1792,1667,1496,0.09002433090024331,1366,1027,-7.295632830850732,72.37429685879043,"{""type"":""Point"",""coordinates"":[72.37427144541087,-7.29567617191119]}"
345,1777,1431,1214,1014,0.17055214941501617,1027,739,-7.281343353115146,72.40123105835713,"{""type"":""Point"",""coordinates"":[72.401272658684,-7.281340225525981]}"
347,1401,1086,952,727,0.19801433384418488,695,527,-7.3100449020690546,72.39122785132336,"{""type"":""Point"",""coordinates"":[72.39121942779406,-7.310023708438992]}"
348,1733,1457,1281,1099,0.1400626003742218,1096,836,-7.279556311214474,72.4226510011289,"{""type"":""Point"",""coordinates"":[72.42262537253524,-7.2795434613321985]}"
350,2074,1621,1213,1079,0.2007407397031784,1024,774,-7.290973904485727,72.40546397583903,"{""type"":""Point"",""coordinates"":[72.40547829261963,-7.290996878263]}"
351,1741,1404,1224,1006,0.16514523327350616,1051,777,-7.278076634522597,72.41531450158169,"{""type"":""Point"",""coordinates"":[72.41532586018347,-7.278057993907394]}"
352,1639,1293,1050,863,0.19944341480731964,692,481,-7.289250866416341,72.41838362794982,"{""type"":""Point"",""coordinates"":[72.41840757042515,-7.289256551446778]}"
356,1702,1377,1256,1022,0.14797832071781158,1011,751,-7.279408544000747,72.41830897237475,"{""type"":""Point"",""coordinates"":[72.418321834279,-7.279371534459056]}"
359,1865,1562,1438,1251,0.11055812300035549,1237,915,-7.3089056652774,72.37457737531267,"{""type"":""Point"",""coordinates"":[72.37456730838313,-7.308881995554053]}"
363,1705,1473,1177,895,0.2440878450870514,924,704,-7.298357638150315,72.38426604321708,"{""type"":""Point"",""coordinates"":[72.38424028070196,-7.298313037438544]}"
365,3420,3525,2505,1170,0.5015974640846252,1055,798,-7.295877262551555,72.40188345775312,"{""type"":""Point"",""coordinates"":[72.40186365282173,-7.295896875054409]}"
370,817,494,291,164,0.5015197396278381,85,56,-7.286288350259852,72.43988495205652,"{""type"":""Point"",""coordinates"":[72.43990788727262,-7.28627937982388]}"
373,1621,1217,1125,908,0.14541176470588235,960,774,-7.300352132324497,72.37116671483702,"{""type"":""Point"",""coordinates"":[72.3712013022244,-7.300313317589197]}"
378,2037,1745,1638,1403,0.10864040660736976,1409,1103,-7.308840416164704,72.37123038829327,"{""type"":""Point"",""coordinates"":[72.37127115623198,-7.308832263092928]}"
380,1978,1539,1248,988,0.21804511547088623,1024,774,-7.29165738286001,72.41062417889967,"{""type"":""Point"",""coordinates"":[72.410627738271,-7.291651927056981]}"
381,1688,1427,1302,1059,0.14802896218825423,1051,773,-7.299904007011476,72.37071113426965,"{""type"":""Point"",""coordinates"":[72.37073176196202,-7.299909237781655]}"
383,2444,2099,1530,1358,0.214347705245018,1218,837,-7.2842593683387316,72.385697549965,"{""type"":""Point"",""coordinates"":[72.38565535377167,-7.284255829097142]}"
384,1674,1351,1134,1036,0.1319648027420044,933,680,-7.307951130833824,72.38144404045889,"{""type"":""Point"",""coordinates"":[72.38148479323003,-7.30790682720919]}"
385,792,477,279,152,0.5166931748390198,62,39,-7.2957713361818275,72.43968609315272,"{""type"":""Point"",""coordinates"":[72.43965041061841,-7.295783619476536]}"
387,2335,2109,1704,883,0.40975937247276306,642,444,-7.2968191519150105,72.38470668081226,"{""type"":""Point"",""coordinates"":[72.38470930603977,-7.296825766229617]}"
391,2064,1608,1377,1187,0.15062612295150757,1197,869,-7.301794842984249,72.43132136133406,"{""type"":""Point"",""coordinates"":[72.43127854412411,-7.3018129809619365]}"
396,1995,1690,1681,1405,0.09208400646203554,1534,1171,-7.293027626254966,72.37246847377943,"{""type"":""Point"",""coordinates"":[72.37250437014809,-7.293019990869889]}"
398,1225,908,738,538,0.2558782994747162,499,378,-7.285112952777354,72.41627217736446,"{""type"":""Point"",""coordinates"":[72.41631034995682,-7.285141240577361]}"
400,1677,1378,1284,1013,0.15265579521656036,1085,820,-7.2846678666601345,72.43923953674845,"{""type"":""Point"",""coordinates"":[72.43923816272898,-7.284678269352306]}"
401,2010,1581,1305,1100,0.1794106662273407,1131,827,-7.30800523288232,72.43399154922825,"{""type"":""Point"",""coordinates"":[72.434003165056,-7.307967295072333]}"
402,2049,1676,1494,1317,0.11994653940200806,1158,835,-7.27921885130502,72.40754562401209,"{""type"":""Point"",""coordinates"":[72.40758912570055,-7.279214203932276]}"
403,1005,669,470,313,0.36252546310424805,296,185,-7.290741005016339,72.43621107374378,"{""type"":""Point"",""coordinates"":[72.43620738725019,-7.290763908854322]}"
406,1475,1191,1085,862,0.16025328636169434,933,714,-7.309708884025486,72.38787886654555,"{""type"":""Point"",""coordinates"":[72.38785803865329,-7.309718630505602]}"
408,1209,870,663,461,0.3072877526283264,536,372,-7.302726078105855,72.43946797088746,"{""type"":""Point"",""coordinates"":[72.4394462257571,-7.302713966395973]}"
409,1913,1524,1296,1073,0.17366191744804382,1099,808,-7.302133304992162,72.43430843247182,"{""type"":""Point"",""coordinates"":[72.43427751746874,-7.3021554679821765]}"
410,3457,3195,3005,3056,0.02223644219338894,2484,1579,-7.280764073475167,72.38214416994094,"{""type"":""Point"",""coordinates"":[72.38213010045081,-7.280800601048721]}"
413,1659,1308,1181,984,0.14136125654450263,994,723,-7.29896989518501,72.3748645513282,"{""type"":""Point"",""coordinates"":[72.37483184183074,-7.29894563243862]}"
417,1829,1510,1360,1174,0.12518628912071536,1128,846,-7.305489811971007,72.37247147908828,"{""type"":""Point"",""coordinates"":[72.37249985496373,-7.305463640437861]}"
420,1802,1517,1325,1075,0.1705246865749359,1129,811,-7.3050661420080765,72.44048070764696,"{""type"":""Point"",""coordinates"":[72.4405084635534,-7.305071222475175]}"
421,1067,782,575,384,0.3413379192352295,301,208,-7.287393218295658,72.43708988743455,"{""type"":""Point"",""coordinates"":[72.43708790024667,-7.287424478391232]}"
427,816,488,299,177,0.46766915917396545,88,54,-7.298658000585734,72.44006991612898,"{""type"":""Point"",""coordinates"":[72.44009927564123,-7.298618839356194]}"
428,4150,4491,3236,1276,0.5574822425842285,1057,786,-7.3014252082066005,72.40861808452809,"{""type"":""Point"",""coordinates"":[72.4085823965846,-7.301389761985168]}"
433,2852,2904,2196,1374,0.3576437587657784,1020,671,-7.278729059832728,72.37652167782055,"{""type"":""Point"",""coordinates"":[72.37653215900971,-7.278770326063445]}"
438,1629,1316,1204,932,0.1708185076713562,970,735,-7.2784268958319,72.41676412621057,"{""type"":""Point"",""coordinates"":[72.416753710086,-7.278435597572718]}"
439,1543,1275,1131,925,0.1590909090909091,931,698,-7.300138388715726,72.37559687112075,"{""type"":""Point"",""coordinates"":[72.37556153102013,-7.3001685504749405]}"
440,1833,1470,1348,1074,0.15566037595272064,1090,809,-7.303286465309152,72.43703041254446,"{""type"":""Point"",""coordinates"":[72.43704480377009,-7.303309388861925]}"
441,1880,1530,1404,1195,0.12293577981651377,1006,756,-7.301488157177224,72.37624011281126,"{""type"":""Point"",""coordinates"":[72.37624972059079,-7.301489368297635]}"
445,1783,1394,1170,966,0.18135593831539154,963,723,-7.27985991593808,72.39434660043791,"{""type"":""Point"",""coordinates"":[72.39438980198997,-7.279823566111179]}"
446,2086,1650,1317,1111,0.19521912932395935,1104,832,-7.292884477087301,72.40357919356907,"{""type"":""Point"",""coordinates"":[72.40360650709663,-7.292882990886814]}"
447,2009,1542,1183,1009,0.20893767476081848,1103,810,-7.292556939412082,72.41108318961237,"{""type"":""Point"",""coordinates"":[72.41110385973597,-7.292590474143205]}"
454,1771,1429,1272,1074,0.14182980358600616,1106,800,-7.290765076159632,72.43304597793905,"{""type"":""Point"",""coordinates"":[72.43301638079407,-7.29079832820604]}"
456,1831,1427,1262,1116,0.12229649722576141,1079,815,-7.288249179300282,72.43139894558342,"{""type"":""Point"",""coordinates"":[72.43138466991009,-7.2882112809032]}"
457,3399,3540,2351,1002,0.5587846636772156,990,721,-7.299412685224604,72.41203956936786,"{""type"":""Point"",""coordinates"":[72.41199950275188,-7.299395429967238]}"
462,1916,1599,1267,1045,0.2095310091972351,1040,750,-7.310014245385515,72.39529761089265,"{""type"":""Point"",""coordinates"":[72.39530986456252,-7.310057450405257]}"
464,2045,1757,1741,1488,0.08289676425269646,1564,1184,-7.2929312450672334,72.37328173547053,"{""type"":""Point"",""coordinates"":[72.37328257609808,-7.292919540272499]}"
466,1672,1274,1131,972,0.13446126878261566,956,705,-7.306851240262063,72.3836064314755,"{""type"":""Point"",""coordinates"":[72.38361226135986,-7.306863955121836]}"
468,2458,2301,1772,1325,0.26916712630998346,985,582,-7.2777337294901825,72.376785544695,"{""type"":""Point"",""coordinates"":[72.37680505368542,-7.277760859950108]}"
470,4075,4509,3443,1379,0.531589686870575,800,529,-7.307962125685083,72.41590303406007,"{""type"":""Point"",""coordinates"":[72.41593964033834,-7.307973609245799]}"
471,1949,1509,1210,1017,0.1947743445634842,995,742,-7.283398539265701,72.39211227101106,"{""type"":""Point"",""coordinates"":[72.3920677240623,-7.2834008145813405]}"
472,1564,1245,1037,794,0.22118686139583588,821,599,-7.303470754396329,72.3888267045942,"{""type"":""Point"",""coordinates"":[72.38885219305277,-7.303473484061385]}"
473,1756,1490,1275,1121,0.14132516086101532,1099,823,-7.280972287065255,72.4264600403707,"{""type"":""Point"",""coordinates"":[72.42642576515205,-7.281015564045957]}"
477,1339,973,766,569,0.26199740171432495,648,485,-7.278254206842808,72.39171181785733,"{""type"":""Point"",""coordinates"":[72.391698745006,-7.278280441570101]}"
479,1632,1362,1224,981,0.16261203585147246,979,708,-7.296320049290062,72.37900504768494,"{""type"":""Point"",""coordinates"":[72.37897447521965,-7.296326698380936]}"
481,1257,893,616,474,0.3065105974674225,409,298,-7.309225206320583,72.43978904203233,"{""type"":""Point"",""coordinates"":[72.4397735038348,-7.309220207747901]}"
484,1799,1505,1355,1186,0.11854329245633594,1160,865,-7.296291968427546,72.37068406756444,"{""type"":""Point"",""coordinates"":[72.3707161093433,-7.296285412478306]}"
485,1641,1277,1050,950,0.14683429896831512,861,628,-7.300522794844729,72.38455366567952,"{""type"":""Point"",""coordinates"":[72.38454640039686,-7.3005601698101]}"
486,2021,1547,1264,1108,0.16534839570522308,1071,786,-7.2876825984192175,72.39883704681048,"{""type"":""Point"",""coordinates"":[72.39883104099724,-7.287723326926757]}"
488,2116,1663,1343,1150,0.18236757814884186,1165,862,-7.307140159301231,72.42901072742033,"{""type"":""Point"",""coordinates"":[72.42896635658047,-7.307107783366773]}"
489,2278,1838,1424,1191,0.21360184252262115,1211,911,-7.310891913058754,72.4343753850594,"{""type"":""Point"",""coordinates"":[72.43438521088235,-7.310889084533236]}"
493,2066,1979,1914,1686,0.07994542974079127,1571,1111,-7.28480687595495,72.372859123466,"{""type"":""Point"",""coordinates"":[72.37284218437713,-7.28482128798749]}"
494,1696,1370,1172,942,0.1851211041212082,989,725,-7.277711702876862,72.40382633765257,"{""type"":""Point"",""coordinates"":[72.4038185264799,-7.277719652133289]}"
497,3147,2979,2913,2943,0.0060790273556231,2218,1350,-7.283252863343018,72.37537982990357,"{""type"":""Point"",""coordinates"":[72.37535089588548,-7.283224651107737]}"
499,2076,1675,1297,1046,0.23116500675678253,1042,776,-7.2848677449254255,72.38886751027195,"{""type"":""Point"",""coordinates"":[72.38889630808332,-7.28486447851653]}"
501,1851,1481,1187,1006,0.19099316000938416,1002,743,-7.2888540713730325,72.41114557624084,"{""type"":""Point"",""coordinates"":[72.41115982164965,-7.288832602916661]}"
503,1892,1542,1275,1109,0.16333459317684174,1083,811,-7.292394513346381,72.43251578093135,"{""type"":""Point"",""coordinates"":[72.4325053043351,-7.292431452075815]}"
506,1705,1374,1292,1061,0.12854209542274475,1020,728,-7.2800480821242015,72.42925650274735,"{""type"":""Point"",""coordinates"":[72.42926298271625,-7.280012919711588]}"
507,1769,1450,1311,1079,0.14669829607009888,1095,828,-7.281069434010859,72.42555642471675,"{""type"":""Point"",""coordinates"":[72.42552311290704,-7.281061504829253]}"
508,3285,3083,2745,2734,0.05999656021595001,2120,1330,-7.2833841253108265,72.38198294661663,"{""type"":""Point"",""coordinates"":[72.38202001373804,-7.283369409438038]}"
509,1148,758,416,254,0.49802371859550476,173,118,-7.300440090037501,72.41946346536821,"{""type"":""Point"",""coordinates"":[72.41945728824584,-7.300447536441686]}"
518,1779,1478,1167,1014,0.18619582664526485,948,677,-7.293881266968023,72.379077177528,"{""type"":""Point"",""coordinates"":[72.37905879608375,-7.293853286633957]}"
519,2185,1747,1353,1134,0.21277333796024323,1130,847,-7.3109987530077625,72.4322056236777,"{""type"":""Point"",""coordinates"":[72.43216931756193,-7.310954409686652]}"
520,1764,1469,1305,1113,0.13787761330604553,1082,796,-7.28823475113333,72.4332979970535,"{""type"":""Point"",""coordinates"":[72.43329014292738,-7.288219008610183]}"
522,1928,1607,1434,1297,0.10674931129476584,1018,663,-7.286336589272058,72.3735941040402,"{""type"":""Point"",""coordinates"":[72.37357902501648,-7.2863242139078075]}"
525,2042,1618,1256,987,0.2422264814376831,993,746,-7.310459738604811,72.43183974037917,"{""type"":""Point"",""coordinates"":[72.43180298336759,-7.310444520778992]}"
526,4695,5203,3538,1286,0.6036369204521179,1158,871,-7.304272978326239,72.41415660610272,"{""type"":""Point"",""coordinates"":[72.4141417353189,-7.304248026527234]}"
531,2754,2309,1378,1112,0.34989768266677856,1136,837,-7.28865692352357,72.38934821459956,"{""type"":""Point"",""coordinates"":[72.38932590385096,-7.288696696371605]}"
535,3143,2953,2844,2688,0.046977486461400986,2308,1470,-7.279497845257106,72.38240599014567,"{""type"":""Point"",""coordinates"":[72.38238482004675,-7.279523176176627]}"
542,3460,3203,2928,2884,0.05240676924586296,2228,1425,-7.283931337229398,72.381263532414,"{""type"":""Point"",""coordinates"":[72.38129033835276,-7.283973703766475]}"
544,1726,1391,1247,1010,0.1586838811635971,1031,787,-7.289039157858274,72.43438936439863,"{""type"":""Point"",""coordinates"":[72.43440934183023,-7.28903748496009]}"
545,3375,3454,2856,2441,0.17184054851531982,2050,1534,-7.310589279937367,72.42668558984356,"{""type"":""Point"",""coordinates"":[72.42666526521529,-7.310628931362105]}"
546,2325,2149,2074,2016,0.031932773109243695,1714,1172,-7.284441623500038,72.37339903524597,"{""type"":""Point"",""coordinates"":[72.37342929521225,-7.284400256579374]}"
548,2105,1948,1698,1485,0.13486745953559875,1463,1058,-7.311531588505061,72.39766063512334,"{""type"":""Point"",""coordinates"":[72.39764977415315,-7.31156328436703]}"
550,2907,3248,2552,731,0.6325709819793701,418,264,-7.29544757527603,72.39898610853534,"{""type"":""Point"",""coordinates"":[72.39901003814279,-7.295485558744858]}"
553,2078,1626,1307,1066,0.2080237716436386,1055,802,-7.292332462405816,72.40493161476972,"{""type"":""Point"",""coordinates"":[72.40494679303355,-7.292370207447745]}"
555,1710,1350,1124,928,0.18525022268295288,891,683,-7.297919024775035,72.38254433198315,"{""type"":""Point"",""coordinates"":[72.38252413633766,-7.297890626383026]}"
557,783,467,266,147,0.5211726427078247,63,32,-7.293511907371303,72.43994013303983,"{""type"":""Point"",""coordinates"":[72.43993405488148,-7.293512626641498]}"
558,1627,1278,1023,891,0.17842324078083038,868,645,-7.305979405463061,72.39146848950102,"{""type"":""Point"",""coordinates"":[72.39149663001136,-7.30599109694443]}"
561,1767,1472,1373,1100,0.14463452994823456,1205,890,-7.281295068944366,72.43152686268748,"{""type"":""Point"",""coordinates"":[72.4315341817148,-7.281314034543603]}"
567,1761,1425,1243,1048,0.1524464190006256,1063,810,-7.282311952467519,72.44030677193197,"{""type"":""Point"",""coordinates"":[72.44028546296002,-7.2823415439163055]}"
569,1685,1382,1200,995,0.16281026601791382,964,686,-7.3034123836734866,72.38457541967628,"{""type"":""Point"",""coordinates"":[72.38457059484894,-7.303444510983948]}"
571,2046,1570,1257,1023,0.21095256507396698,1013,762,-7.285484917359407,72.39086182279955,"{""type"":""Point"",""coordinates"":[72.39082288267717,-7.2855045818121]}"
574,1449,1154,980,763,0.20396453142166138,908,670,-7.282427982546091,72.42502413322238,"{""type"":""Point"",""coordinates"":[72.42506728660565,-7.282465255188318]}"
576,3393,3165,3016,3030,0.021791767554479417,2372,1381,-7.284860032600821,72.3778337647099,"{""type"":""Point"",""coordinates"":[72.37786561591342,-7.284844065053019]}"
587,4345,4917,3505,1303,0.581028938293457,1165,876,-7.30404109700457,72.40899968691554,"{""type"":""Point"",""coordinates"":[72.40896008425982,-7.304033782927231]}"
588,1522,1179,1059,881,0.14466018974781036,886,654,-7.307635399356332,72.38741100533463,"{""type"":""Point"",""coordinates"":[72.38744386108026,-7.307640699842637]}"
590,1539,1269,1124,940,0.14893617021276595,911,664,-7.300769815320679,72.37569205511784,"{""type"":""Point"",""coordinates"":[72.37572763987106,-7.300783875694319]}"
592,1780,1395,1127,947,0.1912894994020462,932,713,-7.280318874896046,72.3933552350974,"{""type"":""Point"",""coordinates"":[72.3933812953474,-7.2802854587700105]}"
594,1890,1495,1329,1091,0.15622583031654358,1109,815,-7.287810227156028,72.41783006910605,"{""type"":""Point"",""coordinates"":[72.41779730873246,-7.28779503545025]}"
598,4191,4361,2406,1089,0.6003669500350952,1082,815,-7.303645693871265,72.41351875342393,"{""type"":""Point"",""coordinates"":[72.41353288545822,-7.303621674371687]}"
599,1996,1722,1605,1391,0.10632830067459043,1375,1048,-7.3089763131332495,72.37720082897597,"{""type"":""Point"",""coordinates"":[72.37719315068476,-7.3089671769270605]}"
601,1465,1189,1105,821,0.18308457732200623,872,635,-7.308436531980224,72.38895460136371,"{""type"":""Point"",""coordinates"":[72.38897647203339,-7.308418524031934]}"
602,1738,1474,1161,970,0.20621931552886963,890,669,-7.299971494951939,72.38581571756193,"{""type"":""Point"",""coordinates"":[72.38579745582986,-7.299982269393807]}"
603,1904,1550,1376,1191,0.13097409904003143,1210,924,-7.285207959720233,72.42757747329533,"{""type"":""Point"",""coordinates"":[72.42762280918609,-7.285232584461971]}"
605,1748,1379,1183,1019,0.15012510120868683,1013,736,-7.283181717812815,72.40893213665878,"{""type"":""Point"",""coordinates"":[72.40893812678394,-7.283172727139443]}"
608,1600,1276,1089,926,0.15894640982151031,876,646,-7.31117271384058,72.3853574482328,"{""type"":""Point"",""coordinates"":[72.38534192352537,-7.311157490984401]}"
613,2724,2385,2255,2085,0.06711409240961075,1914,1470,-7.282027827697131,72.41823839363971,"{""type"":""Point"",""coordinates"":[72.4182272196865,-7.282011705129473]}"
615,1606,1349,1193,966,0.16544276475906372,923,684,-7.312513605129233,72.3871764669853,"{""type"":""Point"",""coordinates"":[72.38719028334785,-7.312512081197465]}"
617,2952,2531,2344,2247,0.059439096599817276,2131,1688,-7.285628059018373,72.41980312755673,"{""type"":""Point"",""coordinates"":[72.41980546797951,-7.285625345739671]}"
619,1420,1089,966,760,0.17793402075767517,736,536,-7.309186803446071,72.3852520322065,"{""type"":""Point"",""coordinates"":[72.38522262634712,-7.309169127700667]}"
620,1845,1403,1140,929,0.20325900614261627,947,699,-7.283030557017857,72.39301389025263,"{""type"":""Point"",""coordinates"":[72.3929779129559,-7.283045029045123]}"
621,1901,1493,1318,1148,0.13063234090805054,1144,901,-7.288732234470814,72.42724254052783,"{""type"":""Point"",""coordinates"":[72.42722380916165,-7.2887423071458555]}"
622,1708,1358,1252,1013,0.14550822973251343,1093,805,-7.278879724251761,72.42852414072937,"{""type"":""Point"",""coordinates"":[72.42855593574461,-7.27886797734404]}"
623,2267,1929,1801,1671,0.07166666666666667,1571,1161,-7.3030205555205185,72.37661339880592,"{""type"":""Point"",""coordinates"":[72.37665619134613,-7.303021782804244]}"
625,1891,1506,1235,1026,0.1895734667778015,1052,803,-7.29948840805153,72.42587742771214,"{""type"":""Point"",""coordinates"":[72.42587819886222,-7.29947502710084]}"
627,1597,1259,1087,790,0.22889214754104614,815,684,-7.29313567017325,72.41814180769907,"{""type"":""Point"",""coordinates"":[72.41816427433285,-7.293128983445448]}"
629,2406,1880,1448,1698,0.05086640641093254,1128,657,-7.278361450645341,72.38945167197123,"{""type"":""Point"",""coordinates"":[72.38947874552376,-7.278334404612777]}"
630,2646,2206,2012,1867,0.08323103189468384,1852,1352,-7.291261885793685,72.42708091888866,"{""type"":""Point"",""coordinates"":[72.42709996960603,-7.291235657942152]}"
635,1248,910,744,538,0.25690609216690063,400,258,-7.307918532533405,72.38578514067412,"{""type"":""Point"",""coordinates"":[72.38579091447497,-7.307953766682509]}"
640,1762,1455,1311,1129,0.12616099417209625,1088,807,-7.311929600680962,72.39277964660839,"{""type"":""Point"",""coordinates"":[72.39277238751002,-7.311916021078593]}"
642,2336,2542,2194,1555,0.24090798199176788,1030,760,-7.307928516592077,72.39645761014411,"{""type"":""Point"",""coordinates"":[72.39647863714873,-7.307914232660583]}"
644,1749,1423,1273,1040,0.15550142526626587,1087,800,-7.291132443078177,72.43223484772521,"{""type"":""Point"",""coordinates"":[72.43223468416465,-7.291093062773949]}"
648,2509,2153,1859,1614,0.14308468997478485,1563,1121,-7.300953740593591,72.42317540519159,"{""type"":""Point"",""coordinates"":[72.42313177662055,-7.300949136591043]}"
658,1753,1383,1142,946,0.1876341849565506,933,695,-7.282196141178466,72.39590164202028,"{""type"":""Point"",""coordinates"":[72.39592946664538,-7.282164920821054]}"
660,1742,1414,1245,1012,0.1657048612833023,1071,799,-7.279076726883071,72.41441771449144,"{""type"":""Point"",""coordinates"":[72.4144428556136,-7.279089336743832]}"
661,1641,1295,1100,900,0.1799544394016266,927,691,-7.281411194820966,72.40421601094477,"{""type"":""Point"",""coordinates"":[72.40419890321348,-7.281377529034457]}"
662,1765,1419,1330,1084,0.13383939862251282,1114,832,-7.287149148390004,72.43356103044385,"{""type"":""Point"",""coordinates"":[72.43352255458025,-7.287111680360972]}"
663,1635,1272,1045,914,0.1637694388628006,899,676,-7.2999965995398535,72.38246951377539,"{""type"":""Point"",""coordinates"":[72.38247723495337,-7.300006591315695]}"
666,3141,3442,2676,1267,0.46188151836395264,601,239,-7.30788074026442,72.4147266717987,"{""type"":""Point"",""coordinates"":[72.41475134182984,-7.307921546553096]}"
670,3327,3084,2912,3004,0.013140604467805518,2356,1409,-7.283693560000564,72.37683017790427,"{""type"":""Point"",""coordinates"":[72.37682141831824,-7.28369592101223]}"
671,1972,1940,1621,1065,0.291181355714798,725,501,-7.298703907517263,72.38625838768036,"{""type"":""Point"",""coordinates"":[72.38628543138465,-7.2987286228760215]}"
672,2651,2748,2037,1140,0.4135802388191223,1104,816,-7.2947500284611655,72.4076631026326,"{""type"":""Point"",""coordinates"":[72.40764734682246,-7.294779524175766]}"
674,795,472,282,151,0.5152487754821777,69,47,-7.293073523359103,72.43821848696172,"{""type"":""Point"",""coordinates"":[72.43825153168872,-7.29311274953877]}"
675,2069,1605,1263,1060,0.20450282096862793,1071,794,-7.284585317964323,72.39040285681354,"{""type"":""Point"",""coordinates"":[72.3903789474079,-7.284553254604246]}"
676,1713,1358,1185,958,0.1727115660905838,893,671,-7.300877205885311,72.38546076483493,"{""type"":""Point"",""coordinates"":[72.38546880226764,-7.300907473076115]}"
680,2744,2777,1918,1087,0.4373705983161926,1022,762,-7.29885242861859,72.41447720316145,"{""type"":""Point"",""coordinates"":[72.41443287076477,-7.298885977627385]}"
681,1963,1495,1338,1081,0.1607142835855484,1135,844,-7.30163213708917,72.42896870112263,"{""type"":""Point"",""coordinates"":[72.42898268757673,-7.3016210026089405]}"
682,1747,1381,1133,931,0.19463667273521423,938,706,-7.2863796214949845,72.40398222361053,"{""type"":""Point"",""coordinates"":[72.40401684422731,-7.286398211504622]}"
683,1859,1460,1281,1097,0.14196324348449707,1059,788,-7.290385329406243,72.4354848684628,"{""type"":""Point"",""coordinates"":[72.43547530488144,-7.2903857537017025]}"
684,1721,1406,1207,991,0.17313309013843536,1012,753,-7.280618601325854,72.41352502504164,"{""type"":""Point"",""coordinates"":[72.41354196260185,-7.280655947373454]}"
687,4355,4838,3622,1214,0.5988103151321411,996,746,-7.299769768767869,72.41258492120575,"{""type"":""Point"",""coordinates"":[72.4125951013483,-7.299814330329993]}"
689,4354,4680,3097,1079,0.6252821683883667,947,710,-7.302241302534166,72.40817206562892,"{""type"":""Point"",""coordinates"":[72.40815339583166,-7.302283659856876]}"
690,1901,1529,1367,1171,0.1325925886631012,1136,848,-7.278859023399133,72.40736203199967,"{""type"":""Point"",""coordinates"":[72.40736107010254,-7.278901603695093]}"
691,820,498,290,165,0.5022624731063843,88,53,-7.300922257835397,72.43918285593922,"{""type"":""Point"",""coordinates"":[72.43915677341026,-7.300964443161073]}"
692,3833,3606,1709,999,0.5661237835884094,991,725,-7.295449866468523,72.41065291721557,"{""type"":""Point"",""coordinates"":[72.41066612397049,-7.295483194249212]}"
693,3921,4175,2531,948,0.6299043297767639,869,651,-7.298341428194126,72.41040351801448,"{""type"":""Point"",""coordinates"":[72.41042698294348,-7.298345508035147]}"
694,1934,1522,1334,1140,0.1435011327266693,1117,819,-7.302943204062294,72.43467637617525,"{""type"":""Point"",""coordinates"":[72.43471391741099,-7.30297320496458]}"
695,4362,4389,2241,1132,0.5899293422698975,1110,837,-7.304435072339002,72.4165997470396,"{""type"":""Point"",""coordinates"":[72.41661267684019,-7.304462336785613]}"
697,2409,2627,2156,1449,0.28900882601737976,1126,826,-7.308105022949926,72.39700160601255,"{""type"":""Point"",""coordinates"":[72.39697680454218,-7.308147271338074]}"
703,1666,1329,1158,934,0.17454706132411957,930,676,-7.281870172367578,72.40322466303306,"{""type"":""Point"",""coordinates"":[72.40323496039109,-7.281866447348121]}"
704,2033,1628,1283,1059,0.21176032721996307,1069,791,-7.308924032079174,72.43191844504307,"{""type"":""Point"",""coordinates"":[72.43190563107561,-7.30891109027721]}"
706,1915,1475,1130,943,0.22001653909683228,988,715,-7.292283048923181,72.39950485055212,"{""type"":""Point"",""coordinates"":[72.39946203412441,-7.292320066713951]}"
707,2868,2862,2190,1447,0.3283824622631073,1232,880,-7.309680819506087,72.42740218611063,"{""type"":""Point"",""coordinates"":[72.4274304505392,-7.309678974260074]}"
708,1880,1484,1241,994,0.1977401077747345,1037,765,-7.289480687717373,72.41187382977034,"{""type"":""Point"",""coordinates"":[72.41187356125238,-7.289477938534596]}"
709,800,476,278,158,0.5015772581100464,70,44,-7.2970478639973475,72.43806797893993,"{""type"":""Point"",""coordinates"":[72.43804700503465,-7.297019614716064]}"
710,2266,2012,1824,1857,0.04006203153269579,1571,1056,-7.285717981942369,72.37178064822366,"{""type"":""Point"",""coordinates"":[72.37181193570335,-7.285728096305568]}"
714,1989,1614,1250,1015,0.2278432846069336,1039,768,-7.310682345456145,72.4381722804126,"{""type"":""Point"",""coordinates"":[72.43813484608673,-7.310703707489159]}"
716,1891,1476,1209,1012,0.18649516999721527,1051,786,-7.2873132404231615,72.39991952913861,"{""type"":""Point"",""coordinates"":[72.39992361540948,-7.287279343905189]}"
718,1701,1341,1190,982,0.1545415411106328,1036,826,-7.303448340324842,72.3797821623714,"{""type"":""Point"",""coordinates"":[72.37981987701637,-7.303464855738775]}"
719,1774,1436,1259,1055,0.15295062959194183,1072,787,-7.281213107869524,72.41850352476354,"{""type"":""Point"",""coordinates"":[72.41851746486739,-7.281233165882591]}"
720,1777,1513,1156,965,0.2211460918188095,1022,777,-7.309562752328697,72.39529419737401,"{""type"":""Point"",""coordinates"":[72.39525156558895,-7.309566910668862]}"
721,1515,1118,1025,793,0.17006802721088435,865,653,-7.312163261351262,72.3736973921838,"{""type"":""Point"",""coordinates"":[72.37369056680976,-7.312177200802998]}"
723,1923,1610,1475,1270,0.11805555555555555,1332,1037,-7.3045617581535645,72.37581097499533,"{""type"":""Point"",""coordinates"":[72.37582847006139,-7.304606298012965]}"
730,1614,1255,1084,917,0.15561693906784058,873,631,-7.300541789534664,72.38202139802155,"{""type"":""Point"",""coordinates"":[72.38198349297176,-7.300540681673251]}"
732,2544,2215,1981,1306,0.25816529989242554,945,653,-7.312589225444314,72.40110551945143,"{""type"":""Point"",""coordinates"":[72.40113700948861,-7.31258386413629]}"
733,2145,1759,1239,932,0.3073206841945648,993,748,-7.299367499554377,72.41800827318684,"{""type"":""Point"",""coordinates"":[72.41799974274986,-7.299374850924429]}"
734,1609,1277,1118,940,0.15200721695985567,894,672,-7.296603812670755,72.37728876359114,"{""type"":""Point"",""coordinates"":[72.37730272028301,-7.296596713537174]}"
735,1636,1317,1179,994,0.13976633548736572,962,706,-7.308448093589654,72.38741713394035,"{""type"":""Point"",""coordinates"":[72.3874278970013,-7.3084314781330715]}"
740,1573,1346,1232,968,0.1633535004321521,1004,743,-7.312234583743228,72.37623042623171,"{""type"":""Point"",""coordinates"":[72.37620515762077,-7.312267802547025]}"
742,2515,2591,2013,1227,0.35725510120391846,961,693,-7.298957829561322,72.38852136301502,"{""type"":""Point"",""coordinates"":[72.38850182422271,-7.298918139537914]}"
745,2966,2819,2834,2264,0.10918749123811722,2404,1768,-7.2962713774545875,72.42142143075291,"{""type"":""Point"",""coordinates"":[72.42138826459858,-7.296248369912991]}"
746,1953,1513,1361,1219,0.1076134666800499,1117,821,-7.293029329455117,72.43215887284488,"{""type"":""Point"",""coordinates"":[72.4321556644243,-7.292996198662618]}"
748,1266,951,770,542,0.27394506335258484,423,299,-7.280879251214312,72.41488354494757,"{""type"":""Point"",""coordinates"":[72.41491501418058,-7.2809018263940315]}"
749,1906,1547,1342,1133,0.15447761118412018,1130,848,-7.304352068217135,72.43938997492396,"{""type"":""Point"",""coordinates"":[72.43937448616721,-7.304380539647562]}"
759,1467,1220,1098,807,0.2037493884563446,950,716,-7.2981057258329,72.38173175029841,"{""type"":""Point"",""coordinates"":[72.38169565808306,-7.298105944806099]}"
763,1990,1689,1606,1373,0.10320052253429131,1436,1143,-7.293101033133056,72.37473008905205,"{""type"":""Point"",""coordinates"":[72.37475317479564,-7.29305883771307]}"
764,1860,1452,1220,1011,0.17904993891716003,1007,748,-7.280955716914982,72.39272695904867,"{""type"":""Point"",""coordinates"":[72.3927285795287,-7.280958939102864]}"
769,1873,1476,1288,1065,0.16174733638763428,1106,804,-7.2952163488183475,72.42955285528545,"{""type"":""Point"",""coordinates"":[72.4295612748165,-7.29522225939992]}"
771,2257,1855,1463,1206,0.21202221512794495,1227,902,-7.311619788960565,72.43365742613422,"{""type"":""Point"",""coordinates"":[72.43368358790906,-7.311609292368262]}"
772,1941,1557,1332,1128,0.15977653861045837,1148,840,-7.30091527334467,72.42823972051178,"{""type"":""Point"",""coordinates"":[72.42827540145329,-7.30094750661804]}"
777,1866,1434,1192,997,0.17976140975952148,1019,750,-7.288409412775048,72.41023782571726,"{""type"":""Point"",""coordinates"":[72.41022321999851,-7.2883953070862955]}"
781,1776,1528,1151,934,0.24126726388931274,887,653,-7.298887221680686,72.38589799723695,"{""type"":""Point"",""coordinates"":[72.38587161169431,-7.2988520571606585]}"
784,1617,1269,1141,963,0.13709677419354838,1087,825,-7.2984064345062505,72.3777545135164,"{""type"":""Point"",""coordinates"":[72.37777266816798,-7.298405841457352]}"
785,4408,4086,4075,3797,0.03666117042303085,3576,2523,-7.2959033358941205,72.4223230197345,"{""type"":""Point"",""coordinates"":[72.42236572191374,-7.295879525330786]}"
789,1944,1663,1560,1312,0.11798319327731092,1296,1046,-7.30200353877698,72.3797712996019,"{""type"":""Point"",""coordinates"":[72.37977289854389,-7.3020195507355385]}"
790,3424,3622,2692,1529,0.4063288681809357,1324,870,-7.279533661882767,72.37761297635474,"{""type"":""Point"",""coordinates"":[72.37760003920117,-7.279525003346869]}"
796,1591,1226,1116,890,0.15879017013232513,910,710,-7.299413954421367,72.37586276451052,"{""type"":""Point"",""coordinates"":[72.37588703896172,-7.299425027210596]}"
797,1803,1439,1199,977,0.19122517108917236,953,715,-7.282462282094949,72.39653671573983,"{""type"":""Point"",""coordinates"":[72.39656267484648,-7.282479266833932]}"
802,2119,1682,1337,1134,0.19460226595401764,1160,884,-7.304071490024117,72.42880642985376,"{""type"":""Point"",""coordinates"":[72.42878451997285,-7.304042283120318]}"
803,2197,1724,1297,1088,0.226173534989357,1084,801,-7.285497805711235,72.38914356766323,"{""type"":""Point"",""coordinates"":[72.38912754887605,-7.2855083229361615]}"
805,1113,793,561,433,0.29363784193992615,354,236,-7.281037217879732,72.42980663593293,"{""type"":""Point"",""coordinates"":[72.42979974938126,-7.281024906507862]}"
807,1543,1229,1131,919,0.1443202942609787,969,737,-7.3083543943432705,72.3878686494194,"{""type"":""Point"",""coordinates"":[72.38783001051492,-7.308349045487805]}"
808,1628,1267,1099,881,0.1797020435333252,871,660,-7.300256645690895,72.38391856079514,"{""type"":""Point"",""coordinates"":[72.3839560388927,-7.300228245655475]}"
809,1876,1583,1433,1252,0.11675485008818343,1261,984,-7.307997240494849,72.37529411447001,"{""type"":""Point"",""coordinates"":[72.37527365589634,-7.307986127237356]}"
810,2285,1992,1644,1716,0.0744336569579288,1265,834,-7.287420198129108,72.37360221840291,"{""type"":""Point"",""coordinates"":[72.3735962424264,-7.2874069918019275]}"
812,2117,1630,1306,1083,0.20162181556224823,1094,808,-7.284052339036568,72.38922313617357,"{""type"":""Point"",""coordinates"":[72.38921050777755,-7.284062240315997]}"
813,2692,2422,2341,2045,0.08439669013023376,2049,1520,-7.287826533582695,72.42759739546644,"{""type"":""Point"",""coordinates"":[72.42761548362678,-7.287821500166415]}"
818,1680,1324,1160,923,0.17846016585826874,948,705,-7.281589067191974,72.40457910394672,"{""type"":""Point"",""coordinates"":[72.40459885932738,-7.281579178986828]}"
819,1394,978,701,549,0.28094303607940674,616,390,-7.308430501959382,72.43743152168814,"{""type"":""Point"",""coordinates"":[72.43747502327726,-7.308453335994165]}"
820,1654,1432,1016,800,0.28315412998199463,821,620,-7.305605957754103,72.3930936527712,"{""type"":""Point"",""coordinates"":[72.39313560720845,-7.305639450188472]}"
821,1656,1315,1190,975,0.14847161572052403,907,680,-7.3003311695851485,72.37397032686067,"{""type"":""Point"",""coordinates"":[72.37398194713597,-7.300341760840964]}"
823,1966,1488,1189,986,0.20291025936603546,1008,743,-7.294143992362178,72.41615981074183,"{""type"":""Point"",""coordinates"":[72.41613052744037,-7.294166643706253]}"
825,1773,1422,1233,1040,0.1551584005355835,1026,756,-7.280710263476763,72.41334484602287,"{""type"":""Point"",""coordinates"":[72.41335502183428,-7.280755138888876]}"
826,3329,3695,3467,2659,0.16304689645767212,1219,685,-7.30681635903697,72.41218621204217,"{""type"":""Point"",""coordinates"":[72.4122254616084,-7.306824776053292]}"
828,799,484,284,164,0.4938271641731262,70,43,-7.287993615153655,72.44125450528632,"{""type"":""Point"",""coordinates"":[72.44126344436245,-7.288016015934366]}"
830,1816,1427,1133,938,0.2067653238773346,964,709,-7.286853582478927,72.40100132693946,"{""type"":""Point"",""coordinates"":[72.40101308703348,-7.28687778220449]}"
836,815,506,299,171,0.4948301315307617,84,50,-7.290007636294565,72.43765245626794,"{""type"":""Point"",""coordinates"":[72.43768341339423,-7.290040765733794]}"
838,2038,1562,1265,1077,0.1837817281484604,1073,799,-7.289340610098269,72.39450845029644,"{""type"":""Point"",""coordinates"":[72.39453197350227,-7.289337128902523]}"
840,844,512,302,172,0.49707603454589844,93,61,-7.283597719459243,72.41363802033865,"{""type"":""Point"",""coordinates"":[72.4136558553473,-7.283586798642633]}"
841,968,616,396,256,0.4128440320491791,186,135,-7.29007311533507,72.41712373793598,"{""type"":""Point"",""coordinates"":[72.41715621269479,-7.2900515580097025]}"
843,1690,1252,1050,996,0.11387900355871886,857,648,-7.310040246011837,72.37983175176649,"{""type"":""Point"",""coordinates"":[72.37987661529962,-7.3100622343054775]}"
845,1866,1537,1317,1085,0.17238749563694,1105,822,-7.295667138756582,72.42964672914037,"{""type"":""Point"",""coordinates"":[72.42966991032503,-7.295625502827325]}"
848,1794,1491,1389,1113,0.14516128599643707,1210,938,-7.282859586902572,72.4276500486842,"{""type"":""Point"",""coordinates"":[72.42765226131549,-7.282896395258916]}"
849,3649,3851,2580,1020,0.5811948180198669,913,681,-7.306406510205035,72.41860444517168,"{""type"":""Point"",""coordinates"":[72.41860845709263,-7.306413193422926]}"
850,1884,1570,1446,1202,0.13275612890720367,1224,925,-7.2782727600375186,72.43711077602245,"{""type"":""Point"",""coordinates"":[72.43713255073267,-7.278251379310883]}"
851,3050,2924,2624,2308,0.11773700267076492,1832,1100,-7.285640947593781,72.38209032324762,"{""type"":""Point"",""coordinates"":[72.382046432346,-7.285627565457295]}"
854,1842,1453,1219,1061,0.15592680871486664,1027,748,-7.298747493250281,72.42831363316527,"{""type"":""Point"",""coordinates"":[72.4283306411584,-7.298725838873058]}"
855,1553,1239,1130,893,0.16228893399238586,983,731,-7.309127744840485,72.38109111773385,"{""type"":""Point"",""coordinates"":[72.38105703261047,-7.309158566248769]}"
858,1518,1235,1126,874,0.171171173453331,885,650,-7.305837567086458,72.38631212238731,"{""type"":""Point"",""coordinates"":[72.38635100133665,-7.305824341815557]}"
859,1795,1438,1284,1059,0.15178214013576508,1061,780,-7.2810318311787245,72.41859258637304,"{""type"":""Point"",""coordinates"":[72.41861443125974,-7.280989579181343]}"
860,1731,1440,1272,1061,0.1515393853187561,1053,792,-7.288781332362378,72.43266910939691,"{""type"":""Point"",""coordinates"":[72.43263859673912,-7.2888160605058765]}"
862,2340,2167,1464,1109,0.32295483350753784,1106,815,-7.294604909912688,72.40295912232317,"{""type"":""Point"",""coordinates"":[72.40297166159937,-7.294574396735385]}"
864,4042,4355,2740,986,0.6307807564735413,920,688,-7.299602170533519,72.41086528082585,"{""type"":""Point"",""coordinates"":[72.410847092452,-7.299621186966006]}"
867,1065,693,368,218,0.521405041217804,148,104,-7.302242588098003,72.41992937566674,"{""type"":""Point"",""coordinates"":[72.41990618516424,-7.302259631913668]}"
870,1537,1228,1094,871,0.1700809909480705,997,763,-7.300258451541044,72.3716182338248,"{""type"":""Point"",""coordinates"":[72.37160389033787,-7.300269003014405]}"
871,2190,1861,1766,1587,0.07946635730858469,1558,1168,-7.306809783226846,72.37709409565215,"{""type"":""Point"",""coordinates"":[72.3770616122731,-7.306843209625548]}"
874,3310,3039,2983,2553,0.08690986782312393,2824,1964,-7.301670616270379,72.42390438161979,"{""type"":""Point"",""coordinates"":[72.42386392397047,-7.301689970603841]}"
875,1905,1410,1136,970,0.18487395346164703,971,730,-7.284194258798732,72.3943792354631,"{""type"":""Point"",""coordinates"":[72.39433820529976,-7.28415732453095]}"
878,6145,5518,4345,2782,0.3296385407447815,615,400,-7.302193648429101,72.39053549355037,"{""type"":""Point"",""coordinates"":[72.39056557298566,-7.30222271157565]}"
881,1961,1528,1324,1108,0.15933232009410858,1111,829,-7.2994835999121594,72.42651046476675,"{""type"":""Point"",""coordinates"":[72.42654751474643,-7.299523069551353]}"
885,1556,1176,999,844,0.16435644030570984,675,479,-7.277628891876304,72.39080273712786,"{""type"":""Point"",""coordinates"":[72.39077464763557,-7.277647321113362]}"
887,1633,1290,1070,926,0.1642599254846573,730,515,-7.286118772777928,72.43843669411719,"{""type"":""Point"",""coordinates"":[72.43847653176333,-7.286161872013935]}"
888,1641,1361,1199,1016,0.1451409339503576,988,744,-7.30096530371113,72.37370375249434,"{""type"":""Point"",""coordinates"":[72.37370432363105,-7.30096421825997]}"
889,3969,3896,1881,899,0.6250260472297668,868,640,-7.296258440309272,72.41120168541738,"{""type"":""Point"",""coordinates"":[72.4111928683692,-7.2962996169018846]}"
897,1692,1340,1171,940,0.17543859779834747,950,711,-7.284194759861765,72.40631710518988,"{""type"":""Point"",""coordinates"":[72.40634491915316,-7.284196807609858]}"
898,1648,1365,1236,1002,0.15335868299007416,898,638,-7.282196649201303,72.43171459550294,"{""type"":""Point"",""coordinates"":[72.43171518898387,-7.282211542194902]}"
899,1724,1394,1127,970,0.17935702204704285,934,688,-7.301594170528851,72.38618970907451,"{""type"":""Point"",""coordinates"":[72.38618871978633,-7.301579295666568]}"
902,2216,1856,1732,1577,0.08127002621613749,1425,1053,-7.3053609120313245,72.3776258744115,"{""type"":""Point"",""coordinates"":[72.37764737356186,-7.305347354181785]}"
903,2803,2534,2492,2160,0.07967618107795715,2111,1543,-7.288100164739658,72.42723773094801,"{""type"":""Point"",""coordinates"":[72.42727041348759,-7.28809289251958]}"
904,2022,1587,1286,1037,0.20960365235805511,1040,779,-7.288686764465328,72.39739759223107,"{""type"":""Point"",""coordinates"":[72.39741241616002,-7.288685473449012]}"
907,2076,1800,1393,1535,0.07946026986506746,1031,687,-7.286248313822508,72.3733221193423,"{""type"":""Point"",""coordinates"":[72.37332384765544,-7.286240727559726]}"
909,1989,1677,1274,1095,0.20995670557022095,1117,855,-7.302411076695183,72.4334061647144,"{""type"":""Point"",""coordinates"":[72.43343059622657,-7.302428861671239]}"
914,916,580,371,220,0.44999998807907104,146,104,-7.286503613293993,72.41148952843297,"{""type"":""Point"",""coordinates"":[72.41151622395734,-7.286545088332924]}"
916,6169,5636,4483,3345,0.25509408116340637,639,388,-7.295743015327884,72.3837037212522,"{""type"":""Point"",""coordinates"":[72.38372990522411,-7.295779793271536]}"
917,2052,1572,1195,998,0.2233463078737259,1003,743,-7.292996123966421,72.41271442148036,"{""type"":""Point"",""coordinates"":[72.41274845570739,-7.292968014900044]}"
920,1908,1512,1320,1128,0.145454540848732,1146,849,-7.287762980506746,72.42406987816284,"{""type"":""Point"",""coordinates"":[72.42410787187765,-7.287780137430249]}"
921,4745,5278,4398,1674,0.5184119939804077,1286,954,-7.305942812813033,72.40829057736025,"{""type"":""Point"",""coordinates"":[72.40829566726235,-7.305931981430218]}"
928,1604,1337,1349,1001,0.1437125748502994,1019,767,-7.312946813098428,72.37759247772982,"{""type"":""Point"",""coordinates"":[72.37757467909394,-7.312939398286196]}"
931,4132,3828,3861,3476,0.048192769289016724,3567,2559,-7.296709141548207,72.42323353770773,"{""type"":""Point"",""coordinates"":[72.42320065478792,-7.29673845398113]}"
933,2132,1671,1376,1289,0.12905405461788177,1187,876,-7.29623364101668,72.42639526956323,"{""type"":""Point"",""coordinates"":[72.42639954149764,-7.296273789204566]}"
934,1477,1132,1017,766,0.1928345626975764,874,683,-7.3114320477407535,72.37486769893317,"{""type"":""Point"",""coordinates"":[72.37484187756816,-7.3113929037896215]}"
938,785,463,269,152,0.5056910514831543,58,32,-7.292514534263409,72.44047512910812,"{""type"":""Point"",""coordinates"":[72.44045830104616,-7.292527566221283]}"
943,2602,2307,2182,1803,0.12262773513793945,1909,1446,-7.29655049250599,72.42033828543195,"{""type"":""Point"",""coordinates"":[72.42032902063762,-7.296576354799875]}"
944,1826,1419,1187,996,0.17515528202056885,894,650,-7.30823472944129,72.4394196977385,"{""type"":""Point"",""coordinates"":[72.43940247586838,-7.308258934995002]}"
947,4922,4754,4947,4551,0.021816227585077286,4248,2828,-7.284277717803924,72.41925025992732,"{""type"":""Point"",""coordinates"":[72.41925366991131,-7.284277425076395]}"
948,1882,1455,1224,1007,0.1819658875465393,1022,753,-7.283835779672596,72.3940147801002,"{""type"":""Point"",""coordinates"":[72.39400071193656,-7.283865576545324]}"
951,2070,1784,1726,1454,0.1019147621988882,1501,1160,-7.305086622601464,72.37807603601608,"{""type"":""Point"",""coordinates"":[72.3780778276167,-7.305065441184784]}"
952,1904,1493,1205,998,0.19871537387371063,988,746,-7.283303489933416,72.3927446281413,"{""type"":""Point"",""coordinates"":[72.39278476045368,-7.2833452783582135]}"
955,1569,1286,1066,949,0.1507830023765564,907,625,-7.277643120998334,72.38890364578587,"{""type"":""Point"",""coordinates"":[72.38891331333095,-7.277686214827695]}"
958,4191,4361,2406,1089,0.6003669500350952,1082,815,-7.303645693871265,72.41351875342393,"{""type"":""Point"",""coordinates"":[72.41356241387524,-7.303637758126855]}"
963,4320,4568,2641,1140,0.6005606055259705,1167,872,-7.304714186220524,72.41551657597424,"{""type"":""Point"",""coordinates"":[72.41551429569805,-7.304706052111064]}"
964,2909,2518,2084,2296,0.04611549526453018,1625,976,-7.279653410488074,72.38575339789881,"{""type"":""Point"",""coordinates"":[72.38573939640331,-7.27965574152597]}"
967,3597,3268,3141,2789,0.07908205687999725,2472,1832,-7.302650133628749,72.42572063925131,"{""type"":""Point"",""coordinates"":[72.42573660898613,-7.302617279184566]}"
968,1456,1158,1026,793,0.18708354689902615,863,680,-7.3113336136195075,72.37595231268809,"{""type"":""Point"",""coordinates"":[72.37591923697754,-7.3113212506751095]}"
969,4344,3993,3936,3756,0.03058459237217903,3694,2616,-7.296081184837743,72.42268612750185,"{""type"":""Point"",""coordinates"":[72.42272946484559,-7.296070481250575]}"
974,2563,2097,1733,1774,0.08344097435474396,1488,1009,-7.278936427893033,72.38502450576388,"{""type"":""Point"",""coordinates"":[72.38501713330265,-7.278957819905209]}"
976,1812,1412,1174,952,0.19458544254302979,970,716,-7.285235699909472,72.39999429024637,"{""type"":""Point"",""coordinates"":[72.39999558823698,-7.285272821958323]}"
977,2270,2045,1828,1313,0.21798689663410187,1422,1112,-7.305016373895608,72.42329678508598,"{""type"":""Point"",""coordinates"":[72.4232798922797,-7.305012213223069]}"
978,2060,1788,1683,1504,0.08626974483596597,1434,1048,-7.29399863006871,72.37546036025556,"{""type"":""Point"",""coordinates"":[72.3754931968704,-7.2939820662745]}"
981,1686,1289,1126,1010,0.12135711312294006,958,686,-7.306436344350293,72.39074838883957,"{""type"":""Point"",""coordinates"":[72.39074084549648,-7.306442277718838]}"
982,2039,1645,1275,1036,0.22715404629707336,1066,793,-7.311503279913258,72.43709328109429,"{""type"":""Point"",""coordinates"":[72.43706083632185,-7.3115164245008435]}"
985,4745,5278,4398,1674,0.5184119939804077,1286,954,-7.305942812813033,72.40829057736025,"{""type"":""Point"",""coordinates"":[72.40830977067922,-7.30596738581857]}"
987,2807,2397,2181,2117,0.062029242515563965,1825,1183,-7.277792285765261,72.38103661790021,"{""type"":""Point"",""coordinates"":[72.3810776221787,-7.277787589052667]}"
988,1657,1330,1208,1023,0.13047173820654484,1040,770,-7.299990928673943,72.37116400701387,"{""type"":""Point"",""coordinates"":[72.37112737029705,-7.300011604178538]}"
989,1771,1335,1114,960,0.16339869797229767,928,662,-7.289263181934945,72.41675584058999,"{""type"":""Point"",""coordinates"":[72.416774259145,-7.289301104776959]}"
992,1836,1491,1346,1172,0.11978971085242208,1125,847,-7.3076712407034785,72.3705884927796,"{""type"":""Point"",""coordinates"":[72.37054846292523,-7.307634138359158]}"
993,1794,1467,1313,1070,0.15648403763771057,1111,815,-7.285524523915057,72.43345821339857,"{""type"":""Point"",""coordinates"":[72.43345167711297,-7.285524902128433]}"
996,1829,1557,1435,1213,0.12418772563176896,1244,965,-7.307429682580338,72.37872676764862,"{""type"":""Point"",""coordinates"":[72.3786860471143,-7.307430725434018]}"
997,4572,5050,3424,1193,0.6178119778633118,992,702,-7.303965077525791,72.41903807496752,"{""type"":""Point"",""coordinates"":[72.41902421048458,-7.303986476359216]}"
998,2396,2374,1922,1405,0.25641703605651855,1332,1001,-7.3091417979851325,72.42703630858564,"{""type"":""Point"",""coordinates"":[72.42705899198523,-7.3091860693893524]}"
1007,2378,2123,1960,1756,0.09461201340551689,1651,1178,-7.291451957009107,72.37788319810805,"{""type"":""Point"",""coordinates"":[72.37787924798633,-7.2914890482903685]}"
1008,1729,1408,1253,1031,0.1545715481042862,1097,827,-7.288228565201053,72.4341118750729,"{""type"":""Point"",""coordinates"":[72.43410727851843,-7.288261212522808]}"
1011,1647,1318,1251,978,0.1480836236933798,1120,882,-7.296182071563648,72.37330610229046,"{""type"":""Point"",""coordinates"":[72.37330521506509,-7.296171247035111]}"
1012,2093,1694,1460,1120,0.20398010313510895,1283,944,-7.283696565408491,72.38849694618163,"{""type"":""Point"",""coordinates"":[72.38847236565303,-7.283710361991403]}"
1021,1451,1099,913,716,0.21101927757263184,620,429,-7.284606689944983,72.41156560392707,"{""type"":""Point"",""coordinates"":[72.41159754695813,-7.284623440791484]}"
1027,2650,2274,1984,1975,0.07036949694156647,1601,1081,-7.279368969607164,72.38756003549085,"{""type"":""Point"",""coordinates"":[72.38758080205523,-7.279343890939439]}"
1029,1299,879,586,478,0.29550477862358093,375,237,-7.291989183374682,72.41451556242951,"{""type"":""Point"",""coordinates"":[72.41447681991295,-7.2920309699930375]}"
1030,2170,1677,1319,1125,0.19700214266777039,1033,744,-7.288633165109039,72.39251344050429,"{""type"":""Point"",""coordinates"":[72.3925243425478,-7.2886196706655175]}"
1031,1864,1510,1310,1112,0.1517925262451172,1106,817,-7.295552092372349,72.43290161427097,"{""type"":""Point"",""coordinates"":[72.43293495529038,-7.29556942951267]}"
1035,1779,1456,1343,1113,0.1335149863760218,1165,878,-7.304482291338549,72.37436326161757,"{""type"":""Point"",""coordinates"":[72.37440120462286,-7.304502564697931]}"
1036,931,584,346,207,0.4766118824481964,127,87,-7.292249813971949,72.41587411895567,"{""type"":""Point"",""coordinates"":[72.41589195063257,-7.292243528544592]}"
1037,4789,5342,4163,1603,0.5383729338645935,1337,977,-7.306181540893688,72.41254315765202,"{""type"":""Point"",""coordinates"":[72.41256890651852,-7.306169713405558]}"
1040,1793,1450,1295,1096,0.13904163241386414,1123,822,-7.278800392849571,72.42707658130679,"{""type"":""Point"",""coordinates"":[72.42707796550158,-7.2788094352404915]}"
1042,1714,1437,1274,1049,0.15607401728630066,1091,832,-7.278152561643782,72.42915165491073,"{""type"":""Point"",""coordinates"":[72.42912700272873,-7.2781117479327815]}"
1044,3847,3948,2070,1007,0.5935418605804443,1010,746,-7.302991696867172,72.41640789359367,"{""type"":""Point"",""coordinates"":[72.4163666763992,-7.3030360285057325]}"
1045,1919,1579,1235,1077,0.1890060305595398,1061,769,-7.311719007343556,72.39675761114023,"{""type"":""Point"",""coordinates"":[72.39673836348743,-7.3117445217962915]}"
1047,1802,1421,1234,1034,0.15763747692108154,1055,797,-7.291140002329188,72.43124009945282,"{""type"":""Point"",""coordinates"":[72.43127981194218,-7.291184151241951]}"
1054,2066,1663,1044,851,0.3229912519454956,690,522,-7.297103235688458,72.41889546027318,"{""type"":""Point"",""coordinates"":[72.4189094096213,-7.2970661693383]}"
1056,1966,1715,1034,811,0.35787805914878845,669,459,-7.302250131686291,72.41893458998449,"{""type"":""Point"",""coordinates"":[72.41893786506836,-7.3022610504484256]}"
1060,1814,1451,1326,1134,0.12263055890798569,1143,855,-7.277562078260461,72.4355679870673,"{""type"":""Point"",""coordinates"":[72.43553443473414,-7.277535705943017]}"
1062,2476,2698,2243,1710,0.22413793206214905,1152,805,-7.309267307243678,72.39854793918153,"{""type"":""Point"",""coordinates"":[72.39852919476536,-7.309311043729711]}"
1065,1802,1493,1272,1098,0.1524507850408554,1104,832,-7.279616480149943,72.42663060778486,"{""type"":""Point"",""coordinates"":[72.42665763227772,-7.279661090043235]}"
1066,1708,1396,1269,1067,0.13357694447040558,1058,804,-7.2856666116351825,72.43852367862218,"{""type"":""Point"",""coordinates"":[72.4384829000672,-7.285693497166379]}"
1068,1630,1292,1155,997,0.12887723743915558,924,658,-7.306501581687887,72.3820662419072,"{""type"":""Point"",""coordinates"":[72.38206330382178,-7.306541671470762]}"
1069,1475,1181,1081,821,0.17982017993927002,906,717,-7.310668141619992,72.3924083366791,"{""type"":""Point"",""coordinates"":[72.39239372596047,-7.310658793763901]}"
1073,1167,843,662,482,0.27245283126831055,556,389,-7.284157305369522,72.42322855042816,"{""type"":""Point"",""coordinates"":[72.42318576053158,-7.2841664115663285]}"
1076,1853,1451,1262,1045,0.16266025602817535,1035,811,-7.299367875389487,72.42985582199779,"{""type"":""Point"",""coordinates"":[72.42986122321156,-7.299337789541163]}"
1079,1725,1445,1333,1064,0.15185332298278809,1118,835,-7.27923506183852,72.44118763125658,"{""type"":""Point"",""coordinates"":[72.44123049894908,-7.279228142235908]}"
1082,1007,694,477,341,0.3410628139972687,244,162,-7.287394594107398,72.43690902661682,"{""type"":""Point"",""coordinates"":[72.43694737454288,-7.287433846745475]}"
1083,1722,1395,1232,1001,0.164440734557596,982,751,-7.311306482820524,72.37956994541405,"{""type"":""Point"",""coordinates"":[72.37956756459533,-7.3113505686371845]}"
1088,1885,1449,1179,985,0.19063270092010498,863,622,-7.292529596758864,72.41470053896721,"{""type"":""Point"",""coordinates"":[72.41471134815326,-7.29256992791987]}"
1089,3237,3020,2842,2758,0.045344408601522446,2454,1571,-7.28121489690247,72.38223799107156,"{""type"":""Point"",""coordinates"":[72.38226193205081,-7.281210403898848]}"
1092,3163,2780,2449,2569,0.0394466258585453,1984,1233,-7.27784944808822,72.38546854052845,"{""type"":""Point"",""coordinates"":[72.38548408793744,-7.277847022029334]}"
1094,1991,1506,1210,951,0.22588522732257843,997,740,-7.286999634821597,72.39358641318971,"{""type"":""Point"",""coordinates"":[72.39360851800328,-7.286963467727243]}"
1095,1859,1428,1128,897,0.22838710248470306,905,667,-7.290408923665476,72.40853462965211,"{""type"":""Point"",""coordinates"":[72.40855653697128,-7.290390946393433]}"
1097,966,609,388,241,0.43294116854667664,158,110,-7.291165569036213,72.41595633070307,"{""type"":""Point"",""coordinates"":[72.41599398738029,-7.291197793576837]}"
1098,3728,3994,2684,1070,0.5774091482162476,996,772,-7.301815099764822,72.4167607134382,"{""type"":""Point"",""coordinates"":[72.41676738907424,-7.301799267251494]}"
1104,1767,1444,1247,1049,0.1584436446428299,1048,783,-7.286040172658006,72.43689869378304,"{""type"":""Point"",""coordinates"":[72.43689212591245,-7.286032585474762]}"
1108,813,482,278,158,0.5062500238418579,70,47,-7.295341908608704,72.43678882160668,"{""type"":""Point"",""coordinates"":[72.4368039548743,-7.295369113899967]}"
1111,2141,1661,1384,1145,0.1838916540145874,1172,862,-7.307657833500414,72.43218009108199,"{""type"":""Point"",""coordinates"":[72.43215907536049,-7.307652431575694]}"
1112,1756,1414,1269,1069,0.1389448195695877,1081,802,-7.27876621559299,72.41966063745211,"{""type"":""Point"",""coordinates"":[72.41965480571598,-7.2787405241956895]}"
1117,2872,2573,2317,2367,0.041700404858299595,1795,1251,-7.287402635954339,72.37595356208328,"{""type"":""Point"",""coordinates"":[72.37597299103115,-7.287428910736814]}"
1119,1617,1282,1153,953,0.14720357954502106,952,710,-7.3101549384446995,72.38860578948449,"{""type"":""Point"",""coordinates"":[72.3886332408411,-7.310122654965467]}"
1122,1563,1266,1099,903,0.1673582295988935,875,657,-7.3003257570300635,72.37469383829854,"{""type"":""Point"",""coordinates"":[72.37468408564985,-7.300309722355033]}"
1124,3934,3826,1914,1096,0.5546525716781616,1071,806,-7.301926629340504,72.41395790285821,"{""type"":""Point"",""coordinates"":[72.41399273033876,-7.301921578830929]}"
1126,3116,2809,2627,2298,0.10005874186754227,2288,1720,-7.2990657577062175,72.4220757609762,"{""type"":""Point"",""coordinates"":[72.42206182501535,-7.2990346133787565]}"
1128,1850,1458,1229,1036,0.16920609772205353,1033,776,-7.281023616667458,72.3957119338117,"{""type"":""Point"",""coordinates"":[72.39567847612494,-7.281047926676542]}"
1131,1786,1401,1177,984,0.17484275996685028,947,725,-7.286376896507123,72.40434395690362,"{""type"":""Point"",""coordinates"":[72.40432181018757,-7.286380537433716]}"
1134,4063,3978,3712,2067,0.31612902879714966,906,484,-7.304520329478166,72.39335678498615,"{""type"":""Point"",""coordinates"":[72.39335427632129,-7.304560347775603]}"
1135,1603,1219,1065,906,0.14729411764705883,896,675,-7.296508774207451,72.377921150741,"{""type"":""Point"",""coordinates"":[72.37792888759131,-7.296551667268059]}"
1136,1862,1529,1387,1160,0.13722573220729828,1134,824,-7.282735153865289,72.42023335697264,"{""type"":""Point"",""coordinates"":[72.42020321605484,-7.282717550890766]}"
1142,1942,1653,1373,1163,0.1740056872367859,1319,997,-7.311089646156468,72.3963910730845,"{""type"":""Point"",""coordinates"":[72.3964153752511,-7.311104292174096]}"
1148,1916,1560,1408,1169,0.1432759314775467,1185,870,-7.297550278757818,72.43137941269731,"{""type"":""Point"",""coordinates"":[72.43137669016185,-7.297564059699542]}"
1152,1799,1391,1105,923,0.20224718749523163,908,669,-7.287728638449121,72.40471592669167,"{""type"":""Point"",""coordinates"":[72.40467267791752,-7.287708583917845]}"
1153,2766,2566,2377,2206,0.07544006407260895,1866,1181,-7.281174281255918,72.38766403675783,"{""type"":""Point"",""coordinates"":[72.38766675762753,-7.281163622052158]}"
1155,1740,1464,1224,1066,0.15731225296442689,982,716,-7.298464596441268,72.36997679450715,"{""type"":""Point"",""coordinates"":[72.3700014797842,-7.298462144780134]}"
1160,1607,1279,1150,954,0.1455441117286682,935,682,-7.310100671249502,72.38381179996288,"{""type"":""Point"",""coordinates"":[72.38382066776516,-7.310140878708911]}"
1161,4816,4575,4529,4301,0.03086976148188114,4155,2766,-7.306723752496294,72.42439508276773,"{""type"":""Point"",""coordinates"":[72.42440656810204,-7.30675707618092]}"
1165,1106,734,527,363,0.3381950855255127,520,429,-7.291511017247801,72.41803903330687,"{""type"":""Point"",""coordinates"":[72.41799784859484,-7.291473389044716]}"
1166,3575,3196,3128,2944,0.04104234650731087,3135,2363,-7.295802751374042,72.42367883437755,"{""type"":""Point"",""coordinates"":[72.42365433586308,-7.295767508988083]}"
1168,814,501,309,179,0.4735293984413147,91,66,-7.301542592199961,72.44072505129414,"{""type"":""Point"",""coordinates"":[72.44070137758433,-7.301585131828471]}"
1169,1547,1175,993,854,0.1582060158252716,764,521,-7.310572393050303,72.39313116853886,"{""type"":""Point"",""coordinates"":[72.39315637415447,-7.310578202132299]}"
1170,3348,3086,3051,2768,0.054321832954883575,2946,2187,-7.2924953778792965,72.41922220606178,"{""type"":""Point"",""coordinates"":[72.41919736086133,-7.292457018970005]}"
1171,1961,1620,1477,1316,0.10354223433242507,1229,940,-7.303841385937222,72.37553423034325,"{""type"":""Point"",""coordinates"":[72.37551158785806,-7.303857854667651]}"
1173,2207,1787,1280,1012,0.27688461542129517,1046,765,-7.2872997210344534,72.38969976236216,"{""type"":""Point"",""coordinates"":[72.38969163195816,-7.287316789970049]}"
1176,3699,4020,2637,455,0.7966480255126953,134,76,-7.301170032051259,72.40653600354995,"{""type"":""Point"",""coordinates"":[72.40649166367369,-7.301180238711396]}"
1178,1369,954,663,466,0.34366196393966675,397,270,-7.295403354310189,72.41680244508285,"{""type"":""Point"",""coordinates"":[72.41680081871021,-7.295375925817759]}"
1181,1114,762,532,336,0.38797813653945923,423,346,-7.293329269050451,72.4164249431313,"{""type"":""Point"",""coordinates"":[72.41642226726418,-7.293347856028949]}"
1182,2592,2640,1969,1040,0.43478259444236755,1007,744,-7.294761632190876,72.40612571195629,"{""type"":""Point"",""coordinates"":[72.40613983911588,-7.294743440917427]}"
1183,1822,1435,1212,986,0.18546055257320404,1021,770,-7.288138520911823,72.41023577472369,"{""type"":""Point"",""coordinates"":[72.41024404315047,-7.2880975079177]}"
1187,1647,1252,1118,964,0.1299638989169675,926,687,-7.297254860630249,72.37476124049901,"{""type"":""Point"",""coordinates"":[72.37471998343031,-7.297213683258183]}"
1191,1908,1491,1312,1096,0.15268650650978088,1136,843,-7.288932029493151,72.42471182534386,"{""type"":""Point"",""coordinates"":[72.42467167677333,-7.288951123174824]}"
1193,4148,3807,3883,3630,0.023799918591976166,3713,2689,-7.283909006553746,72.42024226452412,"{""type"":""Point"",""coordinates"":[72.42020522149426,-7.283928463955856]}"
1195,1509,1159,985,772,0.20041429996490479,513,337,-7.281065307546077,72.41416146253167,"{""type"":""Point"",""coordinates"":[72.41417812143136,-7.28102064233817]}"
1199,2225,1814,1502,1255,0.18214401602745056,1188,816,-7.283261331240739,72.3863231292583,"{""type"":""Point"",""coordinates"":[72.38633042266794,-7.283246373427306]}"
1200,1574,1227,1009,779,0.22333000600337982,827,602,-7.287949733744947,72.4113196036008,"{""type"":""Point"",""coordinates"":[72.41129605027994,-7.287922933563672]}"
1203,1748,1519,1336,1116,0.15294118225574493,1089,811,-7.280682524252243,72.44083694161766,"{""type"":""Point"",""coordinates"":[72.44088181037174,-7.2806802711034635]}"
1206,1913,1483,1234,1032,0.17932406067848206,1052,777,-7.291004804965069,72.41333239609307,"{""type"":""Point"",""coordinates"":[72.41330983404231,-7.291009327384797]}"
1208,1958,1647,1495,1302,0.11698880976602238,1272,1005,-7.310201020192225,72.37042658480969,"{""type"":""Point"",""coordinates"":[72.37044264439194,-7.310211030894331]}"
1209,2333,2081,1976,1768,0.08131982333073526,1683,1248,-7.302741526053722,72.37769663370781,"{""type"":""Point"",""coordinates"":[72.3776703046837,-7.302757927309344]}"
1212,2271,2083,1843,1665,0.11152614653110504,1530,1133,-7.311267515007897,72.39675419535038,"{""type"":""Point"",""coordinates"":[72.3967335384653,-7.311254175223432]}"
1217,2701,2759,2062,1112,0.4254714548587799,1076,800,-7.299564533228426,72.41583921152514,"{""type"":""Point"",""coordinates"":[72.41585802567612,-7.299530924144422]}"
1221,4650,4428,4506,4116,0.03651685267686844,3904,2586,-7.3027479862553015,72.42472654666042,"{""type"":""Point"",""coordinates"":[72.42475803504446,-7.302703621340505]}"
1222,1144,820,564,404,0.33986929059028625,444,320,-7.30290873650417,72.43919805280399,"{""type"":""Point"",""coordinates"":[72.43917504279801,-7.302892835481781]}"
1224,1699,1353,1167,969,0.16537468135356903,969,709,-7.283488727015672,72.40414126211536,"{""type"":""Point"",""coordinates"":[72.40411122768126,-7.2835191964118655]}"
1227,1582,1316,1190,952,0.16049382090568542,919,676,-7.310810156149609,72.38553560493874,"{""type"":""Point"",""coordinates"":[72.38549071162878,-7.3107895776135985]}"
1229,2553,2396,2232,2022,0.08465368945224083,1821,1247,-7.289563088252098,72.37687417152297,"{""type"":""Point"",""coordinates"":[72.37690572382667,-7.289520170890556]}"
1231,1827,1447,1271,1080,0.14523150026798248,1083,802,-7.294015012257309,72.43316120062626,"{""type"":""Point"",""coordinates"":[72.43317123114602,-7.293984628104056]}"
1236,2310,2117,1831,1739,0.09802904725074768,1539,1097,-7.308841726490931,72.39510785883438,"{""type"":""Point"",""coordinates"":[72.3951461239882,-7.308835359683534]}"
1241,2366,2067,1840,1642,0.1145861418172014,1503,1076,-7.290010533258416,72.37742017672417,"{""type"":""Point"",""coordinates"":[72.377375161886,-7.289985027830653]}"
1243,1692,1425,1294,1088,0.1341026661360923,1088,844,-7.297195653679594,72.37060039430536,"{""type"":""Point"",""coordinates"":[72.37062607828193,-7.297179159101979]}"
1247,1607,1310,1132,951,0.1587793081998825,974,729,-7.312283299841255,72.39377721137456,"{""type"":""Point"",""coordinates"":[72.39380626626165,-7.312287661028213]}"
1248,3457,3210,3082,3100,0.017432646592709985,2426,1453,-7.283966487946008,72.37656090130362,"{""type"":""Point"",""coordinates"":[72.37659240525043,-7.283934815634643]}"
1249,2916,2928,2413,1628,0.28533801436424255,976,494,-7.312856703896808,72.4015597664442,"{""type"":""Point"",""coordinates"":[72.40159821590532,-7.312827824276379]}"
1250,2824,2355,1422,1148,0.3445618152618408,1170,858,-7.309225901244623,72.42785091894568,"{""type"":""Point"",""coordinates"":[72.42787577825172,-7.309265123587205]}"
1256,1680,1364,1165,982,0.16283035278320312,1006,762,-7.278438504637778,72.4152268058228,"{""type"":""Point"",""coordinates"":[72.41524807718892,-7.278465864083443]}"
1257,1669,1311,1111,916,0.1773686558008194,1085,946,-7.287057054355857,72.42189402716406,"{""type"":""Point"",""coordinates"":[72.4218837351262,-7.287085700290827]}"
1260,1884,1402,1091,923,0.2060215026140213,955,710,-7.2898957857999696,72.40473230937009,"{""type"":""Point"",""coordinates"":[72.40476945184558,-7.289862631328601]}"
1262,1640,1273,1091,867,0.18971963226795197,897,661,-7.284027108951732,72.40459751838102,"{""type"":""Point"",""coordinates"":[72.40456799132346,-7.284046258984473]}"
1264,1929,1501,1301,1083,0.1617647111415863,1138,839,-7.305086152016176,72.4378581288481,"{""type"":""Point"",""coordinates"":[72.43785288217745,-7.305046874050418]}"
1270,1859,1448,1236,1060,0.15470494329929352,1091,808,-7.296997502045749,72.43282220502323,"{""type"":""Point"",""coordinates"":[72.43282404194169,-7.296972771827958]}"
1273,1632,1306,1145,893,0.18781264126300812,920,710,-7.291092272411856,72.42563262964637,"{""type"":""Point"",""coordinates"":[72.42564984538734,-7.291119928416989]}"
1274,2495,2201,2035,2047,0.036252354048964215,1760,1231,-7.292211541400503,72.37291457247373,"{""type"":""Point"",""coordinates"":[72.37293042512512,-7.292231483321979]}"
1277,2300,1990,1729,1461,0.15328890085220337,1376,941,-7.2825328380931245,72.38713161007418,"{""type"":""Point"",""coordinates"":[72.38711739904545,-7.282540649750472]}"
1279,2022,1579,1357,1229,0.12464387714862823,1126,808,-7.289661937981842,72.42372256574855,"{""type"":""Point"",""coordinates"":[72.4237083342146,-7.2896451680877306]}"
1286,1718,1450,1327,1082,0.14533965289592743,1086,803,-7.2782947371304125,72.43421705727918,"{""type"":""Point"",""coordinates"":[72.4342536342014,-7.2783093810813995]}"
1289,1404,1011,819,654,0.21441441774368286,712,496,-7.296091799229761,72.43317704540891,"{""type"":""Point"",""coordinates"":[72.43317643989408,-7.296102912582536]}"
1291,3534,3756,2775,1331,0.47670531272888184,1068,791,-7.289296481321475,72.38835818257424,"{""type"":""Point"",""coordinates"":[72.38834113435291,-7.289255614098864]}"
1294,3158,3043,2675,2409,0.11628760397434235,2014,1258,-7.286186131135861,72.38164221316536,"{""type"":""Point"",""coordinates"":[72.38161244899867,-7.286195869480579]}"
1296,1854,1523,1439,1188,0.12357063814090742,1187,871,-7.297008971342609,72.37141298837098,"{""type"":""Point"",""coordinates"":[72.37145390430939,-7.2970402012466185]}"
1297,2771,2593,2473,2350,0.0491604283452034,2074,1394,-7.291972778361667,72.38069080364505,"{""type"":""Point"",""coordinates"":[72.3806848245598,-7.2919383594915175]}"
1301,1744,1509,1360,1088,0.1621101200580597,1103,803,-7.278517856492351,72.42861182450945,"{""type"":""Point"",""coordinates"":[72.42857687232176,-7.278478448657286]}"
1302,1768,1437,1284,1110,0.12838633358478546,1086,817,-7.2802512910380335,72.42627369092946,"{""type"":""Point"",""coordinates"":[72.4262677905063,-7.280254848149676]}"
1303,1680,1453,1200,1047,0.1624,1061,771,-7.286344689565779,72.37250886913138,"{""type"":""Point"",""coordinates"":[72.37246833594757,-7.286357933001933]}"
1305,1896,1547,1362,1129,0.1562032848596573,1234,899,-7.2880831692006565,72.41756082741774,"{""type"":""Point"",""coordinates"":[72.41752466784479,-7.28811485767403]}"
1306,4622,5238,4382,1910,0.46558478474617004,1417,1028,-7.307293853454754,72.40875303812824,"{""type"":""Point"",""coordinates"":[72.40874174534162,-7.307260453947304]}"
1308,1917,1624,1508,1246,0.1317073106765747,1265,931,-7.279311873800548,72.40718457986746,"{""type"":""Point"",""coordinates"":[72.40720822210905,-7.279271160707045]}"
1312,1582,1293,1141,903,0.17759562841530055,935,696,-7.311483689515217,72.38002350810922,"{""type"":""Point"",""coordinates"":[72.3800375475768,-7.311517830246165]}"
1317,1671,1357,1167,946,0.17846287786960602,925,670,-7.278981997639195,72.40302199065289,"{""type"":""Point"",""coordinates"":[72.40303259952996,-7.2789779652986875]}"
1318,3289,3419,2271,1145,0.4982471466064453,1090,802,-7.295042077597654,72.40486167327919,"{""type"":""Point"",""coordinates"":[72.40482113822588,-7.295059334461638]}"
1319,1586,1297,1115,891,0.18555758893489838,893,663,-7.303252142927105,72.38186089934193,"{""type"":""Point"",""coordinates"":[72.38187902068361,-7.303281230384084]}"
1320,4194,4604,3192,1092,0.6165730357170105,967,719,-7.30006186147858,72.40978347943101,"{""type"":""Point"",""coordinates"":[72.4097720058526,-7.300081097855912]}"
1321,1355,1004,790,587,0.2620992958545685,624,443,-7.289563415217915,72.42480706394714,"{""type"":""Point"",""coordinates"":[72.42479265471628,-7.289602507948832]}"
1325,1514,1186,1018,865,0.15650902688503265,890,677,-7.297933258618891,72.38064513889435,"{""type"":""Point"",""coordinates"":[72.38066324242428,-7.297961595239121]}"
1326,2119,1726,1382,1071,0.23417948186397552,1074,802,-7.292521922053629,72.40375733177298,"{""type"":""Point"",""coordinates"":[72.40372715040431,-7.292556755375028]}"
1328,1859,1425,1178,963,0.19346733391284943,944,710,-7.289152946681507,72.40743985892753,"{""type"":""Point"",""coordinates"":[72.4074622163837,-7.289178225306977]}"
1330,1985,1720,1596,1436,0.08998732572877059,1350,1015,-7.291872620090651,72.36992742871945,"{""type"":""Point"",""coordinates"":[72.36991022611154,-7.291904100587049]}"
1332,3024,3142,2374,1114,0.47650375962257385,1080,820,-7.295502433963686,72.40368943268521,"{""type"":""Point"",""coordinates"":[72.40371508539398,-7.295530508960534]}"
1333,2108,1685,1449,1234,0.15450496971607208,1224,903,-7.306837599816901,72.43316866425344,"{""type"":""Point"",""coordinates"":[72.4331881529595,-7.306863936703872]}"
1335,1922,1483,1222,1001,0.19404186308383942,973,736,-7.286859707681244,72.40018742313315,"{""type"":""Point"",""coordinates"":[72.40018557086226,-7.2868686781698955]}"
1336,1746,1442,1270,1091,0.1385708600282669,1078,815,-7.289123264198969,72.4352039316742,"{""type"":""Point"",""coordinates"":[72.43519165559846,-7.289091922421831]}"
1337,1291,964,733,577,0.25113561749458313,445,301,-7.300397035160626,72.43700832217708,"{""type"":""Point"",""coordinates"":[72.43702887414725,-7.300385688095928]}"
1339,4952,4692,3919,2094,0.38284704089164734,836,542,-7.296997037726826,72.38506978862408,"{""type"":""Point"",""coordinates"":[72.38508635610073,-7.297016999585027]}"
1346,1538,1227,955,668,0.2949868142604828,806,628,-7.299253209353594,72.42117279259969,"{""type"":""Point"",""coordinates"":[72.42115555520658,-7.299284715544789]}"
1348,2528,2120,1334,1015,0.35247209668159485,1002,757,-7.298742959731067,72.41700868953325,"{""type"":""Point"",""coordinates"":[72.41699875234386,-7.298708713149147]}"
1349,1790,1447,1282,1137,0.11996904015541077,1091,826,-7.282741166356701,72.43135699998636,"{""type"":""Point"",""coordinates"":[72.43134510679945,-7.282782114856968]}"
1350,1726,1471,1045,854,0.26537632942199707,792,590,-7.305425360082808,72.39309228905486,"{""type"":""Point"",""coordinates"":[72.39309083747479,-7.305455345316353]}"
1351,2296,1910,1529,1243,0.21154455840587616,1193,870,-7.312067815834582,72.43411305746949,"{""type"":""Point"",""coordinates"":[72.43411755159723,-7.312090077390749]}"
1353,4104,4411,2823,1023,0.623481810092926,970,723,-7.300944314272311,72.41250339441898,"{""type"":""Point"",""coordinates"":[72.4125142368483,-7.300939153530369]}"
1356,1784,1393,1287,979,0.17453625798225403,1062,788,-7.297919024100025,72.43038740376666,"{""type"":""Point"",""coordinates"":[72.43039070270919,-7.29791369649865]}"
1357,2260,1894,1536,1419,0.14337459206581116,1238,841,-7.282886582221017,72.38812910014045,"{""type"":""Point"",""coordinates"":[72.38812065371229,-7.282888266735858]}"
1359,2405,2137,1828,1557,0.15701136978884678,1290,925,-7.285886435708254,72.37340985120309,"{""type"":""Point"",""coordinates"":[72.37338240613077,-7.285912586875375]}"
1361,2724,2352,1292,947,0.4258866310119629,926,691,-7.296430830242814,72.41228827014788,"{""type"":""Point"",""coordinates"":[72.41225306399457,-7.296410296446568]}"
1365,1727,1411,1194,972,0.1842215657234192,997,725,-7.2841865808721264,72.4074022967476,"{""type"":""Point"",""coordinates"":[72.40740176631344,-7.284229781219889]}"
1366,1732,1418,1353,1056,0.14632174372673035,1106,820,-7.282978398646757,72.43579012495626,"{""type"":""Point"",""coordinates"":[72.43579399906827,-7.283018766157548]}"
1367,1264,937,571,413,0.38814815878868103,313,210,-7.2993489918519785,72.42045000471553,"{""type"":""Point"",""coordinates"":[72.42048338368006,-7.299388960156199]}"
1368,1690,1468,1251,1105,0.14108045083560047,947,672,-7.300236809677881,72.37451228285319,"{""type"":""Point"",""coordinates"":[72.3745427945867,-7.30019951543525]}"
1369,4708,5329,4599,1842,0.48626410961151123,1294,954,-7.305853883144086,72.40810901871244,"{""type"":""Point"",""coordinates"":[72.40815449533468,-7.305890119579819]}"
1370,1819,1398,1172,1114,0.11305732280015945,987,721,-7.311105516083483,72.38228180046127,"{""type"":""Point"",""coordinates"":[72.38229955420871,-7.311134415011671]}"
1372,1777,1418,1200,938,0.2037351443123939,906,659,-7.293878559124526,72.37943892622035,"{""type"":""Point"",""coordinates"":[72.37948106074319,-7.293846459815525]}"
1373,1725,1403,1219,1021,0.15759076178073883,1029,789,-7.285860270856651,72.43680688610551,"{""type"":""Point"",""coordinates"":[72.43679442893435,-7.285835611050624]}"
1374,815,479,280,154,0.5134280920028687,73,52,-7.295980169077364,72.43597975971329,"{""type"":""Point"",""coordinates"":[72.43596719915276,-7.295963577599719]}"
1375,2175,1819,1410,1197,0.2062334269285202,1183,880,-7.305485929376517,72.4327965771155,"{""type"":""Point"",""coordinates"":[72.43282280064486,-7.305519955241034]}"
1377,1761,1424,1247,1055,0.14885033667087555,1096,820,-7.289691842652493,72.43168124726799,"{""type"":""Point"",""coordinates"":[72.43168211069597,-7.289717070943185]}"
1379,1937,1495,1232,988,0.2041884809732437,1039,767,-7.288027458591001,72.40101018952392,"{""type"":""Point"",""coordinates"":[72.40104511985965,-7.288049825173445]}"
1385,1909,1550,1370,1144,0.1507052779197693,1202,892,-7.290004606983203,72.42616697802926,"{""type"":""Point"",""coordinates"":[72.4261712055945,-7.290005865061271]}"
1388,2737,2550,2301,2268,0.05853050947189331,1998,1383,-7.311252504991643,72.39874385172644,"{""type"":""Point"",""coordinates"":[72.39875758582936,-7.311245302312463]}"
1389,1751,1401,1257,1062,0.13763703405857086,1071,791,-7.289051530630241,72.43276160520044,"{""type"":""Point"",""coordinates"":[72.43276312704695,-7.289065916690213]}"
1390,1868,1531,1321,1104,0.16204933822155,1142,846,-7.3040260539502695,72.43477509027991,"{""type"":""Point"",""coordinates"":[72.43478418066351,-7.304049570086401]}"
1391,793,474,274,148,0.5241157412528992,65,40,-7.295510099881999,72.43841797659097,"{""type"":""Point"",""coordinates"":[72.43842444800683,-7.295484976642179]}"
1394,2131,1678,1356,1156,0.18419195711612701,1115,823,-7.2840564069842655,72.38868053042339,"{""type"":""Point"",""coordinates"":[72.38869521251385,-7.284052570767394]}"
1400,2337,2049,1486,1266,0.23619909584522247,1226,885,-7.30345533191505,72.43856916397269,"{""type"":""Point"",""coordinates"":[72.4385454643181,-7.303485319073618]}"
1401,1877,1508,1314,1142,0.13811320066452026,1146,849,-7.287673369865028,72.42397876008084,"{""type"":""Point"",""coordinates"":[72.42395226095068,-7.287693969347791]}"
1406,2070,1607,1305,1100,0.1872922033071518,1060,770,-7.291837977334507,72.4106255470429,"{""type"":""Point"",""coordinates"":[72.41061418704552,-7.291801749739638]}"
1411,1507,1222,1148,850,0.17953667953667954,1015,762,-7.3026992797219075,72.37127475873807,"{""type"":""Point"",""coordinates"":[72.37130481187934,-7.302702146408928]}"
1413,1533,1231,1107,888,0.16186880604058518,903,671,-7.30031560537557,72.37605042075943,"{""type"":""Point"",""coordinates"":[72.37602236827117,-7.300322706252321]}"
1414,1656,1400,1254,1028,0.15321252059308071,1027,780,-7.3117783353057115,72.3768601179936,"{""type"":""Point"",""coordinates"":[72.37685407618882,-7.311779789737664]}"
1415,1826,1492,1299,1073,0.163352832198143,1131,966,-7.286968127822942,72.42171247774523,"{""type"":""Point"",""coordinates"":[72.42175693529828,-7.286985799290696]}"
1421,1812,1423,1266,1092,0.13161033391952515,1054,793,-7.290957350412616,72.43151001816317,"{""type"":""Point"",""coordinates"":[72.43149070423559,-7.29097166144454]}"
1423,902,574,343,237,0.41553637385368347,132,88,-7.28294856438437,72.41589402409447,"{""type"":""Point"",""coordinates"":[72.41585582365241,-7.282961003747343]}"
1429,2028,1909,1392,978,0.32248008251190186,1006,749,-7.297952881856949,72.41401817496167,"{""type"":""Point"",""coordinates"":[72.41401508213492,-7.297950560839184]}"
1431,2402,1909,1336,1027,0.3004087209701538,1026,762,-7.296506078978445,72.41427851386227,"{""type"":""Point"",""coordinates"":[72.41429187551718,-7.296533993291473]}"
1432,1962,1537,1308,1144,0.1465870887041092,1191,922,-7.289856921115144,72.42182486138788,"{""type"":""Point"",""coordinates"":[72.42184795032814,-7.289894948745079]}"
1434,783,467,271,143,0.5311475396156311,65,35,-7.294058497444518,72.4393112534159,"{""type"":""Point"",""coordinates"":[72.43931516715152,-7.294016933538314]}"
1435,898,560,343,209,0.4564369320869446,173,109,-7.282616057390407,72.41209315828193,"{""type"":""Point"",""coordinates"":[72.412126047845,-7.282621212270347]}"
1436,795,476,278,153,0.5135135054588318,69,45,-7.292446280975295,72.43758063973907,"{""type"":""Point"",""coordinates"":[72.43757488280144,-7.292435823841613]}"
1439,1636,1401,1249,1047,0.14460784196853638,1038,781,-7.310620038614923,72.38680040172305,"{""type"":""Point"",""coordinates"":[72.38681367024152,-7.31061349280467]}"
1441,1705,1351,1172,929,0.18508772552013397,966,721,-7.283856046885739,72.40333009443312,"{""type"":""Point"",""coordinates"":[72.40336779969732,-7.283885132533199]}"
1442,1821,1489,1290,1115,0.1436251848936081,1070,792,-7.280497570316412,72.41759373955773,"{""type"":""Point"",""coordinates"":[72.41755286398103,-7.2805066598675445]}"
1445,2898,2539,2334,2172,0.07790277898311615,2142,1615,-7.292693571334536,72.42881013153415,"{""type"":""Point"",""coordinates"":[72.42876735451603,-7.292706958354483]}"
1448,3796,3588,3504,3456,0.018739352002739906,2872,1779,-7.282491946548442,72.38052921636141,"{""type"":""Point"",""coordinates"":[72.38053539814426,-7.2825113536200545]}"
1454,1562,1220,1098,917,0.1417875587940216,937,738,-7.311070855572845,72.38689424712464,"{""type"":""Point"",""coordinates"":[72.3868592270996,-7.311062476918751]}"
1455,4096,4082,4382,3681,0.05165528878569603,3463,2371,-7.285010349395211,72.41789926567813,"{""type"":""Point"",""coordinates"":[72.41791740507234,-7.285047294385529]}"
1456,1829,1532,1190,1041,0.19082783162593842,979,740,-7.304983394715891,72.39182274564939,"{""type"":""Point"",""coordinates"":[72.39181018101459,-7.304969299161186]}"
1460,1677,1427,1256,1058,0.14849094567404428,1101,818,-7.296838502441589,72.37005505649937,"{""type"":""Point"",""coordinates"":[72.37006591328627,-7.296813697661046]}"
1461,1696,1331,1148,918,0.18363717198371887,944,701,-7.277971103062698,72.39333757014924,"{""type"":""Point"",""coordinates"":[72.39335084156153,-7.278008266504865]}"
1462,2925,2545,2399,2221,0.0679815337061882,2390,1743,-7.286001559742208,72.4181780957827,"{""type"":""Point"",""coordinates"":[72.41813870887034,-7.286037290414965]}"
1467,1605,1336,1062,834,0.23133639991283417,858,640,-7.296387316165341,72.38208060283266,"{""type"":""Point"",""coordinates"":[72.38208393591832,-7.296349641288777]}"
1468,2104,1671,1397,1141,0.18847794830799103,1177,868,-7.283693853795335,72.3888586831636,"{""type"":""Point"",""coordinates"":[72.38889628384895,-7.283682637755818]}"
1469,1228,873,525,364,0.4114793837070465,358,263,-7.301960037020133,72.42146470796125,"{""type"":""Point"",""coordinates"":[72.42145235682858,-7.302004191263687]}"
1472,1639,1347,1255,995,0.1502988898377455,1052,827,-7.297547397872754,72.37186924189618,"{""type"":""Point"",""coordinates"":[72.37190621315885,-7.297542634667502]}"
1476,1708,1336,1135,950,0.16885389387607574,936,693,-7.280066254104738,72.40293973519654,"{""type"":""Point"",""coordinates"":[72.402930128874,-7.280023422015952]}"
1478,1766,1397,1253,1038,0.14743326604366302,1077,800,-7.2808906210646755,72.43722116340915,"{""type"":""Point"",""coordinates"":[72.43720966409131,-7.2809181026373055]}"
1479,1782,1425,1247,1055,0.14919355511665344,1039,776,-7.280377043561154,72.40963442339941,"{""type"":""Point"",""coordinates"":[72.4096676284957,-7.280373167584499]}"
1481,2478,2308,2239,2104,0.04623753399818677,1933,1366,-7.291840203684748,72.37426842574259,"{""type"":""Point"",""coordinates"":[72.37431259093381,-7.291835015063265]}"
1484,2064,1905,1899,1622,0.08023816274454211,1673,1228,-7.294199509887632,72.3727485832019,"{""type"":""Point"",""coordinates"":[72.37277993192457,-7.294223257048701]}"
1485,2214,1797,1229,1043,0.2654929459095001,1058,796,-7.291250475910024,72.39271403925441,"{""type"":""Point"",""coordinates"":[72.39271176801417,-7.291242156578888]}"
1486,1923,1498,1248,1056,0.17306186258792877,1086,800,-7.2987694754482675,72.42541975621104,"{""type"":""Point"",""coordinates"":[72.42542619845285,-7.298809591788204]}"
1487,1989,1619,1445,1265,0.12274618446826935,1269,952,-7.277915015888595,72.43665588113048,"{""type"":""Point"",""coordinates"":[72.4366438465725,-7.277942062920327]}"
1489,1973,1551,1317,1130,0.15703095495700836,1133,834,-7.306725938515905,72.4359714444849,"{""type"":""Point"",""coordinates"":[72.43594682844027,-7.306759555422212]}"
1490,1154,780,456,297,0.4484679698944092,233,158,-7.298450828018969,72.41981009789133,"{""type"":""Point"",""coordinates"":[72.4198064806365,-7.298441066662187]}"
1491,1713,1396,1192,963,0.1835523545742035,971,722,-7.28162648863161,72.39960531299464,"{""type"":""Point"",""coordinates"":[72.39962004537547,-7.281623947858391]}"
1494,2602,2661,1568,626,0.6191055774688721,630,296,-7.290102390168661,72.38926865252058,"{""type"":""Point"",""coordinates"":[72.38923501339612,-7.290066145644523]}"
1496,1884,1445,1136,930,0.21684210002422333,932,689,-7.289781618185983,72.40789680982692,"{""type"":""Point"",""coordinates"":[72.40792079557187,-7.28978140675843]}"
1498,1714,1429,1283,1030,0.16226108372211456,1067,807,-7.279704708995386,72.41496508604314,"{""type"":""Point"",""coordinates"":[72.41499873736811,-7.27972224875631]}"
1500,1611,1262,1097,885,0.17559385188635304,929,705,-7.298715900965147,72.37260155210382,"{""type"":""Point"",""coordinates"":[72.37257786295028,-7.298684890615635]}"
1501,2179,1791,1529,1405,0.12077596783638,1311,932,-7.281338615328333,72.38983580415973,"{""type"":""Point"",""coordinates"":[72.38980927452384,-7.28134556429656]}"
1502,2278,2208,1608,1101,0.3345421552658081,1092,811,-7.294033791591573,72.40684372171113,"{""type"":""Point"",""coordinates"":[72.40683720544168,-7.294057243489785]}"
1506,3228,3275,2659,1889,0.26839659178931063,1516,998,-7.281146231858593,72.37934341052444,"{""type"":""Point"",""coordinates"":[72.379318133887,-7.281140518906761]}"
1507,1908,1497,1201,999,0.19951923191547394,994,730,-7.282500297984588,72.39147243970035,"{""type"":""Point"",""coordinates"":[72.39146221232492,-7.282508683760615]}"
1508,1649,1306,1124,906,0.18083181977272034,951,714,-7.284557995000067,72.40604853693132,"{""type"":""Point"",""coordinates"":[72.40600527961647,-7.284576600920395]}"
1509,2245,1804,1389,1159,0.2176847755908966,1174,871,-7.3049771961679255,72.42845158023623,"{""type"":""Point"",""coordinates"":[72.42848876804126,-7.304938128896186]}"
1510,1738,1469,1311,1139,0.12653374233128833,1071,790,-7.299627697325337,72.37143261654842,"{""type"":""Point"",""coordinates"":[72.37143488094276,-7.299602600688145]}"
1513,1690,1403,1256,1020,0.15806850790977478,1024,757,-7.27762651555979,72.4151302220795,"{""type"":""Point"",""coordinates"":[72.41516373209218,-7.277631532453473]}"
1514,1619,1250,998,823,0.20598167181015015,740,542,-7.278696886061467,72.39289084076532,"{""type"":""Point"",""coordinates"":[72.39289735550392,-7.278738419211385]}"
1518,2682,2518,2285,2142,0.08068669527896996,1789,1145,-7.288383098232773,72.37767929620172,"{""type"":""Point"",""coordinates"":[72.37771200583273,-7.28837862453055]}"
1519,1771,1445,1239,1081,0.1441013514995575,1077,804,-7.287690918861661,72.43356515996702,"{""type"":""Point"",""coordinates"":[72.43357016017345,-7.287716850426911]}"
1521,2045,1510,1111,955,0.2251521348953247,935,683,-7.295423884660188,72.41408942304611,"{""type"":""Point"",""coordinates"":[72.41407904576984,-7.2954224015671345]}"
1522,1440,1129,1028,783,0.18096233904361725,891,663,-7.303947391059647,72.38548388607205,"{""type"":""Point"",""coordinates"":[72.38547989347013,-7.303943926246561]}"
1523,1801,1430,1155,914,0.22013652324676514,927,686,-7.301939065041511,72.38836294251497,"{""type"":""Point"",""coordinates"":[72.38833276672202,-7.301915863751135]}"
1526,1735,1431,1175,949,0.20252101123332977,966,700,-7.305528590998203,72.39137464336015,"{""type"":""Point"",""coordinates"":[72.3913783201483,-7.305551298447433]}"
1528,1786,1437,1250,1085,0.13957177102565765,1051,785,-7.284697438212485,72.43535105375372,"{""type"":""Point"",""coordinates"":[72.43534813051357,-7.284714325716685]}"
1531,1646,1340,1182,968,0.16117851436138153,969,735,-7.311544107171687,72.38400356846525,"{""type"":""Point"",""coordinates"":[72.38403751996817,-7.311585951295333]}"
1532,1696,1363,1182,961,0.17297762632369995,974,724,-7.280041747471216,72.40619528783179,"{""type"":""Point"",""coordinates"":[72.40621676814943,-7.280055753225974]}"
1533,1685,1316,1180,976,0.1483420580625534,1018,752,-7.288505636433225,72.43330006192855,"{""type"":""Point"",""coordinates"":[72.43331301062663,-7.288542362615968]}"
1534,1787,1442,1282,1111,0.12965139052095573,1053,762,-7.304318608037569,72.37210090980815,"{""type"":""Point"",""coordinates"":[72.37210602910974,-7.3043368377296565]}"
1535,1840,1447,1219,985,0.1899671107530594,994,742,-7.279612761378538,72.39117940498625,"{""type"":""Point"",""coordinates"":[72.39120581563056,-7.279583783988338]}"
1543,2459,1956,1218,934,0.35363322496414185,979,716,-7.299639759545974,72.41782946268741,"{""type"":""Point"",""coordinates"":[72.41779297333818,-7.299611879451988]}"
1544,1728,1418,1266,1063,0.1430874647319629,1068,805,-7.303990818868005,72.37969579732052,"{""type"":""Point"",""coordinates"":[72.37971596432895,-7.304009240732681]}"
1546,1932,1710,1352,1460,0.07886435331230283,946,671,-7.283461807962878,72.37158288621723,"{""type"":""Point"",""coordinates"":[72.37156761547561,-7.283432969596852]}"
1551,842,510,297,168,0.5044247508049011,89,53,-7.282238484927103,72.41426078376976,"{""type"":""Point"",""coordinates"":[72.41428138733872,-7.282210095609538]}"
1553,4158,4443,2814,1020,0.6265788078308105,988,722,-7.301123539704239,72.4126856360473,"{""type"":""Point"",""coordinates"":[72.4126818309433,-7.301112332710833]}"
1554,1742,1451,1361,1109,0.13359375298023224,1086,801,-7.2834106218046415,72.43832559542732,"{""type"":""Point"",""coordinates"":[72.43830533422346,-7.283418982885427]}"
1557,1784,1399,1209,997,0.16777963936328888,1048,786,-7.289365788436013,72.41512873514995,"{""type"":""Point"",""coordinates"":[72.415171521669,-7.289342968921134]}"
1559,1587,1218,1027,942,0.12777778506278992,897,659,-7.310015805881343,72.3830875993697,"{""type"":""Point"",""coordinates"":[72.38312440194129,-7.310009073880514]}"
1560,2111,1795,1538,1352,0.14076898992061615,1306,936,-7.281786721493004,72.39029136756064,"{""type"":""Point"",""coordinates"":[72.39026352605286,-7.281808957474702]}"
1561,1891,1638,1499,1260,0.1304347813129425,1265,933,-7.2780791131943685,72.43882754043256,"{""type"":""Point"",""coordinates"":[72.43886586258137,-7.278036791491864]}"
1564,1347,1051,897,712,0.19228588044643402,743,551,-7.308057643445968,72.39130329027176,"{""type"":""Point"",""coordinates"":[72.39130416169729,-7.308099392258381]}"
1565,2752,3040,2414,1440,0.3571428656578064,1207,760,-7.3112245084344245,72.40245183649981,"{""type"":""Point"",""coordinates"":[72.40247749268879,-7.311217483157942]}"
1569,1717,1376,1242,1000,0.1582491546869278,740,505,-7.288577368428185,72.43574238411598,"{""type"":""Point"",""coordinates"":[72.43575009127665,-7.288553135756353]}"
1573,1919,1456,1167,955,0.2077975869178772,954,712,-7.286345801361223,72.39647554572265,"{""type"":""Point"",""coordinates"":[72.39651974093711,-7.286385131492366]}"
1574,1906,1569,1320,1239,0.11752136752136752,1060,730,-7.291644055179479,72.37634712538348,"{""type"":""Point"",""coordinates"":[72.37632027616436,-7.291644690198429]}"
1575,1097,760,550,393,0.3183000981807709,289,195,-7.282458107204733,72.42104518039044,"{""type"":""Point"",""coordinates"":[72.42100252415513,-7.282425306174824]}"
1576,1727,1398,1279,1086,0.12560386955738068,1080,813,-7.283419561644044,72.43715001139648,"{""type"":""Point"",""coordinates"":[72.43712899162641,-7.283430739890577]}"
1577,806,481,278,145,0.5367411971092224,74,46,-7.292544148114933,72.43658658351782,"{""type"":""Point"",""coordinates"":[72.4366269402785,-7.29257599166079]}"
1579,3010,2781,2807,2353,0.083365797996521,2409,1855,-7.292589782996176,72.4186802929222,"{""type"":""Point"",""coordinates"":[72.41868850157088,-7.292559859898141]}"
1581,1637,1285,1118,897,0.17781852185726166,862,622,-7.284422682643127,72.41201639782894,"{""type"":""Point"",""coordinates"":[72.41198991793135,-7.2843986717824665]}"
1583,1720,1351,1137,1058,0.12162723121627231,927,689,-7.300868913863781,72.37451702649675,"{""type"":""Point"",""coordinates"":[72.37451130231551,-7.30088042034159]}"
1584,994,653,436,304,0.36468130350112915,169,93,-7.298836520546602,72.4403425946068,"{""type"":""Point"",""coordinates"":[72.44037498760372,-7.298873656093257]}"
1585,2059,1670,1391,1123,0.1958467662334442,1157,843,-7.308213378522125,72.43037552801925,"{""type"":""Point"",""coordinates"":[72.43041549480466,-7.308206347507639]}"
1586,1728,1521,1568,1055,0.18090061843395233,1451,1091,-7.279092017939466,72.40040014130636,"{""type"":""Point"",""coordinates"":[72.40042066564948,-7.2790670634628984]}"
1588,2657,2458,2033,1126,0.3716517984867096,825,573,-7.312313549528687,72.40173653862956,"{""type"":""Point"",""coordinates"":[72.40172178747126,-7.312338887329949]}"
1589,1669,1326,1101,890,0.19675090909004211,861,633,-7.287154122091678,72.40905262660488,"{""type"":""Point"",""coordinates"":[72.40908820899321,-7.287128277068476]}"
1590,4147,4181,2453,1123,0.5765460133552551,1092,821,-7.30274888572672,72.41269797419135,"{""type"":""Point"",""coordinates"":[72.41272268451895,-7.302755603698238]}"
1592,1934,1656,1562,1296,0.12195122241973877,1348,1011,-7.277726868921436,72.43764921825655,"{""type"":""Point"",""coordinates"":[72.43768944409395,-7.277710842354328]}"
1593,2893,2693,2260,2043,0.13724662363529205,1744,1069,-7.285344318575857,72.38552482133233,"{""type"":""Point"",""coordinates"":[72.38552286562623,-7.2853103970701545]}"
1594,2469,2033,1536,1269,0.23137491941452026,1265,953,-7.307973457106608,72.42630386790313,"{""type"":""Point"",""coordinates"":[72.42627275009198,-7.307968683658942]}"
1596,858,534,319,204,0.4471544623374939,123,83,-7.288121079590951,72.43637195473843,"{""type"":""Point"",""coordinates"":[72.43635032750605,-7.288129662061883]}"
1597,1065,771,587,411,0.3045685291290283,549,410,-7.30993825760317,72.3933977096009,"{""type"":""Point"",""coordinates"":[72.39340351159423,-7.309916910864057]}"
1601,1659,1317,1223,969,0.15223097112860892,1009,763,-7.312720644745827,72.37162130761543,"{""type"":""Point"",""coordinates"":[72.37163078986413,-7.312755183642871]}"
1602,1766,1476,1323,1089,0.1508771926164627,1091,824,-7.280840297982424,72.42003810956327,"{""type"":""Point"",""coordinates"":[72.42006093149926,-7.280806548664376]}"
1603,2200,1769,1426,1191,0.19527027010917664,1108,794,-7.283702665484623,72.3876830374666,"{""type"":""Point"",""coordinates"":[72.38767493011841,-7.283708051538214]}"
1605,2476,2018,1848,1722,0.07914438843727112,1599,1157,-7.28664034006115,72.42921622333743,"{""type"":""Point"",""coordinates"":[72.42917484184791,-7.286676190088221]}"
1606,1884,1501,1293,1103,0.15284177660942078,1055,777,-7.298460108495616,72.43048196889558,"{""type"":""Point"",""coordinates"":[72.43048802289174,-7.298463296497891]}"
1608,1883,1493,1253,1062,0.1686888486146927,1120,829,-7.297683865989361,72.42568280508243,"{""type"":""Point"",""coordinates"":[72.42566090513569,-7.29765446529659]}"
1610,3577,3338,2070,986,0.5439407825469971,687,436,-7.304876271503041,72.41795971645297,"{""type"":""Point"",""coordinates"":[72.41793975181533,-7.304895682261101]}"
1611,1646,1302,1144,973,0.14461538461538462,928,704,-7.299682148436165,72.37622655258835,"{""type"":""Point"",""coordinates"":[72.37624725756434,-7.299664629456506]}"
1612,1581,1254,1152,923,0.15204409738171795,950,733,-7.297802074956125,72.37404179775373,"{""type"":""Point"",""coordinates"":[72.37400740883524,-7.297762026183024]}"
1613,2045,1581,1188,946,0.251286119222641,886,657,-7.297382346312803,72.41781230878844,"{""type"":""Point"",""coordinates"":[72.41781133017597,-7.297391358440061]}"
1614,2079,1771,1671,1474,0.09152542372881356,1473,1125,-7.308924625642476,72.37204503427402,"{""type"":""Point"",""coordinates"":[72.37203524098021,-7.308918873112727]}"
1617,1990,1707,1558,1407,0.09633911368015415,1305,947,-7.295655808832566,72.37122196215562,"{""type"":""Point"",""coordinates"":[72.3712422723222,-7.295695593790143]}"
1618,783,470,273,156,0.5015974640846252,70,43,-7.288366500325926,72.43971995016719,"{""type"":""Point"",""coordinates"":[72.43968046424999,-7.288345144262939]}"
1620,4122,4306,2708,1192,0.5663877725601196,1138,842,-7.312003713949357,72.43067580679336,"{""type"":""Point"",""coordinates"":[72.43070695550362,-7.312004341789767]}"
1621,2354,2087,1861,1658,0.11455273628234863,1449,940,-7.278466652176047,72.38746281976546,"{""type"":""Point"",""coordinates"":[72.38747495130778,-7.278422487028773]}"
1624,3134,3228,2872,1665,0.3194359242916107,924,543,-7.29860749808819,72.3870716446852,"{""type"":""Point"",""coordinates"":[72.38710028588612,-7.298587989803302]}"
1626,2233,1881,1704,1453,0.12837432324886322,1485,1128,-7.290901389313166,72.4269877376084,"{""type"":""Point"",""coordinates"":[72.42695717852021,-7.2908678311727515]}"
1628,1972,1501,1233,1052,0.17587152123451233,1021,753,-7.280701097219492,72.39055451991982,"{""type"":""Point"",""coordinates"":[72.39058552108091,-7.280704626232879]}"
1635,1361,975,625,420,0.3978494703769684,351,267,-7.299444087744928,72.41981765045938,"{""type"":""Point"",""coordinates"":[72.41977650896408,-7.2994696671782275]}"
1636,2709,2350,2172,2053,0.0674540102481842,1877,1331,-7.28017285757588,72.38874177707376,"{""type"":""Point"",""coordinates"":[72.38872924775842,-7.280214812231258]}"
1643,3491,3414,2101,1151,0.49572837352752686,1144,851,-7.2862432494361755,72.38607421632938,"{""type"":""Point"",""coordinates"":[72.38609638117302,-7.286275248133773]}"
1648,1874,1487,1338,1096,0.15137436985969543,1133,821,-7.30051763440396,72.43302995030749,"{""type"":""Point"",""coordinates"":[72.43304555419066,-7.300498414077942]}"
1649,1785,1453,1329,1090,0.14274479448795319,1135,851,-7.2814591841727045,72.4336985485703,"{""type"":""Point"",""coordinates"":[72.43372754302308,-7.281490048896208]}"
1652,4011,4173,2458,990,0.616502046585083,973,738,-7.301312344515335,72.4116017800378,"{""type"":""Point"",""coordinates"":[72.4115903753588,-7.301274363460624]}"
1654,1742,1416,1239,1001,0.17170044779777527,1038,782,-7.280569226293576,72.408098449885,"{""type"":""Point"",""coordinates"":[72.40812994827301,-7.28059341546515]}"
1656,1854,1461,1261,1033,0.17161187529563904,1062,799,-7.3043631055295695,72.43794303643962,"{""type"":""Point"",""coordinates"":[72.43792161891105,-7.304346911637686]}"
1660,1846,1503,1299,1063,0.17147311568260193,1107,858,-7.281105765222427,72.3967978100534,"{""type"":""Point"",""coordinates"":[72.39681393427709,-7.281111230274038]}"
1662,1330,987,761,594,0.24857684969902039,598,411,-7.284246866253699,72.41138200525681,"{""type"":""Point"",""coordinates"":[72.41134519156424,-7.284202223238741]}"
1664,825,496,298,184,0.4588235318660736,86,60,-7.298307853310481,72.4386202356881,"{""type"":""Point"",""coordinates"":[72.43858338267937,-7.298285853931377]}"
1667,893,562,356,214,0.4484536051750183,132,102,-7.285068412862304,72.41021253560093,"{""type"":""Point"",""coordinates"":[72.41017618646065,-7.285064223567464]}"
1670,2546,2292,2159,1769,0.12878601253032684,1795,1381,-7.2964601962072315,72.42033759896199,"{""type"":""Point"",""coordinates"":[72.42029391788142,-7.2964867431774385]}"
1671,1773,1395,1164,1025,0.1528925597667694,974,726,-7.28670468174633,72.40877791128943,"{""type"":""Point"",""coordinates"":[72.40877617912817,-7.2866678836566425]}"
1672,1957,1587,1373,1173,0.15000000596046448,1119,839,-7.298537335250957,72.43220088811852,"{""type"":""Point"",""coordinates"":[72.43216753705535,-7.298501232471535]}"
1673,3581,3342,3334,3041,0.04715650901198387,2992,2417,-7.295522257604172,72.42494283868639,"{""type"":""Point"",""coordinates"":[72.42491172523614,-7.295556595438229]}"
1674,1020,832,705,798,0.020858895033597946,1174,626,-7.309980179860142,72.4117580342503,"{""type"":""Point"",""coordinates"":[72.41179769126946,-7.309937448526362]}"
1677,1945,1534,1331,1096,0.16653992235660553,1096,807,-7.29787132289323,72.42477984409274,"{""type"":""Point"",""coordinates"":[72.42481248457803,-7.297900382668386]}"
1679,919,620,438,268,0.3963963985443115,335,240,-7.283036811235357,72.41616600298126,"{""type"":""Point"",""coordinates"":[72.4161494750536,-7.2830485709490995]}"
1682,792,472,276,158,0.49841269850730896,70,42,-7.28873112092854,72.43927055635393,"{""type"":""Point"",""coordinates"":[72.43929670847012,-7.288704982026614]}"
1685,797,474,278,153,0.5119616985321045,69,45,-7.292804705408702,72.43794512364965,"{""type"":""Point"",""coordinates"":[72.43798129014277,-7.292837524183686]}"
1686,1622,1273,1106,977,0.13155555725097656,941,689,-7.308266814940967,72.38750621126063,"{""type"":""Point"",""coordinates"":[72.38746524843987,-7.3082592866509035]}"
1687,1709,1378,1201,1019,0.14977054297924042,999,768,-7.282018757532273,72.40747634635765,"{""type"":""Point"",""coordinates"":[72.40746936165289,-7.282002056705591]}"
1688,1622,1285,1017,873,0.19091752171516418,661,480,-7.308129557153894,72.3937458193647,"{""type"":""Point"",""coordinates"":[72.39372719687798,-7.308140785442585]}"
1698,1785,1477,1267,1105,0.14407436549663544,1086,811,-7.286247571752941,72.4333732875737,"{""type"":""Point"",""coordinates"":[72.4334101364718,-7.286244541107409]}"
1700,1934,1518,1251,998,0.20667727291584015,1037,762,-7.287416464823166,72.39820196442413,"{""type"":""Point"",""coordinates"":[72.39819441425914,-7.287392882841372]}"
1702,1868,1578,1445,1206,0.1336206896551724,1191,899,-7.311635680706742,72.37179405244913,"{""type"":""Point"",""coordinates"":[72.3718356310441,-7.311612471696441]}"
1705,1604,1233,1049,915,0.14804469273743018,895,694,-7.296535837208969,72.37430363080166,"{""type"":""Point"",""coordinates"":[72.3742709458828,-7.296522188975457]}"
1708,2339,1937,1219,1058,0.29348915815353394,1042,745,-7.290259904796734,72.39234481417955,"{""type"":""Point"",""coordinates"":[72.39230689879084,-7.290218749774618]}"
1711,2934,2577,2421,2232,0.07174048572778702,1861,1396,-7.291493214162901,72.42039028936644,"{""type"":""Point"",""coordinates"":[72.42035814944629,-7.291535908331411]}"
1712,2695,2529,2234,1827,0.16115702688694,1554,1134,-7.302312986051885,72.42255267486696,"{""type"":""Point"",""coordinates"":[72.42257436715788,-7.302314589644408]}"
1715,2275,1853,1243,959,0.3179231882095337,965,714,-7.299909278595733,72.41801239099334,"{""type"":""Point"",""coordinates"":[72.41805608743337,-7.29990688204207]}"
1716,2654,2205,1911,1705,0.12787723541259766,1681,1312,-7.301199218157869,72.42652353817493,"{""type"":""Point"",""coordinates"":[72.42653414357004,-7.301178079425378]}"
1717,1571,1298,1150,984,0.13759860396385193,932,689,-7.3117612638644545,72.39115036954689,"{""type"":""Point"",""coordinates"":[72.39114377481437,-7.311805399579882]}"
1721,853,510,289,163,0.5156017541885376,83,53,-7.283153062019835,72.4127302827121,"{""type"":""Point"",""coordinates"":[72.41276314888856,-7.2831206199909495]}"
1724,1705,1394,1212,1056,0.13795918226242065,952,687,-7.304525160006671,72.38069470309286,"{""type"":""Point"",""coordinates"":[72.38073029368796,-7.304558001750859]}"
1726,1932,1460,1209,968,0.20263591408729553,985,734,-7.283934903872202,72.39283982011027,"{""type"":""Point"",""coordinates"":[72.39284624615154,-7.283924991275228]}"
1729,1784,1515,1330,1122,0.14903299510478973,1105,839,-7.287951492970463,72.43492368661235,"{""type"":""Point"",""coordinates"":[72.43495459917818,-7.28796730605861]}"
1730,1914,1572,1385,1252,0.11331444759206799,1140,853,-7.310367407121649,72.37232720606744,"{""type"":""Point"",""coordinates"":[72.37229764147172,-7.310410269327369]}"
1734,1613,1310,1055,934,0.16755793226381463,956,698,-7.299202880332149,72.37993113564168,"{""type"":""Point"",""coordinates"":[72.37997206930397,-7.299164876860402]}"
1737,956,636,434,286,0.3796095550060272,214,161,-7.285955005198829,72.4243274462139,"{""type"":""Point"",""coordinates"":[72.42436657666343,-7.285951988958818]}"
1738,843,516,305,178,0.4870316982269287,105,63,-7.283408929817547,72.41472183392406,"{""type"":""Point"",""coordinates"":[72.41475824085528,-7.28338388828745]}"
1739,2233,1752,1332,1083,0.2359788417816162,1077,797,-7.284791680504385,72.38696770596896,"{""type"":""Point"",""coordinates"":[72.38699736717322,-7.284807335987577]}"
1744,1599,1269,1166,939,0.14945651590824127,895,652,-7.303137411131394,72.38511601091281,"{""type"":""Point"",""coordinates"":[72.38511812235824,-7.303169023138465]}"
1752,1961,1513,1318,1131,0.14447806775569916,1132,841,-7.30051969935063,72.43275865000413,"{""type"":""Point"",""coordinates"":[72.43279722119182,-7.300563937037696]}"
1755,2408,2505,1973,1201,0.351861834526062,917,654,-7.29824222647797,72.38761154849962,"{""type"":""Point"",""coordinates"":[72.3876447696848,-7.298239567327884]}"
1756,1472,1064,802,618,0.26516053080558777,544,394,-7.2938621504401775,72.41760469250023,"{""type"":""Point"",""coordinates"":[72.41756215954605,-7.2938899253817935]}"
1758,5090,4946,5112,4833,0.011555373668670654,3905,2330,-7.2776540417609406,72.39948492945182,"{""type"":""Point"",""coordinates"":[72.3995047688241,-7.277692747605964]}"
1759,790,471,276,153,0.5096153616905212,66,39,-7.290258551830782,72.44027701740082,"{""type"":""Point"",""coordinates"":[72.4402882433512,-7.290237525815928]}"
1761,2139,1652,1271,1044,0.22551928460597992,936,697,-7.296837827149279,72.41816992911502,"{""type"":""Point"",""coordinates"":[72.41815645020768,-7.296819637786642]}"
1762,1615,1278,1083,889,0.17951084673404694,893,643,-7.27742184765125,72.39432825200177,"{""type"":""Point"",""coordinates"":[72.39432232556368,-7.277457724570782]}"
1763,2301,1992,1865,1586,0.11347121000289917,1614,1320,-7.294006431833683,72.42239903176629,"{""type"":""Point"",""coordinates"":[72.42241662999709,-7.293990064305055]}"
1766,1560,1191,945,759,0.2215384542942047,646,479,-7.308055521188154,72.4392374462514,"{""type"":""Point"",""coordinates"":[72.43923357533166,-7.308050731867904]}"
1769,1781,1419,1183,974,0.18595904111862183,947,710,-7.282376059272095,72.39599343577449,"{""type"":""Point"",""coordinates"":[72.39601134615154,-7.2823399047348945]}"
1770,1116,749,542,408,0.29472774267196655,334,210,-7.282729680337412,72.42095680525999,"{""type"":""Point"",""coordinates"":[72.4209719022017,-7.282739506208207]}"
1772,1948,1823,1282,949,0.3152958154678345,938,700,-7.298382458231457,72.4169155110222,"{""type"":""Point"",""coordinates"":[72.41689667926067,-7.298404049275048]}"
1773,1796,1460,1227,1037,0.1694032847881317,977,745,-7.284227449888868,72.40197632645224,"{""type"":""Point"",""coordinates"":[72.40200746240374,-7.28426526184049]}"
1774,2205,1833,1690,1579,0.07444314185228605,1461,1077,-7.305910845377279,72.37654466948933,"{""type"":""Point"",""coordinates"":[72.37655177972228,-7.305890634913343]}"
1775,1852,1521,1322,1128,0.14835786819458008,1097,819,-7.287981727432541,72.43094472651356,"{""type"":""Point"",""coordinates"":[72.43093639737118,-7.288015651079136]}"
1778,4341,4701,3387,1122,0.6146316528320312,1002,745,-7.299946257309407,72.41312890301701,"{""type"":""Point"",""coordinates"":[72.41316588223795,-7.299990314338245]}"
1779,1952,1593,1400,1262,0.1159369527145359,1222,936,-7.303753793805028,72.37517179408253,"{""type"":""Point"",""coordinates"":[72.37513403813337,-7.303730401356715]}"
1780,1969,1600,1286,1111,0.18037624657154083,1122,851,-7.282237539354274,72.39038519676126,"{""type"":""Point"",""coordinates"":[72.3903910070736,-7.282281712356376]}"
1781,1980,1525,1215,1192,0.12256164848804474,1041,692,-7.285069168732647,72.4220598025977,"{""type"":""Point"",""coordinates"":[72.42201845598255,-7.285079358765551]}"
1782,1870,1438,1259,1054,0.15409310162067413,1057,789,-7.299185221793751,72.43012574504377,"{""type"":""Point"",""coordinates"":[72.43016631630067,-7.299199116901645]}"
1784,1854,1554,1420,1168,0.14180749654769897,1250,939,-7.2861006256848695,72.4289408069262,"{""type"":""Point"",""coordinates"":[72.42890569366622,-7.286145473682663]}"
1785,1973,1653,1452,1462,0.06131621187800963,1133,797,-7.28878753771796,72.37189406466416,"{""type"":""Point"",""coordinates"":[72.37185765214235,-7.288808111608317]}"
1786,1492,1121,925,709,0.22513660788536072,613,438,-7.2884279315482905,72.41973394467725,"{""type"":""Point"",""coordinates"":[72.41972862788589,-7.288413759918155]}"
1787,2686,2382,2327,2056,0.07345651090145111,2150,1528,-7.2829266904645955,72.41878782844286,"{""type"":""Point"",""coordinates"":[72.41883017468322,-7.282950205537332]}"
1788,1982,1597,1359,1163,0.15724638104438782,1113,831,-7.30736007055524,72.43570497517719,"{""type"":""Point"",""coordinates"":[72.43574847241199,-7.3073381958357535]}"
1789,1923,1515,1253,1017,0.19668246805667877,1010,739,-7.292555305518349,72.39932602625373,"{""type"":""Point"",""coordinates"":[72.39933423176183,-7.292544781935989]}"
1791,1851,1495,1276,1056,0.1720893830060959,1055,796,-7.302205686111331,72.43666039401766,"{""type"":""Point"",""coordinates"":[72.43666522903418,-7.302163129174643]}"
1792,2040,1695,1490,1230,0.15897436439990997,1191,913,-7.297600435275547,72.42477778166061,"{""type"":""Point"",""coordinates"":[72.4247858935252,-7.297594748894869]}"
1793,1780,1406,1166,966,0.1854974776506424,896,660,-7.301136561123924,72.38700025014415,"{""type"":""Point"",""coordinates"":[72.38696146907614,-7.30115655217512]}"
1794,2318,1891,1701,1586,0.08771929889917374,1723,1339,-7.2943820107334165,72.4205026793405,"{""type"":""Point"",""coordinates"":[72.42048336630003,-7.294402147525924]}"
1797,1704,1425,1311,1042,0.15524929761886597,1090,812,-7.283880660122905,72.43588743796415,"{""type"":""Point"",""coordinates"":[72.4359021670436,-7.283848270874474]}"
1798,1225,852,527,364,0.4013157784938812,303,243,-7.298268864330097,72.41998959324815,"{""type"":""Point"",""coordinates"":[72.41996752407105,-7.29828413318529]}"
1799,2022,1558,1206,1005,0.21576277911663055,1001,757,-7.286640476754579,72.39331238925843,"{""type"":""Point"",""coordinates"":[72.39332714376164,-7.286615565819053]}"
1804,1779,1450,1340,1116,0.13016368448734283,1100,811,-7.278493856541577,72.43177684918491,"{""type"":""Point"",""coordinates"":[72.43181716235401,-7.27850128330662]}"
1805,1767,1383,1159,950,0.18559794127941132,927,680,-7.279694922798013,72.39226528192127,"{""type"":""Point"",""coordinates"":[72.39229526052753,-7.279717817950564]}"
1809,1662,1332,1146,997,0.1438385546207428,949,697,-7.298472348019791,72.38101096272217,"{""type"":""Point"",""coordinates"":[72.38100277219797,-7.298507017253336]}"
1813,3244,3144,2780,2409,0.13236089050769806,1986,1229,-7.284194795075637,72.38226034977458,"{""type"":""Point"",""coordinates"":[72.38230154651104,-7.284194257984957]}"
1816,2023,1552,1202,993,0.2196463644504547,1023,770,-7.294074218369763,72.41344610959898,"{""type"":""Point"",""coordinates"":[72.41341480424923,-7.294060127363359]}"
1817,4291,4362,2433,1012,0.6233717799186707,991,752,-7.3012986584016435,72.41341049063323,"{""type"":""Point"",""coordinates"":[72.413420291123,-7.301321851404295]}"
1821,1927,1612,1489,1202,0.14570006728172302,1298,1014,-7.287077400791362,72.43111871094861,"{""type"":""Point"",""coordinates"":[72.43109592307842,-7.287096129230973]}"
1822,1736,1398,1246,1045,0.14449447393417358,1041,756,-7.280475521125853,72.40854992611916,"{""type"":""Point"",""coordinates"":[72.40853805312369,-7.280462002121406]}"
1823,1947,1575,1516,1286,0.10101363159734358,1377,1067,-7.293116575973492,72.37265002562663,"{""type"":""Point"",""coordinates"":[72.37263114470717,-7.293110589211016]}"
1824,814,496,292,161,0.5098934769630432,83,55,-7.2867432645435875,72.43943624910341,"{""type"":""Point"",""coordinates"":[72.43945576165217,-7.286770580979731]}"
1825,1601,1277,1115,938,0.1530474040632054,904,684,-7.303615134301206,72.36956317217167,"{""type"":""Point"",""coordinates"":[72.3695458822691,-7.3036304485240455]}"
1830,1688,1364,1222,963,0.17232488095760345,1018,727,-7.280890857523619,72.4133462131785,"{""type"":""Point"",""coordinates"":[72.41335327562018,-7.280873739361348]}"
1832,3001,2652,1379,1021,0.44405117630958557,1007,760,-7.294372448648222,72.40983079553664,"{""type"":""Point"",""coordinates"":[72.40987408865236,-7.294393128286182]}"
1833,1617,1256,1050,937,0.14546283629730963,905,693,-7.309954016976081,72.37928842990397,"{""type"":""Point"",""coordinates"":[72.37933105897433,-7.309996139142542]}"
1835,1824,1418,1178,965,0.19009651243686676,935,693,-7.286486263460007,72.40181250273956,"{""type"":""Point"",""coordinates"":[72.40184989813604,-7.286477832785618]}"
1836,1928,1495,1237,1023,0.1874503642320633,1001,757,-7.285993441213335,72.39529718053912,"{""type"":""Point"",""coordinates"":[72.39531965366476,-7.285994526562424]}"
1837,1830,1490,1341,1187,0.11318640268957789,1176,860,-7.307938760681665,72.37104272939156,"{""type"":""Point"",""coordinates"":[72.37107846997226,-7.307976117231311]}"
1840,2362,2220,2074,1823,0.09819441009151621,1709,1221,-7.291628498449241,72.37842717404433,"{""type"":""Point"",""coordinates"":[72.37842456284106,-7.291630612479457]}"
1842,866,531,329,198,0.45679011940956116,130,86,-7.3018307197251815,72.43846629802658,"{""type"":""Point"",""coordinates"":[72.43848069742177,-7.30179647898001]}"
1845,1366,938,660,568,0.2456839382648468,527,353,-7.291207937449854,72.42228731738456,"{""type"":""Point"",""coordinates"":[72.42228815637964,-7.291190476223656]}"
1850,3171,3275,2368,1175,0.47191011905670166,1151,844,-7.295953241292967,72.40378328326578,"{""type"":""Point"",""coordinates"":[72.40375274529109,-7.295960874220853]}"
1851,1555,1264,1124,877,0.18075665831565857,894,656,-7.300628698516129,72.3824742684338,"{""type"":""Point"",""coordinates"":[72.3824361518571,-7.300606327161878]}"
1852,1776,1408,1269,1078,0.13274335861206055,1074,813,-7.28812933247779,72.43528678673285,"{""type"":""Point"",""coordinates"":[72.43528138779847,-7.288124771122325]}"
1854,3969,4257,2849,1006,0.6177085041999817,961,706,-7.299579594701073,72.4138496424062,"{""type"":""Point"",""coordinates"":[72.41385999511415,-7.299551256180627]}"
1855,2554,2076,1745,1596,0.13071896135807037,1378,1014,-7.3012888267298,72.42661466052789,"{""type"":""Point"",""coordinates"":[72.42660364394122,-7.301319916147267]}"
1856,2676,2278,2133,1908,0.08838987350463867,1898,1542,-7.296241879074762,72.42531007062182,"{""type"":""Point"",""coordinates"":[72.4252696070685,-7.2962150414921165]}"
1858,944,626,422,267,0.40201568603515625,188,125,-7.285238770171352,72.41157038921965,"{""type"":""Point"",""coordinates"":[72.41158236292644,-7.285270235851528]}"
1859,1168,817,599,409,0.3327895700931549,340,232,-7.289529283079596,72.41739092495311,"{""type"":""Point"",""coordinates"":[72.4174153666343,-7.289568127748235]}"
1860,1932,1611,1453,1309,0.10342465753424658,1204,868,-7.295119406420966,72.37049439737872,"{""type"":""Point"",""coordinates"":[72.37049174914897,-7.295157423524032]}"
1861,3877,3624,3671,3328,0.042577676475048065,3329,2337,-7.287107000744355,72.41529248402723,"{""type"":""Point"",""coordinates"":[72.41533200228301,-7.287084195706067]}"
1867,2249,1779,1373,1135,0.22100205719470978,1152,846,-7.305962190032958,72.42954437750954,"{""type"":""Point"",""coordinates"":[72.42953426252322,-7.305985859744023]}"
1868,1632,1310,1163,966,0.15114235877990723,861,655,-7.311456525498608,72.38364112676271,"{""type"":""Point"",""coordinates"":[72.38363526627062,-7.311490900174257]}"
1869,1666,1275,1084,843,0.20396600663661957,880,665,-7.2982720865928865,72.38363230051014,"{""type"":""Point"",""coordinates"":[72.38366458129492,-7.2982879028517464]}"
1872,4013,3361,2891,2095,0.23203812539577484,623,391,-7.297715363495878,72.3856178486988,"{""type"":""Point"",""coordinates"":[72.38562474158628,-7.297736598378207]}"
1883,974,651,439,310,0.35483869910240173,237,171,-7.285686172865964,72.42405409359876,"{""type"":""Point"",""coordinates"":[72.42402898465156,-7.285714375488366]}"
1884,1727,1356,1188,984,0.15897436439990997,975,741,-7.2805061737510455,72.40448048967349,"{""type"":""Point"",""coordinates"":[72.40451337638781,-7.2804737837020115]}"
1885,2208,1929,1853,1631,0.08370786516853933,1647,1230,-7.307354296149013,72.37673640801971,"{""type"":""Point"",""coordinates"":[72.37676750709,-7.307354589368813]}"
1886,1864,1462,1247,1045,0.16633427143096924,1028,765,-7.2889033632256695,72.41657223511203,"{""type"":""Point"",""coordinates"":[72.41656929476757,-7.288877151015784]}"
1887,4372,4095,4129,3769,0.041454728692770004,3819,2804,-7.296616101316019,72.42359458485518,"{""type"":""Point"",""coordinates"":[72.42363516188806,-7.296580455635932]}"
1891,1603,1234,1069,930,0.14048059284687042,884,640,-7.311710431761144,72.38590417436454,"{""type"":""Point"",""coordinates"":[72.38586765024883,-7.311672778187155]}"
1894,2558,2396,2209,2053,0.07709597662396044,1790,1262,-7.288128418691795,72.37550679435341,"{""type"":""Point"",""coordinates"":[72.3754625984536,-7.288088676468363]}"
1898,1258,925,730,568,0.2391158789396286,433,289,-7.283088812540472,72.42123083964513,"{""type"":""Point"",""coordinates"":[72.42126628031647,-7.283111240017072]}"
1899,4258,4665,3304,1139,0.6075120568275452,985,743,-7.300306076465296,72.41331251501444,"{""type"":""Point"",""coordinates"":[72.41330057678184,-7.300271239402512]}"
1901,2796,2495,2487,2133,0.07821953296661377,2038,1571,-7.28745437217769,72.42904154713332,"{""type"":""Point"",""coordinates"":[72.42902245545484,-7.287460450504093]}"
1905,1775,1466,1304,1119,0.13423597812652588,1062,793,-7.27973621917608,72.422742802024,"{""type"":""Point"",""coordinates"":[72.42273238376427,-7.27971394229058]}"
1908,4080,4354,2617,958,0.6393072009086609,901,675,-7.298708085682587,72.40968277476935,"{""type"":""Point"",""coordinates"":[72.40972120264676,-7.298664218266622]}"
1910,1143,815,653,469,0.2694703936576843,428,305,-7.308333304949804,72.39067226270834,"{""type"":""Point"",""coordinates"":[72.39068109814596,-7.308364314936505]}"
1911,2217,1814,1435,1164,0.2182672917842865,1196,901,-7.30426239662213,72.42745128805748,"{""type"":""Point"",""coordinates"":[72.42743458429551,-7.304228090980721]}"
1912,4346,4742,3099,1287,0.5730635523796082,1175,898,-7.3120147347905196,72.42922883039573,"{""type"":""Point"",""coordinates"":[72.42920209623036,-7.311970234657794]}"
1915,3266,3143,2757,2781,0.06110735989196489,2047,1214,-7.282961698083259,72.37809085796455,"{""type"":""Point"",""coordinates"":[72.37806372597605,-7.282923853840072]}"
1916,4771,5303,4311,1779,0.4975995421409607,1269,922,-7.306462701751913,72.41118866578041,"{""type"":""Point"",""coordinates"":[72.41121581647312,-7.306446815513]}"
1918,2064,1662,1455,1332,0.11022043973207474,1213,875,-7.287622606194563,72.43067068231608,"{""type"":""Point"",""coordinates"":[72.43070162398364,-7.287644437023421]}"
1919,1738,1417,1238,1035,0.15579119324684143,1065,799,-7.28204450918998,72.43985255941313,"{""type"":""Point"",""coordinates"":[72.43985973850211,-7.28208707552801]}"
1932,1901,1503,1344,1116,0.1477663218975067,1107,839,-7.289906078202111,72.42725147374105,"{""type"":""Point"",""coordinates"":[72.42727547546657,-7.289924293451902]}"
1933,3218,3173,1929,1225,0.44292861223220825,1178,852,-7.296534683383539,72.38651338500215,"{""type"":""Point"",""coordinates"":[72.38654206786832,-7.296542031429727]}"
1935,2638,2345,1332,1057,0.3786008358001709,1262,931,-7.295454649750511,72.41001987529724,"{""type"":""Point"",""coordinates"":[72.40999848896386,-7.295412400106692]}"
1938,1533,1160,935,817,0.17349518835544586,939,636,-7.286705455316584,72.42062523894515,"{""type"":""Point"",""coordinates"":[72.42061016956664,-7.286677403968054]}"
1941,1764,1401,1271,1110,0.11589008363201912,1062,773,-7.296909885196687,72.37258801167734,"{""type"":""Point"",""coordinates"":[72.37261439646682,-7.296866246094645]}"
1944,2503,2134,1971,1819,0.07968631386756897,1424,974,-7.278643665150775,72.41197266169681,"{""type"":""Point"",""coordinates"":[72.41195179499212,-7.278678625903554]}"
1947,2149,1895,1744,1658,0.06670419363917816,1576,1115,-7.294637495616786,72.37456072390749,"{""type"":""Point"",""coordinates"":[72.37454534280849,-7.294604489975614]}"
1948,1855,1503,1426,1160,0.12880210289147578,1197,925,-7.307995208006869,72.37556543557433,"{""type"":""Point"",""coordinates"":[72.3755311031792,-7.30803974249076]}"
1951,4378,4156,4117,3887,0.03344523161649704,3742,2476,-7.306458361639938,72.42366953426914,"{""type"":""Point"",""coordinates"":[72.42371167456022,-7.306480647649738]}"
1954,2527,2338,2112,2015,0.07420169997702734,1769,1200,-7.292253156111343,72.37942672318489,"{""type"":""Point"",""coordinates"":[72.37946747884067,-7.2922237174550615]}"
1956,1906,1505,1299,1032,0.18644067645072937,1052,758,-7.2814214563017625,72.39083125307243,"{""type"":""Point"",""coordinates"":[72.39084557804206,-7.281385980459921]}"
1958,839,499,295,167,0.49849849939346313,88,59,-7.282250091275736,72.41272344636783,"{""type"":""Point"",""coordinates"":[72.4127608576917,-7.282292942600888]}"
1959,1965,1553,1418,1181,0.13606438040733337,1195,970,-7.291391956185157,72.42183652695296,"{""type"":""Point"",""coordinates"":[72.42187221220597,-7.291406074808632]}"
1960,1600,1352,1160,996,0.151618398637138,951,731,-7.308775366638431,72.37991267801922,"{""type"":""Point"",""coordinates"":[72.37988885093728,-7.308756044053043]}"
1962,1625,1360,1240,1023,0.14141838252544403,930,677,-7.310274475844321,72.38471756081309,"{""type"":""Point"",""coordinates"":[72.38468171639721,-7.310313146478694]}"
1968,1828,1545,1400,1224,0.11592632719393282,1173,874,-7.295661887748972,72.37040801726434,"{""type"":""Point"",""coordinates"":[72.37041512312682,-7.2956647644556725]}"
1970,2061,1569,1217,1014,0.21486642956733704,1028,757,-7.286194414200574,72.39258551400727,"{""type"":""Point"",""coordinates"":[72.39255145386029,-7.286164248868191]}"
1973,3184,3062,2710,2435,0.11406221240758896,1895,1159,-7.285554031211526,72.38163746918053,"{""type"":""Point"",""coordinates"":[72.38166161470113,-7.285569857929443]}"
1975,1501,1199,1049,845,0.17318982387475537,930,701,-7.2962473482982055,72.37665298722676,"{""type"":""Point"",""coordinates"":[72.37668001641924,-7.296240632164039]}"
1979,2672,2389,2250,1915,0.11013010889291763,2303,1797,-7.299243605687395,72.4224388718803,"{""type"":""Point"",""coordinates"":[72.42245286811473,-7.2992172342475845]}"
1981,1899,1505,1298,1123,0.14535768330097198,1096,814,-7.2952970222624565,72.43081960051126,"{""type"":""Point"",""coordinates"":[72.43085786211594,-7.295313877314238]}"
1982,2330,2434,1926,1170,0.35072141885757446,922,665,-7.295821785949067,72.3852418305758,"{""type"":""Point"",""coordinates"":[72.38528505282395,-7.295793560853582]}"
1985,2478,2462,2067,1543,0.22946317493915558,1401,1016,-7.293045541899059,72.38214593027253,"{""type"":""Point"",""coordinates"":[72.38214369156523,-7.293018182252503]}"
1986,2743,2855,2162,1034,0.4682437777519226,1081,808,-7.295438720050769,72.40016177101367,"{""type"":""Point"",""coordinates"":[72.40016824842978,-7.295459776415349]}"
1987,1606,1209,979,786,0.2120300680398941,829,617,-7.285029239331713,72.40342939251839,"{""type"":""Point"",""coordinates"":[72.403467249815,-7.28501572340258]}"
1990,1839,1604,1497,1283,0.11118808451679944,1232,907,-7.294174497095497,72.37609477766142,"{""type"":""Point"",""coordinates"":[72.37607569059135,-7.294178215679109]}"
1992,801,488,287,162,0.5015384554862976,75,53,-7.286826674759415,72.44034123867287,"{""type"":""Point"",""coordinates"":[72.44032243379151,-7.286814352069742]}"
1996,2251,1932,1327,1009,0.3138388395309448,1037,765,-7.297949460151504,72.41447034841822,"{""type"":""Point"",""coordinates"":[72.41451474106417,-7.297992952868773]}"
